timestamp,plant_id,plant_type,power_output_mw,capacity_mw,irradiance_wm2,wind_speed_ms,temperature_c,cloud_cover_pct,grid_demand_mw,co2_saved_kg
2025-06-01 00:00:00,SOLAR_MUNICH_01,solar,0.016,5.0,0.0,3.96,25.0,54.8,2.565,13.1
2025-06-01 01:00:00,SOLAR_MUNICH_01,solar,0.0,5.0,0.0,6.82,23.6,23.6,2.275,0.0
2025-06-01 02:00:00,SOLAR_MUNICH_01,solar,0.0,5.0,0.0,5.78,18.0,55.7,1.792,0.0
2025-06-01 03:00:00,SOLAR_MUNICH_01,solar,0.0,5.0,0.0,16.69,18.2,14.8,2.274,0.0
2025-06-01 04:00:00,SOLAR_MUNICH_01,solar,0.0,5.0,0.0,6.38,14.8,74.1,2.154,0.0
2025-06-01 05:00:00,SOLAR_MUNICH_01,solar,0.078,5.0,6.6,15.4,10.4,13.6,2.219,64.2
2025-06-01 06:00:00,SOLAR_MUNICH_01,solar,0.596,5.0,113.5,6.59,12.5,19.2,2.262,488.5
2025-06-01 07:00:00,SOLAR_MUNICH_01,solar,0.965,5.0,175.9,7.33,13.5,42.9,2.379,791.2
2025-06-01 08:00:00,SOLAR_MUNICH_01,solar,2.051,5.0,384.6,4.86,9.6,34.7,2.964,1682.2
2025-06-01 09:00:00,SOLAR_MUNICH_01,solar,3.071,5.0,586.9,3.43,15.4,1.3,3.173,2518.2
2025-06-01 10:00:00,SOLAR_MUNICH_01,solar,1.755,5.0,328.4,6.68,13.8,69.7,3.326,1439.4
2025-06-01 11:00:00,SOLAR_MUNICH_01,solar,3.216,5.0,628.7,6.95,15.4,28.2,3.785,2637.2
2025-06-01 12:00:00,SOLAR_MUNICH_01,solar,3.0,5.0,586.6,4.86,16.5,42.1,4.424,2459.6
2025-06-01 13:00:00,SOLAR_MUNICH_01,solar,2.684,5.0,535.9,8.63,18.3,44.3,3.978,2200.9
2025-06-01 14:00:00,SOLAR_MUNICH_01,solar,3.333,5.0,678.0,18.48,24.9,31.0,4.232,2733.2
2025-06-01 15:00:00,SOLAR_MUNICH_01,solar,1.332,5.0,253.5,4.46,20.3,81.3,3.99,1091.9
2025-06-01 16:00:00,SOLAR_MUNICH_01,solar,3.491,5.0,695.6,10.67,23.0,11.4,3.623,2862.4
2025-06-01 17:00:00,SOLAR_MUNICH_01,solar,1.2,5.0,242.1,8.95,25.0,72.5,3.774,984.2
2025-06-01 18:00:00,SOLAR_MUNICH_01,solar,1.934,5.0,378.6,13.81,28.5,33.6,3.573,1586.0
2025-06-01 19:00:00,SOLAR_MUNICH_01,solar,0.68,5.0,147.8,10.93,26.3,60.7,3.528,557.3
2025-06-01 20:00:00,SOLAR_MUNICH_01,solar,0.773,5.0,158.9,6.44,28.8,29.4,2.979,634.1
2025-06-01 21:00:00,SOLAR_MUNICH_01,solar,0.0,5.0,1.3,6.59,30.6,11.8,2.644,0.0
2025-06-01 22:00:00,SOLAR_MUNICH_01,solar,0.052,5.0,0.0,6.72,28.4,48.0,2.362,42.9
2025-06-01 23:00:00,SOLAR_MUNICH_01,solar,0.088,5.0,0.0,9.82,26.1,11.9,2.271,72.3
2025-06-02 00:00:00,SOLAR_MUNICH_01,solar,0.045,5.0,0.0,7.34,21.7,37.1,2.28,37.1
2025-06-02 01:00:00,SOLAR_MUNICH_01,solar,0.0,5.0,0.0,7.14,23.1,46.6,2.27,0.0
2025-06-02 02:00:00,SOLAR_MUNICH_01,solar,0.0,5.0,0.0,3.56,19.9,21.3,2.032,0.0
2025-06-02 03:00:00,SOLAR_MUNICH_01,solar,0.002,5.0,0.0,4.39,17.3,61.5,2.145,1.9
2025-06-02 04:00:00,SOLAR_MUNICH_01,solar,0.009,5.0,0.0,6.5,18.7,84.7,2.229,7.6
2025-06-02 05:00:00,SOLAR_MUNICH_01,solar,0.046,5.0,0.0,10.96,17.7,36.8,2.765,37.6
2025-06-02 06:00:00,SOLAR_MUNICH_01,solar,0.96,5.0,179.6,11.53,16.4,6.4,2.894,787.0
2025-06-02 07:00:00,SOLAR_MUNICH_01,solar,1.489,5.0,284.0,9.82,10.4,16.4,3.207,1220.9
2025-06-02 08:00:00,SOLAR_MUNICH_01,solar,1.837,5.0,362.2,10.11,16.7,33.6,2.931,1506.4
2025-06-02 09:00:00,SOLAR_MUNICH_01,solar,2.984,5.0,585.1,7.59,14.8,11.3,4.076,2446.5
2025-06-02 10:00:00,SOLAR_MUNICH_01,solar,3.019,5.0,575.3,13.59,12.1,31.7,4.266,2475.4
2025-06-02 11:00:00,SOLAR_MUNICH_01,solar,3.657,5.0,695.2,15.07,12.9,18.7,4.226,2998.6
2025-06-02 12:00:00,SOLAR_MUNICH_01,solar,3.542,5.0,692.1,14.02,16.5,27.2,5.113,2904.3
2025-06-02 13:00:00,SOLAR_MUNICH_01,solar,4.258,5.0,832.9,11.45,20.1,11.4,4.449,3491.4
2025-06-02 14:00:00,SOLAR_MUNICH_01,solar,2.516,5.0,499.9,4.37,20.0,57.6,4.761,2062.9
2025-06-02 15:00:00,SOLAR_MUNICH_01,solar,3.109,5.0,621.2,18.53,21.1,28.3,5.067,2549.1
2025-06-02 16:00:00,SOLAR_MUNICH_01,solar,1.73,5.0,333.0,3.93,24.6,66.6,4.77,1418.9
2025-06-02 17:00:00,SOLAR_MUNICH_01,solar,1.897,5.0,379.1,2.88,25.4,51.1,4.644,1555.3
2025-06-02 18:00:00,SOLAR_MUNICH_01,solar,2.413,5.0,473.6,8.23,27.1,9.3,4.645,1978.7
2025-06-02 19:00:00,SOLAR_MUNICH_01,solar,1.033,5.0,230.7,9.49,32.1,25.5,3.919,847.2
2025-06-02 20:00:00,SOLAR_MUNICH_01,solar,0.822,5.0,165.8,15.14,26.2,36.9,3.415,674.4
2025-06-02 21:00:00,SOLAR_MUNICH_01,solar,0.036,5.0,8.4,7.86,24.3,56.6,3.173,29.9
2025-06-02 22:00:00,SOLAR_MUNICH_01,solar,0.0,5.0,0.0,16.04,26.9,44.1,3.113,0.0
2025-06-02 23:00:00,SOLAR_MUNICH_01,solar,0.006,5.0,0.0,8.86,23.4,6.4,3.117,4.7
2025-06-03 00:00:00,SOLAR_MUNICH_01,solar,0.0,5.0,0.0,11.49,28.1,79.4,2.171,0.0
2025-06-03 01:00:00,SOLAR_MUNICH_01,solar,0.01,5.0,0.0,14.25,23.4,83.0,1.69,8.2
2025-06-03 02:00:00,SOLAR_MUNICH_01,solar,0.04,5.0,0.0,8.27,23.3,14.4,1.68,32.7
2025-06-03 03:00:00,SOLAR_MUNICH_01,solar,0.0,5.0,0.0,4.96,17.8,11.0,2.487,0.0
2025-06-03 04:00:00,SOLAR_MUNICH_01,solar,0.0,5.0,0.0,5.44,15.9,61.7,2.429,0.0
2025-06-03 05:00:00,SOLAR_MUNICH_01,solar,0.14,5.0,15.4,3.6,12.3,47.7,2.618,115.1
2025-06-03 06:00:00,SOLAR_MUNICH_01,solar,0.971,5.0,190.2,7.44,12.6,38.7,3.393,795.9
2025-06-03 07:00:00,SOLAR_MUNICH_01,solar,1.248,5.0,263.7,4.69,11.8,44.1,2.963,1023.1
2025-06-03 08:00:00,SOLAR_MUNICH_01,solar,1.872,5.0,351.3,9.59,9.2,43.3,3.523,1535.4
2025-06-03 09:00:00,SOLAR_MUNICH_01,solar,1.944,5.0,385.1,6.62,10.6,55.3,3.391,1593.7
2025-06-03 10:00:00,SOLAR_MUNICH_01,solar,2.447,5.0,467.4,5.49,14.2,33.0,4.028,2006.4
2025-06-03 11:00:00,SOLAR_MUNICH_01,solar,3.992,5.0,754.0,15.02,12.5,20.0,4.15,3273.3
2025-06-03 12:00:00,SOLAR_MUNICH_01,solar,2.207,5.0,423.4,4.79,17.1,56.2,4.519,1809.7
2025-06-03 13:00:00,SOLAR_MUNICH_01,solar,3.575,5.0,687.8,4.05,15.5,25.9,4.818,2931.3
2025-06-03 14:00:00,SOLAR_MUNICH_01,solar,4.294,5.0,852.5,12.66,22.9,4.8,4.726,3521.0
2025-06-03 15:00:00,SOLAR_MUNICH_01,solar,2.237,5.0,446.3,5.8,21.8,54.2,4.746,1834.7
2025-06-03 16:00:00,SOLAR_MUNICH_01,solar,1.686,5.0,362.9,8.08,28.2,58.5,4.545,1382.5
2025-06-03 17:00:00,SOLAR_MUNICH_01,solar,1.776,5.0,356.6,14.31,29.0,47.8,3.905,1456.1
2025-06-03 18:00:00,SOLAR_MUNICH_01,solar,1.364,5.0,272.1,13.98,29.2,51.2,4.349,1118.2
2025-06-03 19:00:00,SOLAR_MUNICH_01,solar,1.21,5.0,247.2,7.18,26.0,47.3,4.038,992.2
2025-06-03 20:00:00,SOLAR_MUNICH_01,solar,0.432,5.0,91.8,6.31,26.2,35.5,2.966,354.1
2025-06-03 21:00:00,SOLAR_MUNICH_01,solar,0.002,5.0,0.0,8.72,30.7,50.8,3.222,1.9
2025-06-03 22:00:00,SOLAR_MUNICH_01,solar,0.0,5.0,0.0,9.41,28.4,43.7,3.466,0.0
2025-06-03 23:00:00,SOLAR_MUNICH_01,solar,0.026,5.0,0.0,3.9,23.7,13.9,2.348,21.5
2025-06-04 00:00:00,SOLAR_MUNICH_01,solar,0.0,5.0,0.0,11.25,20.7,51.6,2.383,0.0
2025-06-04 01:00:00,SOLAR_MUNICH_01,solar,0.0,5.0,0.0,9.46,21.6,24.1,2.26,0.0
2025-06-04 02:00:00,SOLAR_MUNICH_01,solar,0.0,5.0,0.0,5.88,17.8,73.5,2.347,0.0
2025-06-04 03:00:00,SOLAR_MUNICH_01,solar,0.0,5.0,0.0,7.72,17.9,15.8,2.238,0.0
2025-06-04 04:00:00,SOLAR_MUNICH_01,solar,0.024,5.0,0.0,3.28,15.3,21.3,2.229,19.9
2025-06-04 05:00:00,SOLAR_MUNICH_01,solar,0.0,5.0,0.0,10.23,15.8,17.3,2.583,0.0
2025-06-04 06:00:00,SOLAR_MUNICH_01,solar,0.465,5.0,106.4,6.71,14.5,26.6,3.429,381.5
2025-06-04 07:00:00,SOLAR_MUNICH_01,solar,1.005,5.0,181.1,9.91,11.2,38.6,2.538,824.2
2025-06-04 08:00:00,SOLAR_MUNICH_01,solar,2.153,5.0,394.1,7.95,12.4,25.2,3.702,1765.3
2025-06-04 09:00:00,SOLAR_MUNICH_01,solar,1.655,5.0,334.8,3.09,12.6,57.4,3.976,1357.0
2025-06-04 10:00:00,SOLAR_MUNICH_01,solar,3.212,5.0,625.5,5.51,15.1,27.3,4.342,2634.0
2025-06-04 11:00:00,SOLAR_MUNICH_01,solar,2.671,5.0,530.5,6.24,13.1,44.3,4.109,2190.1
2025-06-04 12:00:00,SOLAR_MUNICH_01,solar,3.372,5.0,647.1,11.19,14.0,30.8,4.083,2765.3
2025-06-04 13:00:00,SOLAR_MUNICH_01,solar,3.076,5.0,592.1,11.13,23.0,42.0,4.645,2522.6
2025-06-04 14:00:00,SOLAR_MUNICH_01,solar,2.851,5.0,577.2,7.35,21.4,45.3,4.632,2337.8
2025-06-04 15:00:00,SOLAR_MUNICH_01,solar,3.135,5.0,638.1,6.29,22.8,32.5,4.642,2570.5
2025-06-04 16:00:00,SOLAR_MUNICH_01,solar,2.803,5.0,555.9,10.75,24.9,31.5,4.475,2298.4
2025-06-04 17:00:00,SOLAR_MUNICH_01,solar,1.708,5.0,356.3,3.55,25.6,57.8,4.499,1400.7
2025-06-04 18:00:00,SOLAR_MUNICH_01,solar,1.784,5.0,366.0,9.04,27.4,33.1,4.413,1463.0
2025-06-04 19:00:00,SOLAR_MUNICH_01,solar,1.154,5.0,220.7,21.89,28.3,43.6,3.606,946.2
2025-06-04 20:00:00,SOLAR_MUNICH_01,solar,0.141,5.0,31.9,6.18,32.6,62.2,3.259,115.4
2025-06-04 21:00:00,SOLAR_MUNICH_01,solar,0.0,5.0,0.0,5.97,25.7,59.2,2.942,0.0
2025-06-04 22:00:00,SOLAR_MUNICH_01,solar,0.081,5.0,0.0,6.1,26.8,34.8,2.713,66.5
2025-06-04 23:00:00,SOLAR_MUNICH_01,solar,0.0,5.0,0.0,13.74,24.5,16.0,2.299,0.0
2025-06-05 00:00:00,SOLAR_MUNICH_01,solar,0.0,5.0,0.0,9.58,22.3,58.4,2.277,0.0
2025-06-05 01:00:00,SOLAR_MUNICH_01,solar,0.0,5.0,0.0,4.41,21.3,38.8,1.964,0.0
2025-06-05 02:00:00,SOLAR_MUNICH_01,solar,0.0,5.0,0.0,13.04,19.9,56.8,3.058,0.0
2025-06-05 03:00:00,SOLAR_MUNICH_01,solar,0.012,5.0,0.0,6.46,16.9,18.9,2.433,9.8
2025-06-05 04:00:00,SOLAR_MUNICH_01,solar,0.077,5.0,0.0,5.32,17.6,34.0,2.411,62.8
2025-06-05 05:00:00,SOLAR_MUNICH_01,solar,0.0,5.0,0.0,12.69,14.6,70.9,2.709,0.1
2025-06-05 06:00:00,SOLAR_MUNICH_01,solar,0.854,5.0,168.9,11.84,13.2,10.0,2.871,700.6
2025-06-05 07:00:00,SOLAR_MUNICH_01,solar,1.046,5.0,205.7,10.63,12.8,46.4,3.229,857.5
2025-06-05 08:00:00,SOLAR_MUNICH_01,solar,0.877,5.0,173.3,17.24,10.6,81.1,3.97,719.5
2025-06-05 09:00:00,SOLAR_MUNICH_01,solar,1.454,5.0,289.8,12.07,12.1,52.9,4.023,1192.1
2025-06-05 10:00:00,SOLAR_MUNICH_01,solar,2.13,5.0,428.8,10.07,15.3,50.8,3.892,1746.6
2025-06-05 11:00:00,SOLAR_MUNICH_01,solar,2.507,5.0,485.2,8.4,16.1,56.2,4.486,2056.1
2025-06-05 12:00:00,SOLAR_MUNICH_01,solar,2.854,5.0,563.9,8.48,16.9,46.2,5.08,2340.2
2025-06-05 13:00:00,SOLAR_MUNICH_01,solar,3.425,5.0,672.2,8.23,16.4,27.8,3.932,2808.1
2025-06-05 14:00:00,SOLAR_MUNICH_01,solar,3.299,5.0,654.1,18.62,22.0,30.9,4.352,2705.6
2025-06-05 15:00:00,SOLAR_MUNICH_01,solar,1.621,5.0,332.4,7.26,23.1,63.2,4.575,1329.4
2025-06-05 16:00:00,SOLAR_MUNICH_01,solar,2.892,5.0,579.5,15.27,26.0,31.5,4.345,2371.5
2025-06-05 17:00:00,SOLAR_MUNICH_01,solar,2.198,5.0,428.3,14.01,26.4,36.2,4.408,1802.4
2025-06-05 18:00:00,SOLAR_MUNICH_01,solar,0.81,5.0,158.1,5.98,27.7,78.6,3.928,664.5
2025-06-05 19:00:00,SOLAR_MUNICH_01,solar,1.177,5.0,244.3,10.54,33.7,36.1,3.31,964.9
2025-06-05 20:00:00,SOLAR_MUNICH_01,solar,0.132,5.0,24.6,3.62,29.9,73.2,3.814,108.5
2025-06-05 21:00:00,SOLAR_MUNICH_01,solar,0.205,5.0,26.5,9.58,27.5,68.4,3.603,168.4
2025-06-05 22:00:00,SOLAR_MUNICH_01,solar,0.0,5.0,0.0,5.57,27.7,33.2,2.405,0.0
2025-06-05 23:00:00,SOLAR_MUNICH_01,solar,0.0,5.0,0.0,9.58,25.6,23.5,2.316,0.0
2025-06-06 00:00:00,SOLAR_MUNICH_01,solar,0.017,5.0,0.0,8.22,25.6,20.9,1.832,14.2
2025-06-06 01:00:00,SOLAR_MUNICH_01,solar,0.0,5.0,0.0,10.86,22.6,20.6,2.236,0.0
2025-06-06 02:00:00,SOLAR_MUNICH_01,solar,0.022,5.0,0.0,13.39,21.7,53.2,2.202,17.6
2025-06-06 03:00:00,SOLAR_MUNICH_01,solar,0.037,5.0,0.0,4.89,16.8,50.5,2.317,30.0
2025-06-06 04:00:00,SOLAR_MUNICH_01,solar,0.017,5.0,0.0,8.81,14.8,27.3,2.199,14.2
2025-06-06 05:00:00,SOLAR_MUNICH_01,solar,0.096,5.0,0.0,4.51,15.1,15.8,2.816,78.5
2025-06-06 06:00:00,SOLAR_MUNICH_01,solar,1.01,5.0,182.5,9.36,11.2,17.9,2.573,828.0
2025-06-06 07:00:00,SOLAR_MUNICH_01,solar,1.465,5.0,281.6,3.78,15.5,21.2,3.292,1201.0
2025-06-06 08:00:00,SOLAR_MUNICH_01,solar,1.775,5.0,337.8,10.4,14.9,43.2,3.887,1455.7
2025-06-06 09:00:00,SOLAR_MUNICH_01,solar,1.912,5.0,375.8,7.4,11.7,58.2,3.345,1567.5
2025-06-06 10:00:00,SOLAR_MUNICH_01,solar,3.193,5.0,593.7,10.4,12.5,21.5,4.118,2618.2
2025-06-06 11:00:00,SOLAR_MUNICH_01,solar,3.465,5.0,652.1,7.71,16.6,30.3,4.553,2840.9
2025-06-06 12:00:00,SOLAR_MUNICH_01,solar,3.302,5.0,648.0,15.21,17.2,28.8,4.278,2707.8
2025-06-06 13:00:00,SOLAR_MUNICH_01,solar,2.025,5.0,385.2,9.77,16.0,64.7,4.619,1660.6
2025-06-06 14:00:00,SOLAR_MUNICH_01,solar,3.663,5.0,716.8,4.69,19.7,16.1,5.119,3003.8
2025-06-06 15:00:00,SOLAR_MUNICH_01,solar,3.261,5.0,645.9,9.67,21.9,27.0,4.809,2674.1
2025-06-06 16:00:00,SOLAR_MUNICH_01,solar,1.756,5.0,338.6,6.16,21.4,62.2,5.085,1440.0
2025-06-06 17:00:00,SOLAR_MUNICH_01,solar,1.824,5.0,359.7,5.43,24.0,55.8,4.716,1496.0
2025-06-06 18:00:00,SOLAR_MUNICH_01,solar,2.21,5.0,432.3,8.63,30.2,10.5,4.393,1812.1
2025-06-06 19:00:00,SOLAR_MUNICH_01,solar,0.817,5.0,176.1,4.3,29.9,52.5,3.635,669.9
2025-06-06 20:00:00,SOLAR_MUNICH_01,solar,0.787,5.0,150.2,9.05,27.6,24.1,3.148,645.1
2025-06-06 21:00:00,SOLAR_MUNICH_01,solar,0.087,5.0,16.7,3.99,25.3,27.3,2.892,71.7
2025-06-06 22:00:00,SOLAR_MUNICH_01,solar,0.055,5.0,0.0,7.23,28.2,21.0,3.083,44.7
2025-06-06 23:00:00,SOLAR_MUNICH_01,solar,0.007,5.0,0.0,9.91,24.6,7.7,2.493,5.8
2025-06-07 00:00:00,SOLAR_MUNICH_01,solar,0.0,5.0,0.0,6.81,24.7,39.2,1.692,0.0
2025-06-07 01:00:00,SOLAR_MUNICH_01,solar,0.0,5.0,0.0,8.81,22.2,69.0,2.065,0.0
2025-06-07 02:00:00,SOLAR_MUNICH_01,solar,0.046,5.0,0.0,12.43,20.0,25.8,1.868,37.7
2025-06-07 03:00:00,SOLAR_MUNICH_01,solar,0.0,5.0,0.0,10.72,19.1,51.8,2.005,0.0
2025-06-07 04:00:00,SOLAR_MUNICH_01,solar,0.07,5.0,0.0,8.54,16.3,31.7,2.259,57.0
2025-06-07 05:00:00,SOLAR_MUNICH_01,solar,0.003,5.0,0.0,5.05,9.3,49.4,2.413,2.3
2025-06-07 06:00:00,SOLAR_MUNICH_01,solar,0.662,5.0,111.8,5.95,9.5,40.6,2.831,542.5
2025-06-07 07:00:00,SOLAR_MUNICH_01,solar,1.184,5.0,233.2,6.18,10.9,35.2,2.62,971.3
2025-06-07 08:00:00,SOLAR_MUNICH_01,solar,2.21,5.0,450.1,9.91,12.0,20.6,3.255,1812.3
2025-06-07 09:00:00,SOLAR_MUNICH_01,solar,0.965,5.0,191.4,11.2,12.0,73.7,2.462,791.7
2025-06-07 10:00:00,SOLAR_MUNICH_01,solar,2.343,5.0,454.9,6.2,14.8,47.9,3.659,1921.5
2025-06-07 11:00:00,SOLAR_MUNICH_01,solar,1.669,5.0,321.5,7.01,10.4,69.6,4.21,1368.7
2025-06-07 12:00:00,SOLAR_MUNICH_01,solar,3.959,5.0,758.2,6.34,14.3,16.6,4.081,3246.5
2025-06-07 13:00:00,SOLAR_MUNICH_01,solar,3.181,5.0,607.2,5.23,18.5,39.4,3.851,2608.5
2025-06-07 14:00:00,SOLAR_MUNICH_01,solar,3.446,5.0,684.0,10.32,20.4,25.2,4.351,2825.3
2025-06-07 15:00:00,SOLAR_MUNICH_01,solar,1.831,5.0,373.9,5.84,23.5,67.3,4.097,1501.8
2025-06-07 16:00:00,SOLAR_MUNICH_01,solar,3.298,5.0,660.2,9.48,28.3,17.7,3.749,2704.1
2025-06-07 17:00:00,SOLAR_MUNICH_01,solar,1.689,5.0,340.0,15.54,24.0,53.2,3.788,1384.7
2025-06-07 18:00:00,SOLAR_MUNICH_01,solar,1.268,5.0,264.6,14.68,28.6,62.5,3.632,1039.9
2025-06-07 19:00:00,SOLAR_MUNICH_01,solar,1.193,5.0,242.5,18.35,29.2,34.5,3.08,978.2
2025-06-07 20:00:00,SOLAR_MUNICH_01,solar,0.166,5.0,32.8,9.56,29.2,58.6,3.201,136.0
2025-06-07 21:00:00,SOLAR_MUNICH_01,solar,0.077,5.0,24.9,2.77,28.5,50.2,2.648,62.8
2025-06-07 22:00:00,SOLAR_MUNICH_01,solar,0.0,5.0,0.0,9.83,25.2,21.5,2.132,0.0
2025-06-07 23:00:00,SOLAR_MUNICH_01,solar,0.0,5.0,0.0,6.83,25.4,64.4,2.772,0.0
2025-06-08 00:00:00,SOLAR_MUNICH_01,solar,0.058,5.0,0.0,10.73,23.2,30.5,1.92,47.8
2025-06-08 01:00:00,SOLAR_MUNICH_01,solar,0.0,5.0,0.0,9.26,21.0,72.6,2.297,0.0
2025-06-08 02:00:00,SOLAR_MUNICH_01,solar,0.056,5.0,0.0,3.97,21.2,60.8,1.76,45.8
2025-06-08 03:00:00,SOLAR_MUNICH_01,solar,0.0,5.0,0.0,4.44,18.1,68.5,2.444,0.0
2025-06-08 04:00:00,SOLAR_MUNICH_01,solar,0.057,5.0,0.0,4.84,17.3,8.7,2.0,47.0
2025-06-08 05:00:00,SOLAR_MUNICH_01,solar,0.0,5.0,0.0,3.25,18.1,82.6,2.485,0.0
2025-06-08 06:00:00,SOLAR_MUNICH_01,solar,0.687,5.0,134.8,5.63,13.7,23.9,2.882,563.6
2025-06-08 07:00:00,SOLAR_MUNICH_01,solar,1.127,5.0,213.2,9.77,12.2,53.8,2.539,923.9
2025-06-08 08:00:00,SOLAR_MUNICH_01,solar,1.897,5.0,367.9,6.51,11.8,30.1,3.445,1555.7
2025-06-08 09:00:00,SOLAR_MUNICH_01,solar,2.49,5.0,477.3,7.23,12.2,23.6,3.265,2042.0
2025-06-08 10:00:00,SOLAR_MUNICH_01,solar,2.488,5.0,475.3,8.32,9.9,46.5,3.589,2039.8
2025-06-08 11:00:00,SOLAR_MUNICH_01,solar,4.172,5.0,808.0,13.22,12.9,14.9,3.742,3421.0
2025-06-08 12:00:00,SOLAR_MUNICH_01,solar,2.167,5.0,424.3,13.02,14.3,62.1,4.461,1776.7
2025-06-08 13:00:00,SOLAR_MUNICH_01,solar,2.595,5.0,516.3,3.85,19.2,51.4,4.141,2128.1
2025-06-08 14:00:00,SOLAR_MUNICH_01,solar,2.867,5.0,566.8,13.64,19.0,43.3,4.148,2350.6
2025-06-08 15:00:00,SOLAR_MUNICH_01,solar,2.382,5.0,461.8,12.51,23.8,53.3,3.79,1953.5
2025-06-08 16:00:00,SOLAR_MUNICH_01,solar,3.646,5.0,719.9,12.12,24.2,11.1,3.801,2989.9
2025-06-08 17:00:00,SOLAR_MUNICH_01,solar,2.661,5.0,540.3,6.56,26.6,15.7,3.542,2182.2
2025-06-08 18:00:00,SOLAR_MUNICH_01,solar,1.345,5.0,263.8,12.21,25.0,58.2,3.487,1102.7
2025-06-08 19:00:00,SOLAR_MUNICH_01,solar,0.82,5.0,146.3,9.25,25.6,66.3,3.306,672.4
2025-06-08 20:00:00,SOLAR_MUNICH_01,solar,0.692,5.0,143.0,10.9,28.4,28.5,2.388,567.7
2025-06-08 21:00:00,SOLAR_MUNICH_01,solar,0.121,5.0,29.8,10.93,23.5,34.1,2.588,99.5
2025-06-08 22:00:00,SOLAR_MUNICH_01,solar,0.062,5.0,0.0,8.39,30.2,59.4,2.194,51.0
2025-06-08 23:00:00,SOLAR_MUNICH_01,solar,0.0,5.0,0.0,5.51,26.3,9.9,2.411,0.0
2025-06-09 00:00:00,SOLAR_MUNICH_01,solar,0.006,5.0,0.0,3.47,25.7,44.0,2.615,5.2
2025-06-09 01:00:00,SOLAR_MUNICH_01,solar,0.014,5.0,0.0,6.39,22.4,37.9,2.536,11.2
2025-06-09 02:00:00,SOLAR_MUNICH_01,solar,0.055,5.0,0.0,17.52,19.7,19.4,2.139,45.1
2025-06-09 03:00:00,SOLAR_MUNICH_01,solar,0.01,5.0,0.0,6.7,17.7,41.6,2.436,8.0
2025-06-09 04:00:00,SOLAR_MUNICH_01,solar,0.0,5.0,0.0,10.82,14.1,47.3,2.394,0.0
2025-06-09 05:00:00,SOLAR_MUNICH_01,solar,0.12,5.0,31.5,6.75,13.6,42.7,2.937,98.1
2025-06-09 06:00:00,SOLAR_MUNICH_01,solar,0.497,5.0,96.5,9.48,16.5,39.0,2.622,407.2
2025-06-09 07:00:00,SOLAR_MUNICH_01,solar,0.758,5.0,152.9,8.83,12.7,47.8,3.343,621.9
2025-06-09 08:00:00,SOLAR_MUNICH_01,solar,1.928,5.0,366.4,9.57,14.7,24.8,3.426,1580.6
2025-06-09 09:00:00,SOLAR_MUNICH_01,solar,2.59,5.0,503.7,4.17,10.6,34.6,3.415,2123.9
2025-06-09 10:00:00,SOLAR_MUNICH_01,solar,3.466,5.0,671.4,8.82,12.6,16.0,3.874,2842.4
2025-06-09 11:00:00,SOLAR_MUNICH_01,solar,1.607,5.0,315.4,9.84,15.3,77.4,4.11,1317.6
2025-06-09 12:00:00,SOLAR_MUNICH_01,solar,1.761,5.0,340.3,7.82,16.0,67.6,4.692,1443.8
2025-06-09 13:00:00,SOLAR_MUNICH_01,solar,3.334,5.0,640.6,3.98,19.8,35.2,4.928,2733.6
2025-06-09 14:00:00,SOLAR_MUNICH_01,solar,4.139,5.0,813.7,4.17,18.3,5.4,4.505,3393.7
2025-06-09 15:00:00,SOLAR_MUNICH_01,solar,2.157,5.0,421.4,14.51,24.5,59.3,4.745,1769.1
2025-06-09 16:00:00,SOLAR_MUNICH_01,solar,2.906,5.0,585.2,8.53,24.1,25.2,4.567,2383.2
2025-06-09 17:00:00,SOLAR_MUNICH_01,solar,2.202,5.0,448.0,8.0,21.7,37.9,4.624,1805.8
2025-06-09 18:00:00,SOLAR_MUNICH_01,solar,1.375,5.0,268.2,8.01,26.4,57.5,3.575,1127.4
2025-06-09 19:00:00,SOLAR_MUNICH_01,solar,0.632,5.0,131.9,5.14,30.9,69.8,4.044,518.5
2025-06-09 20:00:00,SOLAR_MUNICH_01,solar,0.566,5.0,104.6,6.88,28.1,44.2,3.985,464.4
2025-06-09 21:00:00,SOLAR_MUNICH_01,solar,0.0,5.0,0.0,16.59,31.5,36.7,3.157,0.0
2025-06-09 22:00:00,SOLAR_MUNICH_01,solar,0.08,5.0,0.0,14.14,24.7,35.4,2.872,65.5
2025-06-09 23:00:00,SOLAR_MUNICH_01,solar,0.0,5.0,0.0,6.67,26.1,31.0,2.786,0.0
2025-06-10 00:00:00,SOLAR_MUNICH_01,solar,0.112,5.0,0.0,12.71,25.1,2.6,2.142,91.5
2025-06-10 01:00:00,SOLAR_MUNICH_01,solar,0.0,5.0,0.0,7.23,20.3,25.6,2.413,0.0
2025-06-10 02:00:00,SOLAR_MUNICH_01,solar,0.098,5.0,0.0,5.79,19.6,58.3,2.291,80.3
2025-06-10 03:00:00,SOLAR_MUNICH_01,solar,0.088,5.0,0.0,4.99,16.8,39.0,2.422,72.5
2025-06-10 04:00:00,SOLAR_MUNICH_01,solar,0.0,5.0,0.0,8.31,15.3,55.3,2.578,0.0
2025-06-10 05:00:00,SOLAR_MUNICH_01,solar,0.136,5.0,0.0,8.77,10.8,50.2,2.571,111.4
2025-06-10 06:00:00,SOLAR_MUNICH_01,solar,0.914,5.0,165.1,5.78,13.0,37.7,2.839,749.2
2025-06-10 07:00:00,SOLAR_MUNICH_01,solar,0.504,5.0,110.7,5.04,13.5,71.3,2.921,413.1
2025-06-10 08:00:00,SOLAR_MUNICH_01,solar,2.099,5.0,398.3,12.72,10.6,19.8,3.709,1721.3
2025-06-10 09:00:00,SOLAR_MUNICH_01,solar,2.063,5.0,407.3,8.54,14.6,42.3,3.753,1691.5
2025-06-10 10:00:00,SOLAR_MUNICH_01,solar,2.228,5.0,426.9,16.09,12.0,42.4,4.537,1827.2
2025-06-10 11:00:00,SOLAR_MUNICH_01,solar,2.908,5.0,572.7,6.73,14.3,34.0,4.302,2384.4
2025-06-10 12:00:00,SOLAR_MUNICH_01,solar,3.568,5.0,695.0,10.09,17.4,25.8,4.283,2925.9
2025-06-10 13:00:00,SOLAR_MUNICH_01,solar,3.583,5.0,708.0,9.92,18.6,26.4,4.912,2938.2
2025-06-10 14:00:00,SOLAR_MUNICH_01,solar,3.395,5.0,688.7,11.78,21.1,26.3,4.801,2783.9
2025-06-10 15:00:00,SOLAR_MUNICH_01,solar,3.36,5.0,671.0,4.04,20.2,26.7,4.577,2755.6
2025-06-10 16:00:00,SOLAR_MUNICH_01,solar,2.04,5.0,406.2,13.93,22.4,59.0,4.52,1672.6
2025-06-10 17:00:00,SOLAR_MUNICH_01,solar,1.205,5.0,231.9,5.42,29.6,81.7,4.032,988.1
2025-06-10 18:00:00,SOLAR_MUNICH_01,solar,1.541,5.0,305.9,7.34,29.0,46.6,3.668,1263.7
2025-06-10 19:00:00,SOLAR_MUNICH_01,solar,1.331,5.0,265.1,7.87,27.3,31.1,3.699,1091.6
2025-06-10 20:00:00,SOLAR_MUNICH_01,solar,0.663,5.0,144.7,6.73,32.2,28.8,3.823,543.6
2025-06-10 21:00:00,SOLAR_MUNICH_01,solar,0.0,5.0,0.0,6.66,25.0,74.0,2.666,0.0
2025-06-10 22:00:00,SOLAR_MUNICH_01,solar,0.0,5.0,0.0,7.85,27.2,23.5,2.843,0.0
2025-06-10 23:00:00,SOLAR_MUNICH_01,solar,0.027,5.0,0.0,6.89,25.5,38.4,2.688,22.4
2025-06-11 00:00:00,SOLAR_MUNICH_01,solar,0.005,5.0,0.0,6.71,27.1,31.5,2.925,4.2
2025-06-11 01:00:00,SOLAR_MUNICH_01,solar,0.012,5.0,0.0,8.26,24.0,13.4,2.222,10.0
2025-06-11 02:00:00,SOLAR_MUNICH_01,solar,0.001,5.0,0.0,8.41,19.6,36.0,2.369,0.9
2025-06-11 03:00:00,SOLAR_MUNICH_01,solar,0.0,5.0,0.0,11.86,17.5,31.4,2.439,0.0
2025-06-11 04:00:00,SOLAR_MUNICH_01,solar,0.0,5.0,0.0,7.21,15.3,7.4,2.601,0.0
2025-06-11 05:00:00,SOLAR_MUNICH_01,solar,0.242,5.0,62.7,16.24,15.0,63.1,2.707,198.8
2025-06-11 06:00:00,SOLAR_MUNICH_01,solar,0.71,5.0,150.5,8.02,12.0,45.3,2.82,582.6
2025-06-11 07:00:00,SOLAR_MUNICH_01,solar,0.781,5.0,149.1,9.59,13.2,72.9,2.991,640.7
2025-06-11 08:00:00,SOLAR_MUNICH_01,solar,2.186,5.0,404.7,5.36,13.1,23.0,3.443,1792.6
2025-06-11 09:00:00,SOLAR_MUNICH_01,solar,2.218,5.0,442.9,2.88,15.1,38.5,3.992,1819.0
2025-06-11 10:00:00,SOLAR_MUNICH_01,solar,1.973,5.0,385.4,10.34,14.0,57.9,3.906,1617.6
2025-06-11 11:00:00,SOLAR_MUNICH_01,solar,3.134,5.0,621.6,6.3,11.7,34.7,4.616,2569.7
2025-06-11 12:00:00,SOLAR_MUNICH_01,solar,3.35,5.0,653.6,3.59,14.6,27.3,4.745,2746.8
2025-06-11 13:00:00,SOLAR_MUNICH_01,solar,2.794,5.0,544.1,7.28,14.8,47.9,4.936,2291.0
2025-06-11 14:00:00,SOLAR_MUNICH_01,solar,4.021,5.0,783.7,5.85,19.3,13.5,4.831,3297.3
2025-06-11 15:00:00,SOLAR_MUNICH_01,solar,1.637,5.0,314.8,5.24,22.9,75.0,4.508,1342.0
2025-06-11 16:00:00,SOLAR_MUNICH_01,solar,1.949,5.0,398.7,8.88,23.8,52.6,4.743,1598.3
2025-06-11 17:00:00,SOLAR_MUNICH_01,solar,2.2,5.0,432.0,7.02,23.4,43.4,4.584,1803.7
2025-06-11 18:00:00,SOLAR_MUNICH_01,solar,2.467,5.0,491.7,4.29,26.4,15.0,4.226,2023.2
2025-06-11 19:00:00,SOLAR_MUNICH_01,solar,0.593,5.0,130.3,11.54,30.5,74.9,3.993,486.3
2025-06-11 20:00:00,SOLAR_MUNICH_01,solar,0.819,5.0,155.7,14.75,27.6,35.9,3.752,671.4
2025-06-11 21:00:00,SOLAR_MUNICH_01,solar,0.205,5.0,31.7,13.15,26.5,45.7,3.188,168.0
2025-06-11 22:00:00,SOLAR_MUNICH_01,solar,0.0,5.0,0.0,7.57,28.3,22.9,3.036,0.0
2025-06-11 23:00:00,SOLAR_MUNICH_01,solar,0.002,5.0,0.0,5.56,27.4,26.9,2.005,1.6
2025-06-12 00:00:00,SOLAR_MUNICH_01,solar,0.0,5.0,0.0,10.45,26.2,42.9,2.692,0.0
2025-06-12 01:00:00,SOLAR_MUNICH_01,solar,0.0,5.0,0.0,6.84,24.5,42.2,1.884,0.0
2025-06-12 02:00:00,SOLAR_MUNICH_01,solar,0.091,5.0,0.0,6.64,22.2,14.0,2.103,74.3
2025-06-12 03:00:00,SOLAR_MUNICH_01,solar,0.057,5.0,0.0,5.77,17.6,15.8,2.217,47.0
2025-06-12 04:00:00,SOLAR_MUNICH_01,solar,0.0,5.0,0.0,4.11,16.5,33.7,2.484,0.0
2025-06-12 05:00:00,SOLAR_MUNICH_01,solar,0.222,5.0,51.0,7.7,13.9,29.6,2.453,182.3
2025-06-12 06:00:00,SOLAR_MUNICH_01,solar,0.824,5.0,159.1,4.24,11.2,19.4,2.956,675.6
2025-06-12 07:00:00,SOLAR_MUNICH_01,solar,1.307,5.0,247.8,6.9,15.6,44.3,2.728,1071.4
2025-06-12 08:00:00,SOLAR_MUNICH_01,solar,2.163,5.0,417.3,7.79,13.1,25.1,3.423,1773.7
2025-06-12 09:00:00,SOLAR_MUNICH_01,solar,2.129,5.0,419.8,17.54,13.4,43.2,3.768,1745.5
2025-06-12 10:00:00,SOLAR_MUNICH_01,solar,2.86,5.0,536.7,9.55,12.8,31.6,4.487,2345.0
2025-06-12 11:00:00,SOLAR_MUNICH_01,solar,2.99,5.0,584.5,6.27,13.3,38.1,4.087,2451.4
2025-06-12 12:00:00,SOLAR_MUNICH_01,solar,4.233,5.0,820.0,15.92,15.9,12.6,4.675,3470.9
2025-06-12 13:00:00,SOLAR_MUNICH_01,solar,3.423,5.0,672.6,8.87,18.1,33.1,4.473,2807.1
2025-06-12 14:00:00,SOLAR_MUNICH_01,solar,2.209,5.0,416.7,11.95,22.1,62.2,4.475,1811.0
2025-06-12 15:00:00,SOLAR_MUNICH_01,solar,2.182,5.0,435.7,12.56,20.9,57.9,4.127,1789.0
2025-06-12 16:00:00,SOLAR_MUNICH_01,solar,3.685,5.0,717.5,11.62,24.1,4.9,4.234,3021.9
2025-06-12 17:00:00,SOLAR_MUNICH_01,solar,2.283,5.0,463.7,12.38,25.1,26.7,4.448,1872.0
2025-06-12 18:00:00,SOLAR_MUNICH_01,solar,1.232,5.0,252.9,12.62,24.8,63.2,4.402,1010.1
2025-06-12 19:00:00,SOLAR_MUNICH_01,solar,1.269,5.0,245.0,4.63,27.5,34.7,3.169,1040.7
2025-06-12 20:00:00,SOLAR_MUNICH_01,solar,0.617,5.0,136.0,8.08,28.7,30.4,3.608,506.3
2025-06-12 21:00:00,SOLAR_MUNICH_01,solar,0.245,5.0,52.3,4.36,28.8,20.6,3.317,200.6
2025-06-12 22:00:00,SOLAR_MUNICH_01,solar,0.03,5.0,0.0,7.63,26.5,57.6,3.206,24.6
2025-06-12 23:00:00,SOLAR_MUNICH_01,solar,0.0,5.0,0.0,10.8,29.8,35.5,2.262,0.0
2025-06-13 00:00:00,SOLAR_MUNICH_01,solar,0.0,5.0,0.0,7.13,24.7,50.5,2.162,0.0
2025-06-13 01:00:00,SOLAR_MUNICH_01,solar,0.0,5.0,0.0,7.9,23.4,56.9,2.111,0.0
2025-06-13 02:00:00,SOLAR_MUNICH_01,solar,0.007,5.0,0.0,12.89,22.9,38.7,2.629,5.4
2025-06-13 03:00:00,SOLAR_MUNICH_01,solar,0.0,5.0,0.0,8.34,16.7,16.9,2.131,0.0
2025-06-13 04:00:00,SOLAR_MUNICH_01,solar,0.047,5.0,0.0,16.85,15.9,43.7,2.279,38.6
2025-06-13 05:00:00,SOLAR_MUNICH_01,solar,0.0,5.0,0.0,9.24,14.8,65.9,2.464,0.0
2025-06-13 06:00:00,SOLAR_MUNICH_01,solar,3.888,5.0,67.9,10.89,12.7,69.3,2.931,3188.2
2025-06-13 07:00:00,SOLAR_MUNICH_01,solar,0.497,5.0,104.2,10.51,11.1,90.7,2.82,407.5
2025-06-13 08:00:00,SOLAR_MUNICH_01,solar,2.201,5.0,423.0,8.03,14.6,22.3,3.262,1805.1
2025-06-13 09:00:00,SOLAR_MUNICH_01,solar,1.446,5.0,277.6,5.62,14.4,73.5,4.093,1186.0
2025-06-13 10:00:00,SOLAR_MUNICH_01,solar,2.221,5.0,425.6,8.19,14.8,51.4,4.756,1820.9
2025-06-13 11:00:00,SOLAR_MUNICH_01,solar,3.751,5.0,741.6,8.31,15.4,16.9,4.302,3075.4
2025-06-13 12:00:00,SOLAR_MUNICH_01,solar,2.837,5.0,572.1,8.32,18.6,39.9,4.673,2326.5
2025-06-13 13:00:00,SOLAR_MUNICH_01,solar,3.116,5.0,598.2,8.8,20.2,38.5,4.729,2555.4
2025-06-13 14:00:00,SOLAR_MUNICH_01,solar,3.433,5.0,686.5,14.22,19.2,36.7,4.752,2815.1
2025-06-13 15:00:00,SOLAR_MUNICH_01,solar,2.855,5.0,554.8,3.01,21.9,35.5,4.598,2341.4
2025-06-13 16:00:00,SOLAR_MUNICH_01,solar,3.123,5.0,614.8,4.14,24.0,27.9,4.609,2560.9
2025-06-13 17:00:00,SOLAR_MUNICH_01,solar,1.81,5.0,338.2,9.85,23.5,53.3,4.691,1484.0
2025-06-13 18:00:00,SOLAR_MUNICH_01,solar,1.537,5.0,312.8,12.7,26.9,51.7,4.161,1260.5
2025-06-13 19:00:00,SOLAR_MUNICH_01,solar,1.147,5.0,226.1,9.2,29.0,49.1,3.414,940.2
2025-06-13 20:00:00,SOLAR_MUNICH_01,solar,0.521,5.0,105.2,14.42,32.5,57.1,3.855,427.1
2025-06-13 21:00:00,SOLAR_MUNICH_01,solar,0.009,5.0,0.0,9.6,28.3,24.1,3.251,7.3
2025-06-13 22:00:00,SOLAR_MUNICH_01,solar,0.0,5.0,0.0,17.47,28.4,70.0,3.348,0.0
2025-06-13 23:00:00,SOLAR_MUNICH_01,solar,0.07,5.0,0.0,11.78,24.5,13.4,2.405,57.7
2025-06-14 00:00:00,SOLAR_MUNICH_01,solar,0.0,5.0,0.0,9.17,20.1,78.2,2.502,0.0
2025-06-14 01:00:00,SOLAR_MUNICH_01,solar,0.0,5.0,0.0,18.43,20.7,39.4,1.866,0.0
2025-06-14 02:00:00,SOLAR_MUNICH_01,solar,0.0,5.0,0.0,7.4,19.0,12.1,1.654,0.0
2025-06-14 03:00:00,SOLAR_MUNICH_01,solar,0.0,5.0,0.0,6.89,19.6,42.7,1.736,0.0
2025-06-14 04:00:00,SOLAR_MUNICH_01,solar,0.087,5.0,0.0,7.89,16.0,9.8,1.995,71.3
2025-06-14 05:00:00,SOLAR_MUNICH_01,solar,0.0,5.0,0.0,19.07,16.6,44.6,2.507,0.0
2025-06-14 06:00:00,SOLAR_MUNICH_01,solar,0.633,5.0,140.1,13.21,16.5,23.0,2.188,519.1
2025-06-14 07:00:00,SOLAR_MUNICH_01,solar,1.716,5.0,326.7,10.14,11.3,23.2,2.256,1406.7
2025-06-14 08:00:00,SOLAR_MUNICH_01,solar,1.25,5.0,244.7,5.59,10.2,55.2,3.225,1025.3
2025-06-14 09:00:00,SOLAR_MUNICH_01,solar,2.434,5.0,457.7,4.41,12.4,30.8,3.297,1995.8
2025-06-14 10:00:00,SOLAR_MUNICH_01,solar,3.294,5.0,632.9,6.42,14.1,17.0,3.854,2701.5
2025-06-14 11:00:00,SOLAR_MUNICH_01,solar,3.477,5.0,682.4,3.62,14.1,17.6,3.496,2851.4
2025-06-14 12:00:00,SOLAR_MUNICH_01,solar,2.185,5.0,430.4,8.0,15.9,63.4,4.275,1791.6
2025-06-14 13:00:00,SOLAR_MUNICH_01,solar,4.049,5.0,810.6,8.67,16.7,12.8,4.478,3320.4
2025-06-14 14:00:00,SOLAR_MUNICH_01,solar,2.986,5.0,587.1,6.6,16.9,41.5,3.656,2448.6
2025-06-14 15:00:00,SOLAR_MUNICH_01,solar,2.958,5.0,593.3,9.31,24.9,37.7,4.161,2425.7
2025-06-14 16:00:00,SOLAR_MUNICH_01,solar,2.341,5.0,472.4,10.4,27.1,43.9,3.923,1919.9
2025-06-14 17:00:00,SOLAR_MUNICH_01,solar,1.486,5.0,287.0,16.55,23.3,71.3,4.138,1218.7
2025-06-14 18:00:00,SOLAR_MUNICH_01,solar,1.664,5.0,326.1,12.73,24.8,38.9,3.428,1364.1
2025-06-14 19:00:00,SOLAR_MUNICH_01,solar,0.722,5.0,132.5,8.38,25.5,42.6,3.472,591.7
2025-06-14 20:00:00,SOLAR_MUNICH_01,solar,0.766,5.0,143.9,13.76,29.7,57.5,2.643,628.1
2025-06-14 21:00:00,SOLAR_MUNICH_01,solar,0.0,5.0,0.0,11.22,26.7,17.6,2.792,0.0
2025-06-14 22:00:00,SOLAR_MUNICH_01,solar,0.005,5.0,0.0,11.19,28.5,6.8,3.038,4.3
2025-06-14 23:00:00,SOLAR_MUNICH_01,solar,0.0,5.0,0.0,12.59,27.3,24.5,2.282,0.0
2025-06-15 00:00:00,SOLAR_MUNICH_01,solar,0.03,5.0,0.0,10.29,21.9,20.5,1.568,24.7
2025-06-15 01:00:00,SOLAR_MUNICH_01,solar,0.0,5.0,0.0,3.86,23.2,31.3,2.556,0.0
2025-06-15 02:00:00,SOLAR_MUNICH_01,solar,0.0,5.0,0.0,8.44,17.2,35.4,2.301,0.0
2025-06-15 03:00:00,SOLAR_MUNICH_01,solar,0.0,5.0,0.0,8.49,16.9,26.3,2.155,0.0
2025-06-15 04:00:00,SOLAR_MUNICH_01,solar,0.0,5.0,0.0,4.84,17.0,78.8,2.192,0.0
2025-06-15 05:00:00,SOLAR_MUNICH_01,solar,0.031,5.0,1.8,10.27,18.3,46.0,2.213,25.7
2025-06-15 06:00:00,SOLAR_MUNICH_01,solar,0.477,5.0,111.4,4.26,11.7,58.5,2.586,391.0
2025-06-15 07:00:00,SOLAR_MUNICH_01,solar,1.922,5.0,379.4,7.3,13.1,5.9,2.661,1575.9
2025-06-15 08:00:00,SOLAR_MUNICH_01,solar,1.594,5.0,302.6,7.9,10.6,36.5,3.081,1307.4
2025-06-15 09:00:00,SOLAR_MUNICH_01,solar,2.131,5.0,392.5,8.96,11.8,41.8,3.149,1747.7
2025-06-15 10:00:00,SOLAR_MUNICH_01,solar,3.013,5.0,579.7,7.52,13.6,26.1,4.19,2470.8
2025-06-15 11:00:00,SOLAR_MUNICH_01,solar,1.479,5.0,278.4,6.51,9.0,79.4,4.089,1213.2
2025-06-15 12:00:00,SOLAR_MUNICH_01,solar,2.306,5.0,435.7,3.29,13.6,67.5,3.991,1891.1
2025-06-15 13:00:00,SOLAR_MUNICH_01,solar,2.949,5.0,585.5,5.34,15.6,40.7,3.708,2418.6
2025-06-15 14:00:00,SOLAR_MUNICH_01,solar,3.971,5.0,784.9,12.74,19.6,15.3,3.817,3256.2
2025-06-15 15:00:00,SOLAR_MUNICH_01,solar,2.493,5.0,494.4,9.48,21.9,48.3,4.064,2044.5
2025-06-15 16:00:00,SOLAR_MUNICH_01,solar,3.528,5.0,724.3,14.25,23.9,7.9,4.221,2892.7
2025-06-15 17:00:00,SOLAR_MUNICH_01,solar,2.571,5.0,523.3,15.06,25.1,20.7,3.899,2108.0
2025-06-15 18:00:00,SOLAR_MUNICH_01,solar,1.301,5.0,259.4,7.67,25.4,48.8,3.668,1066.6
2025-06-15 19:00:00,SOLAR_MUNICH_01,solar,1.116,5.0,224.4,7.8,29.2,37.7,3.709,915.0
2025-06-15 20:00:00,SOLAR_MUNICH_01,solar,0.199,5.0,47.6,14.03,26.3,66.9,3.203,163.6
2025-06-15 21:00:00,SOLAR_MUNICH_01,solar,0.067,5.0,0.0,5.3,25.4,34.6,2.598,54.6
2025-06-15 22:00:00,SOLAR_MUNICH_01,solar,0.114,5.0,0.0,6.68,26.5,34.3,2.28,93.5
2025-06-15 23:00:00,SOLAR_MUNICH_01,solar,0.022,5.0,0.0,10.65,22.0,28.7,2.695,17.9
2025-06-16 00:00:00,SOLAR_MUNICH_01,solar,0.045,5.0,0.0,4.64,24.6,61.9,2.596,36.9
2025-06-16 01:00:00,SOLAR_MUNICH_01,solar,0.089,5.0,0.0,6.55,23.9,54.9,2.56,73.1
2025-06-16 02:00:00,SOLAR_MUNICH_01,solar,0.014,5.0,0.0,3.99,17.9,71.4,2.004,11.6
2025-06-16 03:00:00,SOLAR_MUNICH_01,solar,0.004,5.0,0.0,6.38,17.4,68.7,2.259,3.1
2025-06-16 04:00:00,SOLAR_MUNICH_01,solar,0.004,5.0,0.0,13.89,13.4,38.7,2.465,3.2
2025-06-16 05:00:00,SOLAR_MUNICH_01,solar,0.052,5.0,0.0,5.15,20.1,6.0,2.832,42.5
2025-06-16 06:00:00,SOLAR_MUNICH_01,solar,0.684,5.0,143.3,6.74,13.7,35.5,2.829,560.7
2025-06-16 07:00:00,SOLAR_MUNICH_01,solar,1.492,5.0,284.7,7.18,12.4,12.9,3.454,1223.1
2025-06-16 08:00:00,SOLAR_MUNICH_01,solar,2.565,5.0,469.1,9.05,13.4,11.8,2.854,2103.6
2025-06-16 09:00:00,SOLAR_MUNICH_01,solar,3.142,5.0,605.7,6.92,14.0,5.6,4.194,2576.2
2025-06-16 10:00:00,SOLAR_MUNICH_01,solar,2.758,5.0,537.4,10.57,13.7,30.0,4.165,2261.5
2025-06-16 11:00:00,SOLAR_MUNICH_01,solar,2.98,5.0,560.3,8.66,12.3,42.4,4.974,2443.8
2025-06-16 12:00:00,SOLAR_MUNICH_01,solar,3.908,5.0,762.8,4.71,14.0,26.7,4.598,3204.5
2025-06-16 13:00:00,SOLAR_MUNICH_01,solar,4.523,5.0,881.3,3.65,16.1,10.4,4.933,3708.8
2025-06-16 14:00:00,SOLAR_MUNICH_01,solar,2.468,5.0,490.9,8.34,16.9,55.7,4.912,2023.7
2025-06-16 15:00:00,SOLAR_MUNICH_01,solar,3.406,5.0,685.9,11.5,21.6,11.2,4.503,2792.6
2025-06-16 16:00:00,SOLAR_MUNICH_01,solar,2.164,5.0,430.4,7.15,23.3,45.0,4.193,1774.5
2025-06-16 17:00:00,SOLAR_MUNICH_01,solar,2.716,5.0,533.7,10.18,22.3,20.3,4.325,2226.8
2025-06-16 18:00:00,SOLAR_MUNICH_01,solar,1.509,5.0,305.0,4.95,24.5,38.8,4.75,1237.5
2025-06-16 19:00:00,SOLAR_MUNICH_01,solar,1.26,5.0,264.0,9.05,30.1,29.3,3.337,1033.5
2025-06-16 20:00:00,SOLAR_MUNICH_01,solar,0.791,5.0,155.8,4.32,26.4,38.2,4.181,649.0
2025-06-16 21:00:00,SOLAR_MUNICH_01,solar,0.043,5.0,16.8,4.92,26.9,39.1,3.32,35.1
2025-06-16 22:00:00,SOLAR_MUNICH_01,solar,0.0,5.0,0.0,12.3,21.9,48.5,3.153,0.0
2025-06-16 23:00:00,SOLAR_MUNICH_01,solar,0.0,5.0,0.0,7.56,29.6,21.8,2.469,0.0
2025-06-17 00:00:00,SOLAR_MUNICH_01,solar,0.063,5.0,0.0,12.15,23.8,40.1,2.525,52.0
2025-06-17 01:00:00,SOLAR_MUNICH_01,solar,0.029,5.0,0.0,5.99,23.0,59.7,1.954,23.6
2025-06-17 02:00:00,SOLAR_MUNICH_01,solar,0.0,5.0,0.0,6.06,20.6,51.1,2.37,0.0
2025-06-17 03:00:00,SOLAR_MUNICH_01,solar,0.0,5.0,0.0,8.77,17.2,38.7,2.668,0.0
2025-06-17 04:00:00,SOLAR_MUNICH_01,solar,0.051,5.0,0.0,9.39,15.2,59.0,2.514,41.6
2025-06-17 05:00:00,SOLAR_MUNICH_01,solar,0.045,5.0,24.6,5.45,14.7,19.4,2.687,37.0
2025-06-17 06:00:00,SOLAR_MUNICH_01,solar,1.097,5.0,212.0,7.86,15.0,11.4,3.052,899.7
2025-06-17 07:00:00,SOLAR_MUNICH_01,solar,1.793,5.0,352.3,8.42,10.4,8.1,2.796,1470.6
2025-06-17 08:00:00,SOLAR_MUNICH_01,solar,1.227,5.0,244.7,12.14,12.1,70.1,3.86,1006.3
2025-06-17 09:00:00,SOLAR_MUNICH_01,solar,2.274,5.0,460.1,5.11,12.8,40.5,3.858,1864.4
2025-06-17 10:00:00,SOLAR_MUNICH_01,solar,1.809,5.0,360.6,5.33,13.1,59.4,3.312,1483.2
2025-06-17 11:00:00,SOLAR_MUNICH_01,solar,1.717,5.0,316.4,8.39,13.3,83.4,4.71,1408.2
2025-06-17 12:00:00,SOLAR_MUNICH_01,solar,4.399,5.0,839.4,12.09,14.8,8.7,4.42,3607.4
2025-06-17 13:00:00,SOLAR_MUNICH_01,solar,1.051,5.0,205.4,2.64,16.7,85.2,4.678,862.0
2025-06-17 14:00:00,SOLAR_MUNICH_01,solar,3.783,5.0,743.3,7.79,19.3,22.9,4.981,3102.1
2025-06-17 15:00:00,SOLAR_MUNICH_01,solar,2.144,5.0,422.7,14.5,22.4,53.5,4.47,1758.1
2025-06-17 16:00:00,SOLAR_MUNICH_01,solar,1.238,5.0,258.6,9.82,22.5,78.9,4.324,1015.1
2025-06-17 17:00:00,SOLAR_MUNICH_01,solar,2.296,5.0,470.6,3.14,22.5,44.3,4.492,1883.0
2025-06-17 18:00:00,SOLAR_MUNICH_01,solar,1.173,5.0,243.4,14.07,27.3,55.6,4.1,961.7
2025-06-17 19:00:00,SOLAR_MUNICH_01,solar,1.298,5.0,267.9,6.9,30.0,12.6,3.978,1064.7
2025-06-17 20:00:00,SOLAR_MUNICH_01,solar,0.227,5.0,48.7,16.69,28.4,66.5,3.659,186.2
2025-06-17 21:00:00,SOLAR_MUNICH_01,solar,0.038,5.0,0.0,10.14,31.0,64.8,2.939,31.3
2025-06-17 22:00:00,SOLAR_MUNICH_01,solar,0.0,5.0,0.0,14.06,25.7,39.4,3.011,0.0
2025-06-17 23:00:00,SOLAR_MUNICH_01,solar,0.0,5.0,0.0,6.94,22.6,29.8,2.538,0.0
2025-06-18 00:00:00,SOLAR_MUNICH_01,solar,0.0,5.0,0.0,10.57,25.4,23.3,1.835,0.3
2025-06-18 01:00:00,SOLAR_MUNICH_01,solar,0.016,5.0,0.0,15.96,20.0,33.9,2.702,12.8
2025-06-18 02:00:00,SOLAR_MUNICH_01,solar,0.0,5.0,0.0,11.31,21.6,59.3,2.546,0.0
2025-06-18 03:00:00,SOLAR_MUNICH_01,solar,0.0,5.0,0.0,9.14,17.5,81.1,2.368,0.0
2025-06-18 04:00:00,SOLAR_MUNICH_01,solar,0.061,5.0,0.0,10.89,19.6,8.5,2.778,49.9
2025-06-18 05:00:00,SOLAR_MUNICH_01,solar,0.053,5.0,0.0,16.43,15.1,36.5,3.087,43.7
2025-06-18 06:00:00,SOLAR_MUNICH_01,solar,0.769,5.0,146.5,7.32,15.1,20.7,2.26,630.2
2025-06-18 07:00:00,SOLAR_MUNICH_01,solar,0.811,5.0,172.1,9.61,12.3,58.9,2.654,665.1
2025-06-18 08:00:00,SOLAR_MUNICH_01,solar,1.065,5.0,225.2,11.45,13.0,49.3,3.544,873.6
2025-06-18 09:00:00,SOLAR_MUNICH_01,solar,1.976,5.0,387.5,7.89,12.3,46.0,3.967,1620.3
2025-06-18 10:00:00,SOLAR_MUNICH_01,solar,2.319,5.0,434.3,7.24,13.4,49.5,3.658,1901.5
2025-06-18 11:00:00,SOLAR_MUNICH_01,solar,2.555,5.0,492.2,8.75,14.1,40.4,4.342,2095.0
2025-06-18 12:00:00,SOLAR_MUNICH_01,solar,4.066,5.0,782.9,6.14,16.5,11.4,4.305,3334.1
2025-06-18 13:00:00,SOLAR_MUNICH_01,solar,4.388,5.0,846.7,13.56,16.4,7.0,4.614,3598.3
2025-06-18 14:00:00,SOLAR_MUNICH_01,solar,3.035,5.0,593.7,4.89,19.3,35.7,4.754,2488.5
2025-06-18 15:00:00,SOLAR_MUNICH_01,solar,2.48,5.0,494.8,2.92,24.7,55.4,4.61,2033.3
2025-06-18 16:00:00,SOLAR_MUNICH_01,solar,2.715,5.0,550.7,9.09,24.4,34.0,4.55,2226.4
2025-06-18 17:00:00,SOLAR_MUNICH_01,solar,2.107,5.0,424.6,9.12,21.7,38.7,4.234,1727.7
2025-06-18 18:00:00,SOLAR_MUNICH_01,solar,1.601,5.0,327.5,11.61,26.7,50.9,3.747,1312.7
2025-06-18 19:00:00,SOLAR_MUNICH_01,solar,0.834,5.0,155.4,6.91,28.7,51.2,4.182,684.2
2025-06-18 20:00:00,SOLAR_MUNICH_01,solar,0.951,5.0,175.5,6.78,28.8,24.3,3.827,780.2
2025-06-18 21:00:00,SOLAR_MUNICH_01,solar,0.04,5.0,0.0,4.73,26.8,61.1,3.08,32.8
2025-06-18 22:00:00,SOLAR_MUNICH_01,solar,0.0,5.0,0.0,5.19,26.6,10.4,2.821,0.0
2025-06-18 23:00:00,SOLAR_MUNICH_01,solar,0.0,5.0,0.0,16.7,25.6,28.5,2.747,0.0
2025-06-19 00:00:00,SOLAR_MUNICH_01,solar,0.0,5.0,0.0,5.41,27.3,28.5,2.639,0.0
2025-06-19 01:00:00,SOLAR_MUNICH_01,solar,0.075,5.0,0.0,3.8,20.6,49.5,1.881,61.9
2025-06-19 02:00:00,SOLAR_MUNICH_01,solar,0.0,5.0,0.0,16.44,19.6,41.3,1.43,0.0
2025-06-19 03:00:00,SOLAR_MUNICH_01,solar,0.053,5.0,0.0,12.99,18.2,61.7,2.759,43.7
2025-06-19 04:00:00,SOLAR_MUNICH_01,solar,0.0,5.0,0.0,7.74,17.4,40.6,3.043,0.0
2025-06-19 05:00:00,SOLAR_MUNICH_01,solar,0.243,5.0,48.6,6.7,17.0,11.9,3.151,199.4
2025-06-19 06:00:00,SOLAR_MUNICH_01,solar,0.647,5.0,134.9,6.31,12.9,47.3,2.856,530.7
2025-06-19 07:00:00,SOLAR_MUNICH_01,solar,0.982,5.0,208.2,11.17,14.2,39.9,3.449,805.1
2025-06-19 08:00:00,SOLAR_MUNICH_01,solar,1.747,5.0,327.4,13.11,11.3,52.3,3.389,1432.6
2025-06-19 09:00:00,SOLAR_MUNICH_01,solar,1.366,5.0,275.2,9.0,13.3,66.7,3.967,1119.8
2025-06-19 10:00:00,SOLAR_MUNICH_01,solar,3.099,5.0,594.9,15.99,12.9,28.8,4.151,2541.2
2025-06-19 11:00:00,SOLAR_MUNICH_01,solar,3.881,5.0,735.5,5.41,13.1,19.3,3.9,3182.7
2025-06-19 12:00:00,SOLAR_MUNICH_01,solar,2.154,5.0,422.7,9.91,16.7,64.1,5.29,1766.1
2025-06-19 13:00:00,SOLAR_MUNICH_01,solar,4.324,5.0,855.4,8.06,18.4,8.0,5.239,3545.3
2025-06-19 14:00:00,SOLAR_MUNICH_01,solar,2.713,5.0,528.7,11.25,16.0,51.5,4.536,2224.5
2025-06-19 15:00:00,SOLAR_MUNICH_01,solar,3.484,5.0,705.2,8.5,25.4,19.9,4.621,2857.1
2025-06-19 16:00:00,SOLAR_MUNICH_01,solar,2.889,5.0,562.7,9.42,23.0,29.9,4.475,2369.2
2025-06-19 17:00:00,SOLAR_MUNICH_01,solar,2.934,5.0,588.9,6.93,24.6,19.4,4.104,2406.1
2025-06-19 18:00:00,SOLAR_MUNICH_01,solar,1.417,5.0,297.6,11.53,30.1,64.1,3.754,1161.7
2025-06-19 19:00:00,SOLAR_MUNICH_01,solar,1.802,5.0,361.4,7.19,27.7,17.1,4.154,1477.8
2025-06-19 20:00:00,SOLAR_MUNICH_01,solar,0.496,5.0,97.8,9.41,27.8,42.1,3.197,406.9
2025-06-19 21:00:00,SOLAR_MUNICH_01,solar,0.158,5.0,24.3,6.87,29.7,30.8,3.528,129.4
2025-06-19 22:00:00,SOLAR_MUNICH_01,solar,0.0,5.0,0.0,7.03,28.1,19.8,2.783,0.0
2025-06-19 23:00:00,SOLAR_MUNICH_01,solar,0.0,5.0,0.0,3.17,25.0,61.0,2.5,0.0
2025-06-20 00:00:00,SOLAR_MUNICH_01,solar,0.008,5.0,0.0,11.44,25.7,42.6,2.131,6.6
2025-06-20 01:00:00,SOLAR_MUNICH_01,solar,0.032,5.0,0.0,11.63,24.9,33.4,2.584,26.6
2025-06-20 02:00:00,SOLAR_MUNICH_01,solar,0.0,5.0,0.0,13.42,17.0,14.1,2.644,0.0
2025-06-20 03:00:00,SOLAR_MUNICH_01,solar,0.0,5.0,0.0,6.07,16.4,84.1,2.245,0.0
2025-06-20 04:00:00,SOLAR_MUNICH_01,solar,0.0,5.0,0.0,5.25,15.1,18.5,2.197,0.0
2025-06-20 05:00:00,SOLAR_MUNICH_01,solar,0.005,5.0,0.0,10.68,17.9,12.2,2.635,4.0
2025-06-20 06:00:00,SOLAR_MUNICH_01,solar,0.536,5.0,93.1,12.11,13.7,53.7,3.017,439.8
2025-06-20 07:00:00,SOLAR_MUNICH_01,solar,1.124,5.0,203.7,4.14,12.1,26.0,3.347,921.6
2025-06-20 08:00:00,SOLAR_MUNICH_01,solar,2.225,5.0,428.1,6.69,11.0,25.5,3.411,1824.9
2025-06-20 09:00:00,SOLAR_MUNICH_01,solar,1.54,5.0,298.0,5.41,11.8,66.4,3.808,1263.0
2025-06-20 10:00:00,SOLAR_MUNICH_01,solar,2.843,5.0,554.6,5.61,13.7,28.6,4.208,2331.3
2025-06-20 11:00:00,SOLAR_MUNICH_01,solar,1.992,5.0,406.1,9.01,11.7,62.5,4.2,1633.5
2025-06-20 12:00:00,SOLAR_MUNICH_01,solar,1.053,5.0,202.4,16.29,15.4,94.8,4.212,863.7
2025-06-20 13:00:00,SOLAR_MUNICH_01,solar,2.409,5.0,469.2,8.09,16.6,50.6,4.582,1975.4
2025-06-20 14:00:00,SOLAR_MUNICH_01,solar,1.371,5.0,269.1,12.32,18.9,82.1,5.257,1124.5
2025-06-20 15:00:00,SOLAR_MUNICH_01,solar,1.924,5.0,380.7,5.44,21.1,75.9,5.22,1577.4
2025-06-20 16:00:00,SOLAR_MUNICH_01,solar,2.276,5.0,466.2,11.73,24.8,43.3,4.97,1866.0
2025-06-20 17:00:00,SOLAR_MUNICH_01,solar,1.36,5.0,279.3,12.31,25.0,63.0,4.398,1115.5
2025-06-20 18:00:00,SOLAR_MUNICH_01,solar,1.635,5.0,331.2,5.1,31.3,48.1,3.849,1340.4
2025-06-20 19:00:00,SOLAR_MUNICH_01,solar,0.794,5.0,174.2,6.23,30.6,51.4,3.793,651.4
2025-06-20 20:00:00,SOLAR_MUNICH_01,solar,0.003,5.0,13.0,11.24,29.0,78.9,2.893,2.6
2025-06-20 21:00:00,SOLAR_MUNICH_01,solar,0.045,5.0,8.7,8.14,27.5,42.2,3.537,37.2
2025-06-20 22:00:00,SOLAR_MUNICH_01,solar,0.0,5.0,0.0,9.62,28.9,22.0,3.105,0.0
2025-06-20 23:00:00,SOLAR_MUNICH_01,solar,0.0,5.0,0.0,9.1,22.7,43.4,2.356,0.0
2025-06-21 00:00:00,SOLAR_MUNICH_01,solar,0.015,5.0,0.0,7.41,22.4,54.1,2.071,12.0
2025-06-21 01:00:00,SOLAR_MUNICH_01,solar,0.0,5.0,0.0,11.81,20.8,69.9,1.867,0.0
2025-06-21 02:00:00,SOLAR_MUNICH_01,solar,0.0,5.0,0.0,2.8,22.0,10.7,1.68,0.0
2025-06-21 03:00:00,SOLAR_MUNICH_01,solar,0.0,5.0,0.0,10.69,16.4,63.2,2.194,0.0
2025-06-21 04:00:00,SOLAR_MUNICH_01,solar,0.0,5.0,0.0,9.33,13.7,48.6,1.562,0.0
2025-06-21 05:00:00,SOLAR_MUNICH_01,solar,0.252,5.0,68.3,6.12,16.2,37.4,2.229,207.0
2025-06-21 06:00:00,SOLAR_MUNICH_01,solar,0.427,5.0,87.2,13.38,9.0,58.2,2.56,350.2
2025-06-21 07:00:00,SOLAR_MUNICH_01,solar,1.397,5.0,253.4,10.16,13.5,36.4,1.963,1145.4
2025-06-21 08:00:00,SOLAR_MUNICH_01,solar,1.497,5.0,291.9,10.68,10.7,36.9,3.107,1227.7
2025-06-21 09:00:00,SOLAR_MUNICH_01,solar,1.782,5.0,342.6,9.93,7.5,57.5,3.054,1461.4
2025-06-21 10:00:00,SOLAR_MUNICH_01,solar,1.954,5.0,391.1,6.54,13.4,58.9,3.852,1602.1
2025-06-21 11:00:00,SOLAR_MUNICH_01,solar,3.933,5.0,745.4,17.42,12.5,14.6,4.093,3224.9
2025-06-21 12:00:00,SOLAR_MUNICH_01,solar,3.011,5.0,587.0,8.27,15.7,38.3,3.668,2469.3
2025-06-21 13:00:00,SOLAR_MUNICH_01,solar,2.138,5.0,440.8,7.34,18.3,61.4,3.86,1753.5
2025-06-21 14:00:00,SOLAR_MUNICH_01,solar,1.97,5.0,381.2,3.61,22.5,66.6,4.074,1615.7
2025-06-21 15:00:00,SOLAR_MUNICH_01,solar,4.241,5.0,828.9,7.92,18.5,2.7,3.487,3477.5
2025-06-21 16:00:00,SOLAR_MUNICH_01,solar,2.253,5.0,448.8,9.11,25.1,53.7,3.763,1847.7
2025-06-21 17:00:00,SOLAR_MUNICH_01,solar,2.36,5.0,470.5,3.06,24.7,27.7,3.518,1935.0
2025-06-21 18:00:00,SOLAR_MUNICH_01,solar,2.445,5.0,498.9,11.31,24.6,10.3,3.674,2004.7
2025-06-21 19:00:00,SOLAR_MUNICH_01,solar,0.935,5.0,170.7,12.36,29.4,65.4,3.612,767.0
2025-06-21 20:00:00,SOLAR_MUNICH_01,solar,0.663,5.0,132.6,10.09,29.7,38.6,2.951,544.1
2025-06-21 21:00:00,SOLAR_MUNICH_01,solar,0.0,5.0,0.0,14.56,25.3,52.2,2.599,0.0
2025-06-21 22:00:00,SOLAR_MUNICH_01,solar,0.034,5.0,0.0,10.58,28.7,60.0,2.223,27.7
2025-06-21 23:00:00,SOLAR_MUNICH_01,solar,0.0,5.0,0.0,6.31,27.8,28.4,2.403,0.0
2025-06-22 00:00:00,SOLAR_MUNICH_01,solar,0.033,5.0,0.0,16.86,23.4,56.0,2.071,27.0
2025-06-22 01:00:00,SOLAR_MUNICH_01,solar,0.0,5.0,0.0,5.12,20.2,29.8,1.647,0.0
2025-06-22 02:00:00,SOLAR_MUNICH_01,solar,0.0,5.0,0.0,10.57,21.1,78.9,2.184,0.0
2025-06-22 03:00:00,SOLAR_MUNICH_01,solar,0.0,5.0,0.0,17.82,19.9,30.0,1.662,0.0
2025-06-22 04:00:00,SOLAR_MUNICH_01,solar,0.0,5.0,0.0,7.56,17.6,33.2,2.675,0.0
2025-06-22 05:00:00,SOLAR_MUNICH_01,solar,0.11,5.0,17.5,4.11,16.5,20.5,2.184,90.5
2025-06-22 06:00:00,SOLAR_MUNICH_01,solar,0.424,5.0,86.5,5.18,11.2,54.7,2.662,347.4
2025-06-22 07:00:00,SOLAR_MUNICH_01,solar,1.583,5.0,307.0,6.44,15.5,15.3,3.147,1297.8
2025-06-22 08:00:00,SOLAR_MUNICH_01,solar,1.846,5.0,361.7,7.52,12.0,31.4,2.622,1513.3
2025-06-22 09:00:00,SOLAR_MUNICH_01,solar,2.855,5.0,554.5,4.87,15.9,19.5,3.183,2341.0
2025-06-22 10:00:00,SOLAR_MUNICH_01,solar,2.41,5.0,474.5,10.06,15.5,43.0,3.483,1976.2
2025-06-22 11:00:00,SOLAR_MUNICH_01,solar,3.771,5.0,745.8,13.8,14.7,19.9,3.369,3091.9
2025-06-22 12:00:00,SOLAR_MUNICH_01,solar,3.356,5.0,652.4,6.97,15.5,26.2,4.291,2752.0
2025-06-22 13:00:00,SOLAR_MUNICH_01,solar,3.135,5.0,617.8,2.69,16.9,44.2,3.694,2570.4
2025-06-22 14:00:00,SOLAR_MUNICH_01,solar,3.394,5.0,659.9,9.96,21.5,29.0,4.111,2782.8
2025-06-22 15:00:00,SOLAR_MUNICH_01,solar,1.535,5.0,308.2,14.61,23.7,63.3,4.377,1259.0
2025-06-22 16:00:00,SOLAR_MUNICH_01,solar,0.882,5.0,175.2,7.11,23.5,90.8,4.045,723.3
2025-06-22 17:00:00,SOLAR_MUNICH_01,solar,2.055,5.0,414.9,11.81,23.5,37.2,3.555,1685.3
2025-06-22 18:00:00,SOLAR_MUNICH_01,solar,1.281,5.0,251.5,10.38,27.3,59.9,2.996,1050.5
2025-06-22 19:00:00,SOLAR_MUNICH_01,solar,1.282,5.0,258.8,13.95,25.2,41.4,3.066,1050.9
2025-06-22 20:00:00,SOLAR_MUNICH_01,solar,0.219,5.0,45.2,6.13,29.8,69.6,3.048,179.2
2025-06-22 21:00:00,SOLAR_MUNICH_01,solar,0.14,5.0,38.2,9.9,27.1,36.3,2.277,114.8
2025-06-22 22:00:00,SOLAR_MUNICH_01,solar,0.0,5.0,0.0,14.07,26.1,40.3,2.612,0.0
2025-06-22 23:00:00,SOLAR_MUNICH_01,solar,0.119,5.0,0.0,15.95,26.8,57.4,2.609,97.9
2025-06-23 00:00:00,SOLAR_MUNICH_01,solar,0.026,5.0,0.0,9.07,24.1,22.3,2.224,21.2
2025-06-23 01:00:00,SOLAR_MUNICH_01,solar,0.0,5.0,0.0,5.22,22.1,18.7,2.483,0.0
2025-06-23 02:00:00,SOLAR_MUNICH_01,solar,0.002,5.0,0.0,6.32,17.8,58.0,1.37,1.4
2025-06-23 03:00:00,SOLAR_MUNICH_01,solar,0.055,5.0,0.0,4.45,18.2,23.9,2.264,45.3
2025-06-23 04:00:00,SOLAR_MUNICH_01,solar,0.015,5.0,0.0,7.31,17.2,39.5,2.659,12.1
2025-06-23 05:00:00,SOLAR_MUNICH_01,solar,0.012,5.0,0.0,13.35,11.8,67.7,2.801,10.2
2025-06-23 06:00:00,SOLAR_MUNICH_01,solar,0.805,5.0,154.4,15.27,11.4,27.7,3.224,659.7
2025-06-23 07:00:00,SOLAR_MUNICH_01,solar,1.487,5.0,300.3,8.58,11.6,27.6,3.315,1219.0
2025-06-23 08:00:00,SOLAR_MUNICH_01,solar,1.453,5.0,276.8,6.85,7.8,49.8,3.459,1191.4
2025-06-23 09:00:00,SOLAR_MUNICH_01,solar,2.008,5.0,367.2,6.23,8.2,52.9,3.733,1646.6
2025-06-23 10:00:00,SOLAR_MUNICH_01,solar,2.122,5.0,416.6,3.85,15.9,54.6,4.224,1739.9
2025-06-23 11:00:00,SOLAR_MUNICH_01,solar,3.279,5.0,633.7,5.74,17.0,22.8,4.289,2688.5
2025-06-23 12:00:00,SOLAR_MUNICH_01,solar,3.649,5.0,713.9,2.5,17.8,23.5,4.986,2992.0
2025-06-23 13:00:00,SOLAR_MUNICH_01,solar,4.004,5.0,783.9,3.08,17.0,21.9,4.395,3283.0
2025-06-23 14:00:00,SOLAR_MUNICH_01,solar,2.136,5.0,423.3,11.89,22.3,61.3,4.316,1751.3
2025-06-23 15:00:00,SOLAR_MUNICH_01,solar,2.361,5.0,476.2,5.64,23.1,51.5,4.784,1935.7
2025-06-23 16:00:00,SOLAR_MUNICH_01,solar,2.225,5.0,447.8,7.79,23.0,44.8,4.585,1824.8
2025-06-23 17:00:00,SOLAR_MUNICH_01,solar,1.279,5.0,264.4,9.59,31.8,67.4,4.277,1049.0
2025-06-23 18:00:00,SOLAR_MUNICH_01,solar,1.377,5.0,274.1,11.88,25.6,48.5,4.217,1129.1
2025-06-23 19:00:00,SOLAR_MUNICH_01,solar,1.218,5.0,253.5,14.72,29.0,27.2,3.887,998.7
2025-06-23 20:00:00,SOLAR_MUNICH_01,solar,0.714,5.0,131.3,7.73,26.4,16.8,3.302,585.7
2025-06-23 21:00:00,SOLAR_MUNICH_01,solar,0.0,5.0,0.0,5.68,26.9,16.7,3.107,0.0
2025-06-23 22:00:00,SOLAR_MUNICH_01,solar,0.043,5.0,0.0,7.52,25.9,58.5,3.305,35.1
2025-06-23 23:00:00,SOLAR_MUNICH_01,solar,0.033,5.0,0.0,5.42,28.2,60.4,2.916,26.8
2025-06-24 00:00:00,SOLAR_MUNICH_01,solar,0.0,5.0,0.0,9.86,21.4,36.5,2.323,0.0
2025-06-24 01:00:00,SOLAR_MUNICH_01,solar,0.0,5.0,0.0,6.81,23.2,24.2,2.726,0.0
2025-06-24 02:00:00,SOLAR_MUNICH_01,solar,0.039,5.0,0.0,12.9,20.2,44.9,2.372,32.3
2025-06-24 03:00:00,SOLAR_MUNICH_01,solar,0.024,5.0,0.0,13.38,20.4,38.8,2.32,19.7
2025-06-24 04:00:00,SOLAR_MUNICH_01,solar,0.0,5.0,0.0,7.25,15.4,13.6,2.179,0.0
2025-06-24 05:00:00,SOLAR_MUNICH_01,solar,0.0,5.0,0.0,7.55,16.6,18.4,3.065,0.0
2025-06-24 06:00:00,SOLAR_MUNICH_01,solar,0.312,5.0,57.6,6.56,13.3,83.6,2.834,256.0
2025-06-24 07:00:00,SOLAR_MUNICH_01,solar,1.262,5.0,266.5,4.33,12.4,18.0,3.403,1035.2
2025-06-24 08:00:00,SOLAR_MUNICH_01,solar,0.954,5.0,195.1,8.29,18.2,66.1,3.815,782.0
2025-06-24 09:00:00,SOLAR_MUNICH_01,solar,2.478,5.0,478.4,9.62,13.2,26.6,3.179,2031.6
2025-06-24 10:00:00,SOLAR_MUNICH_01,solar,2.226,5.0,451.3,6.19,17.2,35.7,3.79,1825.0
2025-06-24 11:00:00,SOLAR_MUNICH_01,solar,2.252,5.0,426.6,15.25,13.5,59.4,5.004,1846.4
2025-06-24 12:00:00,SOLAR_MUNICH_01,solar,2.529,5.0,495.6,4.43,14.6,58.8,3.917,2074.0
2025-06-24 13:00:00,SOLAR_MUNICH_01,solar,2.281,5.0,439.5,5.82,17.9,60.1,4.872,1870.6
2025-06-24 14:00:00,SOLAR_MUNICH_01,solar,2.546,5.0,514.0,5.77,20.0,42.4,4.709,2087.5
2025-06-24 15:00:00,SOLAR_MUNICH_01,solar,2.902,5.0,571.9,8.05,25.3,34.1,4.719,2379.3
2025-06-24 16:00:00,SOLAR_MUNICH_01,solar,2.669,5.0,530.4,9.18,24.2,26.6,4.826,2188.7
2025-06-24 17:00:00,SOLAR_MUNICH_01,solar,2.388,5.0,488.2,12.85,30.3,31.5,3.931,1958.5
2025-06-24 18:00:00,SOLAR_MUNICH_01,solar,1.697,5.0,351.0,15.79,30.3,41.6,3.87,1391.6
2025-06-24 19:00:00,SOLAR_MUNICH_01,solar,1.061,5.0,205.9,10.95,27.9,48.6,3.488,869.9
2025-06-24 20:00:00,SOLAR_MUNICH_01,solar,0.887,5.0,179.3,5.72,28.2,10.7,4.002,727.5
2025-06-24 21:00:00,SOLAR_MUNICH_01,solar,0.0,5.0,0.0,16.71,26.5,7.5,3.396,0.0
2025-06-24 22:00:00,SOLAR_MUNICH_01,solar,0.0,5.0,0.0,11.72,25.6,33.6,2.941,0.0
2025-06-24 23:00:00,SOLAR_MUNICH_01,solar,0.0,5.0,0.0,17.9,26.4,38.3,2.444,0.0
2025-06-25 00:00:00,SOLAR_MUNICH_01,solar,0.0,5.0,0.0,3.27,22.7,22.0,2.778,0.0
2025-06-25 01:00:00,SOLAR_MUNICH_01,solar,0.0,5.0,0.0,8.28,23.9,30.4,2.496,0.0
2025-06-25 02:00:00,SOLAR_MUNICH_01,solar,0.0,5.0,0.0,5.16,18.9,22.7,2.098,0.0
2025-06-25 03:00:00,SOLAR_MUNICH_01,solar,0.07,5.0,0.0,11.49,17.7,53.4,2.111,57.6
2025-06-25 04:00:00,SOLAR_MUNICH_01,solar,0.0,5.0,0.0,10.74,13.7,66.0,2.788,0.0
2025-06-25 05:00:00,SOLAR_MUNICH_01,solar,0.085,5.0,6.8,7.44,14.1,32.6,2.705,69.4
2025-06-25 06:00:00,SOLAR_MUNICH_01,solar,0.095,5.0,20.5,5.68,12.3,55.7,3.332,77.8
2025-06-25 07:00:00,SOLAR_MUNICH_01,solar,1.165,5.0,216.1,14.74,14.3,41.1,3.921,955.2
2025-06-25 08:00:00,SOLAR_MUNICH_01,solar,2.092,5.0,412.9,13.42,14.3,21.4,3.743,1715.3
2025-06-25 09:00:00,SOLAR_MUNICH_01,solar,2.127,5.0,414.3,4.77,12.9,28.7,3.047,1743.8
2025-06-25 10:00:00,SOLAR_MUNICH_01,solar,2.948,5.0,564.0,7.83,12.2,38.4,3.839,2417.3
2025-06-25 11:00:00,SOLAR_MUNICH_01,solar,1.807,5.0,347.7,11.51,11.5,70.5,4.785,1482.0
2025-06-25 12:00:00,SOLAR_MUNICH_01,solar,4.252,5.0,829.1,4.44,14.8,10.0,4.784,3486.8
2025-06-25 13:00:00,SOLAR_MUNICH_01,solar,3.671,5.0,736.2,9.37,17.0,20.2,4.434,3010.1
2025-06-25 14:00:00,SOLAR_MUNICH_01,solar,2.399,5.0,479.4,7.21,20.5,56.7,4.92,1967.1
2025-06-25 15:00:00,SOLAR_MUNICH_01,solar,3.415,5.0,660.7,13.31,19.4,26.3,4.331,2800.2
2025-06-25 16:00:00,SOLAR_MUNICH_01,solar,3.301,5.0,644.3,9.27,21.1,11.5,4.907,2706.7
2025-06-25 17:00:00,SOLAR_MUNICH_01,solar,1.772,5.0,333.8,8.27,24.4,64.9,4.517,1453.2
2025-06-25 18:00:00,SOLAR_MUNICH_01,solar,1.849,5.0,386.6,4.45,26.5,29.1,3.996,1516.3
2025-06-25 19:00:00,SOLAR_MUNICH_01,solar,0.709,5.0,144.5,16.44,27.2,62.8,4.222,581.2
2025-06-25 20:00:00,SOLAR_MUNICH_01,solar,0.612,5.0,121.6,6.17,27.6,38.8,3.21,501.7
2025-06-25 21:00:00,SOLAR_MUNICH_01,solar,0.061,5.0,0.0,6.82,28.1,67.2,3.134,50.2
2025-06-25 22:00:00,SOLAR_MUNICH_01,solar,0.0,5.0,0.0,17.37,25.4,19.9,2.796,0.0
2025-06-25 23:00:00,SOLAR_MUNICH_01,solar,0.013,5.0,0.0,11.24,27.2,15.8,2.644,10.7
2025-06-26 00:00:00,SOLAR_MUNICH_01,solar,0.0,5.0,0.0,15.37,23.5,2.6,2.511,0.0
2025-06-26 01:00:00,SOLAR_MUNICH_01,solar,0.0,5.0,0.0,8.35,24.4,19.4,2.253,0.0
2025-06-26 02:00:00,SOLAR_MUNICH_01,solar,0.04,5.0,0.0,7.1,19.6,9.1,1.971,33.0
2025-06-26 03:00:00,SOLAR_MUNICH_01,solar,0.0,5.0,0.0,17.39,17.8,36.0,2.503,0.0
2025-06-26 04:00:00,SOLAR_MUNICH_01,solar,0.0,5.0,0.0,14.25,14.2,64.5,2.866,0.0
2025-06-26 05:00:00,SOLAR_MUNICH_01,solar,0.097,5.0,32.8,6.06,11.3,50.8,2.723,79.3
2025-06-26 06:00:00,SOLAR_MUNICH_01,solar,0.887,5.0,166.2,9.43,14.5,6.5,2.441,727.1
2025-06-26 07:00:00,SOLAR_MUNICH_01,solar,1.544,5.0,306.9,11.68,14.6,22.3,3.075,1265.9
2025-06-26 08:00:00,SOLAR_MUNICH_01,solar,1.452,5.0,299.2,8.29,8.0,47.0,3.269,1190.6
2025-06-26 09:00:00,SOLAR_MUNICH_01,solar,2.468,5.0,467.2,6.41,8.7,34.3,3.913,2023.6
2025-06-26 10:00:00,SOLAR_MUNICH_01,solar,2.775,5.0,528.3,7.53,13.0,36.3,4.196,2275.7
2025-06-26 11:00:00,SOLAR_MUNICH_01,solar,3.118,5.0,589.0,10.75,11.5,28.9,4.038,2556.9
2025-06-26 12:00:00,SOLAR_MUNICH_01,solar,3.546,5.0,695.4,8.64,15.6,29.4,4.441,2907.6
2025-06-26 13:00:00,SOLAR_MUNICH_01,solar,16.427,5.0,391.4,13.71,18.2,57.3,4.749,13469.8
2025-06-26 14:00:00,SOLAR_MUNICH_01,solar,3.895,5.0,761.0,6.96,21.6,15.7,4.419,3193.8
2025-06-26 15:00:00,SOLAR_MUNICH_01,solar,2.213,5.0,449.2,6.71,21.7,53.4,4.775,1814.7
2025-06-26 16:00:00,SOLAR_MUNICH_01,solar,1.7,5.0,325.7,8.4,22.3,65.3,4.371,1394.1
2025-06-26 17:00:00,SOLAR_MUNICH_01,solar,2.836,5.0,566.5,8.24,27.9,18.1,4.024,2325.7
2025-06-26 18:00:00,SOLAR_MUNICH_01,solar,0.908,5.0,191.3,12.75,30.2,76.2,4.565,744.4
2025-06-26 19:00:00,SOLAR_MUNICH_01,solar,1.243,5.0,235.5,13.19,29.3,29.7,4.028,1019.1
2025-06-26 20:00:00,SOLAR_MUNICH_01,solar,0.734,5.0,165.3,13.29,30.9,19.4,3.569,602.1
2025-06-26 21:00:00,SOLAR_MUNICH_01,solar,0.0,5.0,0.0,12.64,26.7,40.9,3.488,0.0
2025-06-26 22:00:00,SOLAR_MUNICH_01,solar,0.0,5.0,0.0,2.99,26.7,89.9,2.386,0.0
2025-06-26 23:00:00,SOLAR_MUNICH_01,solar,0.0,5.0,0.0,2.93,21.7,25.5,2.599,0.0
2025-06-27 00:00:00,SOLAR_MUNICH_01,solar,0.034,5.0,0.0,3.46,24.1,53.7,3.212,27.5
2025-06-27 01:00:00,SOLAR_MUNICH_01,solar,0.0,5.0,0.0,12.8,25.3,37.5,2.297,0.0
2025-06-27 02:00:00,SOLAR_MUNICH_01,solar,0.016,5.0,0.0,5.91,16.1,22.0,2.102,12.9
2025-06-27 03:00:00,SOLAR_MUNICH_01,solar,0.0,5.0,0.0,11.91,16.6,51.8,2.373,0.0
2025-06-27 04:00:00,SOLAR_MUNICH_01,solar,0.065,5.0,0.0,14.46,15.7,50.4,3.24,53.4
2025-06-27 05:00:00,SOLAR_MUNICH_01,solar,0.042,5.0,0.0,9.91,16.1,23.2,2.733,34.5
2025-06-27 06:00:00,SOLAR_MUNICH_01,solar,0.347,5.0,86.4,9.5,12.6,41.5,2.928,284.9
2025-06-27 07:00:00,SOLAR_MUNICH_01,solar,1.576,5.0,314.7,9.77,14.3,22.1,3.286,1292.7
2025-06-27 08:00:00,SOLAR_MUNICH_01,solar,2.045,5.0,393.7,4.61,13.0,21.6,3.594,1676.8
2025-06-27 09:00:00,SOLAR_MUNICH_01,solar,2.431,5.0,476.3,8.45,9.0,25.7,3.776,1993.2
2025-06-27 10:00:00,SOLAR_MUNICH_01,solar,3.131,5.0,614.0,13.8,13.7,25.4,3.879,2567.1
2025-06-27 11:00:00,SOLAR_MUNICH_01,solar,3.443,5.0,675.3,8.08,16.2,24.7,4.796,2823.6
2025-06-27 12:00:00,SOLAR_MUNICH_01,solar,3.199,5.0,620.6,9.06,15.5,35.8,4.878,2623.5
2025-06-27 13:00:00,SOLAR_MUNICH_01,solar,4.303,5.0,842.2,7.42,19.5,11.5,4.421,3528.4
2025-06-27 14:00:00,SOLAR_MUNICH_01,solar,2.334,5.0,470.7,5.44,23.2,53.2,4.137,1914.1
2025-06-27 15:00:00,SOLAR_MUNICH_01,solar,2.305,5.0,446.0,7.8,22.4,60.3,4.411,1890.5
2025-06-27 16:00:00,SOLAR_MUNICH_01,solar,2.798,5.0,561.7,19.72,23.9,39.0,4.583,2294.2
2025-06-27 17:00:00,SOLAR_MUNICH_01,solar,1.781,5.0,364.2,16.46,25.8,54.8,4.372,1460.1
2025-06-27 18:00:00,SOLAR_MUNICH_01,solar,1.628,5.0,338.2,9.98,28.7,38.2,3.665,1334.9
2025-06-27 19:00:00,SOLAR_MUNICH_01,solar,3.69,5.0,95.1,8.11,27.5,81.5,4.071,3026.0
2025-06-27 20:00:00,SOLAR_MUNICH_01,solar,0.241,5.0,54.5,4.12,26.5,70.9,3.592,197.3
2025-06-27 21:00:00,SOLAR_MUNICH_01,solar,0.064,5.0,25.5,7.27,25.1,52.2,3.148,52.2
2025-06-27 22:00:00,SOLAR_MUNICH_01,solar,0.093,5.0,0.0,8.23,28.1,17.4,2.821,75.9
2025-06-27 23:00:00,SOLAR_MUNICH_01,solar,0.008,5.0,0.0,18.39,25.1,58.3,2.74,6.9
2025-06-28 00:00:00,SOLAR_MUNICH_01,solar,0.0,5.0,0.0,8.47,23.5,14.8,1.39,0.0
2025-06-28 01:00:00,SOLAR_MUNICH_01,solar,0.013,5.0,0.0,8.93,24.3,75.5,1.745,10.7
2025-06-28 02:00:00,SOLAR_MUNICH_01,solar,0.06,5.0,0.0,17.44,20.4,52.3,2.513,49.1
2025-06-28 03:00:00,SOLAR_MUNICH_01,solar,0.0,5.0,0.0,14.01,16.0,7.8,2.236,0.0
2025-06-28 04:00:00,SOLAR_MUNICH_01,solar,0.0,5.0,0.0,17.03,17.3,82.1,1.655,0.0
2025-06-28 05:00:00,SOLAR_MUNICH_01,solar,0.0,5.0,0.0,9.08,18.1,13.3,1.987,0.0
2025-06-28 06:00:00,SOLAR_MUNICH_01,solar,0.746,5.0,150.7,7.42,14.3,10.9,2.093,611.6
2025-06-28 07:00:00,SOLAR_MUNICH_01,solar,1.407,5.0,279.4,14.05,14.2,15.8,2.811,1154.0
2025-06-28 08:00:00,SOLAR_MUNICH_01,solar,2.324,5.0,442.0,6.35,10.2,8.0,2.48,1906.0
2025-06-28 09:00:00,SOLAR_MUNICH_01,solar,1.405,5.0,263.2,8.46,11.4,67.6,3.17,1152.3
2025-06-28 10:00:00,SOLAR_MUNICH_01,solar,3.807,5.0,753.1,12.44,10.3,6.8,3.579,3121.7
2025-06-28 11:00:00,SOLAR_MUNICH_01,solar,1.968,5.0,388.6,7.75,14.0,59.2,4.228,1613.6
2025-06-28 12:00:00,SOLAR_MUNICH_01,solar,1.533,5.0,304.7,13.24,18.5,74.3,4.004,1257.3
2025-06-28 13:00:00,SOLAR_MUNICH_01,solar,2.966,5.0,575.4,7.86,20.4,39.0,3.476,2432.1
2025-06-28 14:00:00,SOLAR_MUNICH_01,solar,3.175,5.0,601.4,7.43,22.4,35.5,4.079,2603.8
2025-06-28 15:00:00,SOLAR_MUNICH_01,solar,4.107,5.0,823.1,4.38,24.5,4.3,3.839,3367.5
2025-06-28 16:00:00,SOLAR_MUNICH_01,solar,1.289,5.0,256.5,5.69,25.0,70.6,3.664,1057.1
2025-06-28 17:00:00,SOLAR_MUNICH_01,solar,2.024,5.0,381.9,10.33,24.2,48.7,3.518,1660.0
2025-06-28 18:00:00,SOLAR_MUNICH_01,solar,2.385,5.0,479.8,4.78,27.0,10.6,4.028,1955.4
2025-06-28 19:00:00,SOLAR_MUNICH_01,solar,1.511,5.0,295.8,14.61,29.1,4.4,3.603,1239.3
2025-06-28 20:00:00,SOLAR_MUNICH_01,solar,0.833,5.0,165.0,5.69,32.0,43.1,3.201,682.7
2025-06-28 21:00:00,SOLAR_MUNICH_01,solar,0.021,5.0,19.2,5.65,25.7,52.2,3.054,17.1
2025-06-28 22:00:00,SOLAR_MUNICH_01,solar,0.0,5.0,0.0,6.97,25.0,52.8,2.447,0.0
2025-06-28 23:00:00,SOLAR_MUNICH_01,solar,0.04,5.0,0.0,8.79,26.5,28.4,2.345,32.4
2025-06-29 00:00:00,SOLAR_MUNICH_01,solar,0.054,5.0,0.0,3.69,24.5,32.8,1.64,43.9
2025-06-29 01:00:00,SOLAR_MUNICH_01,solar,0.0,5.0,0.0,10.65,22.0,60.0,1.805,0.0
2025-06-29 02:00:00,SOLAR_MUNICH_01,solar,0.041,5.0,0.0,12.35,18.0,23.6,2.2,33.6
2025-06-29 03:00:00,SOLAR_MUNICH_01,solar,0.0,5.0,0.0,8.66,17.4,67.7,2.248,0.0
2025-06-29 04:00:00,SOLAR_MUNICH_01,solar,0.004,5.0,0.0,9.26,13.3,45.8,2.399,3.1
2025-06-29 05:00:00,SOLAR_MUNICH_01,solar,0.12,5.0,21.7,8.49,17.4,46.3,2.172,98.3
2025-06-29 06:00:00,SOLAR_MUNICH_01,solar,0.656,5.0,109.6,10.52,10.8,14.2,2.234,538.3
2025-06-29 07:00:00,SOLAR_MUNICH_01,solar,1.243,5.0,241.4,12.84,13.8,39.2,2.611,1019.2
2025-06-29 08:00:00,SOLAR_MUNICH_01,solar,1.874,5.0,360.7,15.08,10.5,33.1,2.714,1536.7
2025-06-29 09:00:00,SOLAR_MUNICH_01,solar,1.191,5.0,237.4,5.87,15.6,71.2,3.308,976.6
2025-06-29 10:00:00,SOLAR_MUNICH_01,solar,3.479,5.0,663.8,11.31,14.1,9.4,3.105,2853.2
2025-06-29 11:00:00,SOLAR_MUNICH_01,solar,2.943,5.0,568.9,13.69,12.8,34.3,3.741,2412.9
2025-06-29 12:00:00,SOLAR_MUNICH_01,solar,4.239,5.0,821.6,7.51,15.6,14.4,3.694,3475.8
2025-06-29 13:00:00,SOLAR_MUNICH_01,solar,3.044,5.0,597.4,8.84,15.9,38.1,3.946,2496.3
2025-06-29 14:00:00,SOLAR_MUNICH_01,solar,3.255,5.0,614.9,5.98,15.7,34.9,3.73,2668.9
2025-06-29 15:00:00,SOLAR_MUNICH_01,solar,3.575,5.0,708.2,3.16,21.1,19.7,3.685,2931.3
2025-06-29 16:00:00,SOLAR_MUNICH_01,solar,2.79,5.0,535.2,7.54,20.6,38.4,3.675,2287.6
2025-06-29 17:00:00,SOLAR_MUNICH_01,solar,2.714,5.0,547.8,13.57,27.1,9.2,3.333,2225.4
2025-06-29 18:00:00,SOLAR_MUNICH_01,solar,1.017,5.0,199.4,8.32,25.1,86.2,3.835,834.3
2025-06-29 19:00:00,SOLAR_MUNICH_01,solar,1.059,5.0,239.5,6.74,25.6,25.3,3.194,868.7
2025-06-29 20:00:00,SOLAR_MUNICH_01,solar,0.535,5.0,84.6,2.74,27.0,39.7,3.535,438.8
2025-06-29 21:00:00,SOLAR_MUNICH_01,solar,0.0,5.0,0.0,13.83,30.9,17.4,2.32,0.0
2025-06-29 22:00:00,SOLAR_MUNICH_01,solar,0.069,5.0,0.0,13.0,24.8,36.5,1.955,56.2
2025-06-29 23:00:00,SOLAR_MUNICH_01,solar,0.015,5.0,0.0,12.2,25.5,29.7,2.145,11.9
2025-06-30 00:00:00,SOLAR_MUNICH_01,solar,0.003,5.0,0.0,6.24,26.1,48.2,2.991,2.2
2025-06-30 01:00:00,SOLAR_MUNICH_01,solar,0.0,5.0,0.0,6.4,19.9,17.6,2.49,0.0
2025-06-30 02:00:00,SOLAR_MUNICH_01,solar,0.0,5.0,0.0,9.51,21.0,69.6,1.631,0.0
2025-06-30 03:00:00,SOLAR_MUNICH_01,solar,0.071,5.0,0.0,5.12,17.1,47.7,2.573,58.1
2025-06-30 04:00:00,SOLAR_MUNICH_01,solar,0.048,5.0,0.0,12.68,16.3,25.8,2.228,39.7
2025-06-30 05:00:00,SOLAR_MUNICH_01,solar,0.132,5.0,27.3,3.46,13.6,81.5,2.34,108.3
2025-06-30 06:00:00,SOLAR_MUNICH_01,solar,0.89,5.0,162.5,11.52,13.9,27.8,3.1,730.1
2025-06-30 07:00:00,SOLAR_MUNICH_01,solar,1.027,5.0,192.6,8.22,10.2,58.2,2.963,842.4
2025-06-30 08:00:00,SOLAR_MUNICH_01,solar,2.174,5.0,405.6,8.24,10.2,29.6,3.538,1782.9
2025-06-30 09:00:00,SOLAR_MUNICH_01,solar,1.397,5.0,258.7,3.61,13.8,70.2,4.018,1145.9
2025-06-30 10:00:00,SOLAR_MUNICH_01,solar,3.456,5.0,663.2,13.99,10.9,19.6,3.672,2834.0
2025-06-30 11:00:00,SOLAR_MUNICH_01,solar,2.16,5.0,430.7,12.25,13.4,63.6,4.402,1771.6
2025-06-30 12:00:00,SOLAR_MUNICH_01,solar,2.853,5.0,555.9,17.21,15.5,40.7,4.831,2339.2
2025-06-30 13:00:00,SOLAR_MUNICH_01,solar,3.672,5.0,714.5,9.17,19.2,19.3,4.655,3010.8
2025-06-30 14:00:00,SOLAR_MUNICH_01,solar,2.299,5.0,441.1,7.86,19.3,63.7,4.887,1885.4
2025-06-30 15:00:00,SOLAR_MUNICH_01,solar,4.014,5.0,791.0,5.13,19.2,4.7,4.778,3291.8
2025-06-30 16:00:00,SOLAR_MUNICH_01,solar,2.976,5.0,606.6,12.41,24.3,16.3,4.671,2440.6
2025-06-30 17:00:00,SOLAR_MUNICH_01,solar,1.609,5.0,330.8,11.17,27.3,67.4,4.191,1319.2
2025-06-30 18:00:00,SOLAR_MUNICH_01,solar,2.067,5.0,410.6,4.95,28.7,28.1,3.888,1695.1
2025-06-30 19:00:00,SOLAR_MUNICH_01,solar,0.921,5.0,192.2,9.04,27.6,46.3,3.701,755.3
2025-06-30 20:00:00,SOLAR_MUNICH_01,solar,0.508,5.0,96.1,8.99,25.4,65.6,3.242,416.8
2025-06-30 21:00:00,SOLAR_MUNICH_01,solar,0.0,5.0,0.0,7.5,30.4,32.7,3.144,0.0
2025-06-30 22:00:00,SOLAR_MUNICH_01,solar,0.071,5.0,0.0,10.07,24.2,34.1,3.135,58.0
2025-06-30 23:00:00,SOLAR_MUNICH_01,solar,0.045,5.0,0.0,8.86,23.9,30.3,2.553,37.0
2025-06-01 00:00:00,WIND_AUGSBURG_02,wind,0.755,8.0,0.0,9.42,21.8,16.5,1.977,618.9
2025-06-01 01:00:00,WIND_AUGSBURG_02,wind,0.0,8.0,0.0,4.95,19.5,27.9,1.886,0.0
2025-06-01 02:00:00,WIND_AUGSBURG_02,wind,1.542,8.0,0.0,9.28,21.1,64.9,2.266,1264.7
2025-06-01 03:00:00,WIND_AUGSBURG_02,wind,0.0,8.0,0.0,7.25,16.1,30.1,2.216,0.0
2025-06-01 04:00:00,WIND_AUGSBURG_02,wind,0.0,8.0,0.0,4.55,17.4,56.6,2.379,0.0
2025-06-01 05:00:00,WIND_AUGSBURG_02,wind,0.0,8.0,0.0,3.26,15.7,16.5,2.385,0.0
2025-06-01 06:00:00,WIND_AUGSBURG_02,wind,1.179,8.0,104.3,9.8,10.3,60.4,2.098,966.5
2025-06-01 07:00:00,WIND_AUGSBURG_02,wind,1.023,8.0,215.5,4.15,15.1,51.1,1.9,839.0
2025-06-01 08:00:00,WIND_AUGSBURG_02,wind,4.67,8.0,389.2,13.5,12.7,33.0,2.873,3829.3
2025-06-01 09:00:00,WIND_AUGSBURG_02,wind,0.0,8.0,377.7,4.17,12.2,52.0,3.701,0.0
2025-06-01 10:00:00,WIND_AUGSBURG_02,wind,0.0,8.0,620.5,3.62,15.6,18.0,3.569,0.0
2025-06-01 11:00:00,WIND_AUGSBURG_02,wind,0.312,8.0,782.3,7.68,9.0,10.3,3.691,255.6
2025-06-01 12:00:00,WIND_AUGSBURG_02,wind,0.054,8.0,452.4,4.07,18.3,57.9,3.826,44.6
2025-06-01 13:00:00,WIND_AUGSBURG_02,wind,3.274,8.0,678.0,11.93,20.2,32.4,4.403,2684.5
2025-06-01 14:00:00,WIND_AUGSBURG_02,wind,8.0,8.0,707.6,16.85,19.6,26.8,4.638,6560.0
2025-06-01 15:00:00,WIND_AUGSBURG_02,wind,0.235,8.0,623.5,6.6,21.1,27.2,3.874,192.4
2025-06-01 16:00:00,WIND_AUGSBURG_02,wind,1.143,8.0,383.3,8.16,24.5,61.0,3.794,937.2
2025-06-01 17:00:00,WIND_AUGSBURG_02,wind,0.0,8.0,271.1,5.46,23.3,71.2,3.309,0.0
2025-06-01 18:00:00,WIND_AUGSBURG_02,wind,8.0,8.0,329.4,17.41,27.0,47.9,3.249,6560.0
2025-06-01 19:00:00,WIND_AUGSBURG_02,wind,5.131,8.0,237.5,13.18,28.1,37.2,3.566,4207.4
2025-06-01 20:00:00,WIND_AUGSBURG_02,wind,0.03,8.0,126.0,8.75,32.7,15.2,2.779,24.8
2025-06-01 21:00:00,WIND_AUGSBURG_02,wind,0.0,8.0,0.0,9.37,23.6,27.4,2.499,0.0
2025-06-01 22:00:00,WIND_AUGSBURG_02,wind,0.678,8.0,0.0,7.1,28.7,69.7,2.827,556.0
2025-06-01 23:00:00,WIND_AUGSBURG_02,wind,5.926,8.0,0.0,14.05,22.3,62.1,2.367,4859.3
2025-06-02 00:00:00,WIND_AUGSBURG_02,wind,0.444,8.0,0.0,5.82,24.4,37.1,2.795,364.4
2025-06-02 01:00:00,WIND_AUGSBURG_02,wind,8.0,8.0,0.0,16.59,26.4,52.4,2.623,6560.0
2025-06-02 02:00:00,WIND_AUGSBURG_02,wind,0.72,8.0,0.0,8.56,22.4,60.9,2.019,590.7
2025-06-02 03:00:00,WIND_AUGSBURG_02,wind,0.847,8.0,0.0,7.97,18.1,46.0,2.98,694.7
2025-06-02 04:00:00,WIND_AUGSBURG_02,wind,0.144,8.0,0.0,4.81,18.1,34.8,2.435,117.9
2025-06-02 05:00:00,WIND_AUGSBURG_02,wind,0.355,8.0,0.0,7.31,14.1,63.3,2.275,291.0
2025-06-02 06:00:00,WIND_AUGSBURG_02,wind,0.937,8.0,174.0,9.89,11.6,39.9,2.39,768.2
2025-06-02 07:00:00,WIND_AUGSBURG_02,wind,4.237,8.0,299.6,13.2,11.7,21.1,3.484,3474.1
2025-06-02 08:00:00,WIND_AUGSBURG_02,wind,8.0,8.0,266.9,19.78,12.9,54.6,3.76,6560.0
2025-06-02 09:00:00,WIND_AUGSBURG_02,wind,0.385,8.0,537.5,8.54,13.9,24.0,3.622,315.4
2025-06-02 10:00:00,WIND_AUGSBURG_02,wind,0.027,8.0,408.4,6.72,10.5,48.8,3.968,22.0
2025-06-02 11:00:00,WIND_AUGSBURG_02,wind,0.304,8.0,588.2,5.17,13.6,41.3,4.798,248.9
2025-06-02 12:00:00,WIND_AUGSBURG_02,wind,3.996,8.0,677.5,12.53,15.6,27.5,4.854,3276.6
2025-06-02 13:00:00,WIND_AUGSBURG_02,wind,1.108,8.0,516.3,9.37,17.9,46.7,4.907,908.3
2025-06-02 14:00:00,WIND_AUGSBURG_02,wind,4.025,8.0,436.9,12.72,20.1,60.8,5.035,3300.3
2025-06-02 15:00:00,WIND_AUGSBURG_02,wind,3.992,8.0,841.6,12.31,19.7,2.7,4.683,3273.5
2025-06-02 16:00:00,WIND_AUGSBURG_02,wind,1.008,8.0,458.1,8.63,23.4,35.7,4.477,826.6
2025-06-02 17:00:00,WIND_AUGSBURG_02,wind,0.996,8.0,551.2,8.1,29.1,19.3,4.333,816.9
2025-06-02 18:00:00,WIND_AUGSBURG_02,wind,1.309,8.0,288.9,6.0,26.9,50.9,4.341,1073.5
2025-06-02 19:00:00,WIND_AUGSBURG_02,wind,8.0,8.0,259.4,22.88,27.7,18.4,3.539,6560.0
2025-06-02 20:00:00,WIND_AUGSBURG_02,wind,0.0,8.0,84.1,2.88,25.3,63.0,3.164,0.0
2025-06-02 21:00:00,WIND_AUGSBURG_02,wind,3.003,8.0,0.0,11.39,23.1,80.8,3.737,2462.8
2025-06-02 22:00:00,WIND_AUGSBURG_02,wind,0.177,8.0,0.0,3.43,27.0,37.8,2.82,145.2
2025-06-02 23:00:00,WIND_AUGSBURG_02,wind,2.235,8.0,0.0,10.28,28.0,36.5,2.762,1832.4
2025-06-03 00:00:00,WIND_AUGSBURG_02,wind,0.561,8.0,0.0,8.17,23.2,46.0,2.162,459.9
2025-06-03 01:00:00,WIND_AUGSBURG_02,wind,8.0,8.0,0.0,15.1,21.1,13.2,2.111,6560.0
2025-06-03 02:00:00,WIND_AUGSBURG_02,wind,0.23,8.0,0.0,7.58,21.3,41.7,2.768,188.5
2025-06-03 03:00:00,WIND_AUGSBURG_02,wind,0.0,8.0,0.0,3.31,18.2,28.3,2.608,0.0
2025-06-03 04:00:00,WIND_AUGSBURG_02,wind,1.921,8.0,0.0,10.84,16.2,23.9,2.366,1575.4
2025-06-03 05:00:00,WIND_AUGSBURG_02,wind,0.621,8.0,0.0,8.21,13.0,72.5,2.631,508.9
2025-06-03 06:00:00,WIND_AUGSBURG_02,wind,0.35,8.0,37.6,8.66,13.1,71.3,2.882,286.7
2025-06-03 07:00:00,WIND_AUGSBURG_02,wind,0.0,8.0,297.1,5.98,8.0,19.9,3.213,0.0
2025-06-03 08:00:00,WIND_AUGSBURG_02,wind,2.726,8.0,241.8,11.55,10.5,68.2,2.924,2235.1
2025-06-03 09:00:00,WIND_AUGSBURG_02,wind,0.933,8.0,297.3,7.58,9.4,66.3,3.847,764.9
2025-06-03 10:00:00,WIND_AUGSBURG_02,wind,0.479,8.0,645.8,6.71,13.4,21.8,4.292,392.7
2025-06-03 11:00:00,WIND_AUGSBURG_02,wind,1.764,8.0,730.8,10.23,15.4,8.6,4.133,1446.1
2025-06-03 12:00:00,WIND_AUGSBURG_02,wind,0.334,8.0,503.9,6.18,16.2,52.5,4.704,274.0
2025-06-03 13:00:00,WIND_AUGSBURG_02,wind,2.246,8.0,692.8,10.98,19.5,25.8,4.604,1841.9
2025-06-03 14:00:00,WIND_AUGSBURG_02,wind,0.0,8.0,319.5,4.01,17.7,79.3,4.29,0.0
2025-06-03 15:00:00,WIND_AUGSBURG_02,wind,0.02,8.0,625.8,3.85,19.7,22.7,4.867,16.3
2025-06-03 16:00:00,WIND_AUGSBURG_02,wind,1.52,8.0,579.0,10.63,23.1,16.6,4.445,1246.5
2025-06-03 17:00:00,WIND_AUGSBURG_02,wind,5.18,8.0,523.2,13.26,25.2,25.1,4.646,4247.5
2025-06-03 18:00:00,WIND_AUGSBURG_02,wind,0.0,8.0,277.6,4.7,29.1,46.7,3.988,0.0
2025-06-03 19:00:00,WIND_AUGSBURG_02,wind,0.419,8.0,220.8,6.45,28.1,35.6,3.66,343.9
2025-06-03 20:00:00,WIND_AUGSBURG_02,wind,5.441,8.0,99.1,13.54,24.6,39.0,3.372,4462.0
2025-06-03 21:00:00,WIND_AUGSBURG_02,wind,3.184,8.0,37.5,11.77,30.0,14.7,3.609,2611.0
2025-06-03 22:00:00,WIND_AUGSBURG_02,wind,0.69,8.0,0.0,5.43,29.8,13.8,3.309,566.1
2025-06-03 23:00:00,WIND_AUGSBURG_02,wind,0.041,8.0,0.0,8.24,27.8,21.3,3.066,33.9
2025-06-04 00:00:00,WIND_AUGSBURG_02,wind,0.877,8.0,0.0,9.24,25.0,28.4,2.3,718.8
2025-06-04 01:00:00,WIND_AUGSBURG_02,wind,2.153,8.0,0.0,10.65,24.5,26.5,2.684,1765.4
2025-06-04 02:00:00,WIND_AUGSBURG_02,wind,0.0,8.0,0.0,4.46,17.7,14.4,2.721,0.0
2025-06-04 03:00:00,WIND_AUGSBURG_02,wind,1.55,8.0,0.0,8.99,21.3,73.7,2.351,1270.6
2025-06-04 04:00:00,WIND_AUGSBURG_02,wind,1.059,8.0,0.0,9.42,14.1,23.3,2.398,868.6
2025-06-04 05:00:00,WIND_AUGSBURG_02,wind,0.907,8.0,5.1,8.83,12.2,24.3,2.448,744.1
2025-06-04 06:00:00,WIND_AUGSBURG_02,wind,0.287,8.0,132.9,6.74,12.4,42.1,3.162,235.5
2025-06-04 07:00:00,WIND_AUGSBURG_02,wind,0.657,8.0,179.9,7.39,14.1,52.8,3.281,538.4
2025-06-04 08:00:00,WIND_AUGSBURG_02,wind,8.0,8.0,377.8,15.17,10.5,36.7,3.386,6560.0
2025-06-04 09:00:00,WIND_AUGSBURG_02,wind,0.0,8.0,448.2,3.64,15.5,33.3,4.103,0.0
2025-06-04 10:00:00,WIND_AUGSBURG_02,wind,1.548,8.0,420.4,8.85,13.6,53.2,4.04,1269.5
2025-06-04 11:00:00,WIND_AUGSBURG_02,wind,0.395,8.0,499.9,8.59,13.9,51.8,4.655,323.8
2025-06-04 12:00:00,WIND_AUGSBURG_02,wind,0.404,8.0,319.2,7.7,20.0,80.7,4.634,331.6
2025-06-04 13:00:00,WIND_AUGSBURG_02,wind,1.47,8.0,522.6,9.0,19.1,54.8,5.059,1205.1
2025-06-04 14:00:00,WIND_AUGSBURG_02,wind,1.029,8.0,402.0,8.99,20.8,63.7,4.365,843.5
2025-06-04 15:00:00,WIND_AUGSBURG_02,wind,0.273,8.0,693.1,5.62,25.8,24.8,4.981,223.5
2025-06-04 16:00:00,WIND_AUGSBURG_02,wind,0.227,8.0,478.1,4.71,21.4,42.4,4.0,185.8
2025-06-04 17:00:00,WIND_AUGSBURG_02,wind,1.265,8.0,654.9,8.08,25.6,4.3,4.551,1037.4
2025-06-04 18:00:00,WIND_AUGSBURG_02,wind,1.187,8.0,346.5,8.27,27.2,36.0,4.08,973.5
2025-06-04 19:00:00,WIND_AUGSBURG_02,wind,0.773,8.0,214.9,8.71,30.2,55.5,3.821,633.7
2025-06-04 20:00:00,WIND_AUGSBURG_02,wind,0.0,8.0,154.6,7.49,30.1,21.2,3.001,0.0
2025-06-04 21:00:00,WIND_AUGSBURG_02,wind,0.67,8.0,0.0,8.98,29.5,13.3,3.217,549.7
2025-06-04 22:00:00,WIND_AUGSBURG_02,wind,0.0,8.0,0.0,4.58,20.8,0.8,3.116,0.0
2025-06-04 23:00:00,WIND_AUGSBURG_02,wind,0.0,8.0,0.0,2.98,24.7,59.4,2.543,0.0
2025-06-05 00:00:00,WIND_AUGSBURG_02,wind,0.908,8.0,0.0,8.99,21.7,62.7,2.932,744.3
2025-06-05 01:00:00,WIND_AUGSBURG_02,wind,0.704,8.0,0.0,7.32,20.7,28.2,2.117,576.9
2025-06-05 02:00:00,WIND_AUGSBURG_02,wind,0.853,8.0,0.0,6.95,18.0,24.9,2.638,699.8
2025-06-05 03:00:00,WIND_AUGSBURG_02,wind,8.0,8.0,0.0,15.22,19.5,36.1,2.708,6560.0
2025-06-05 04:00:00,WIND_AUGSBURG_02,wind,0.084,8.0,0.0,8.35,19.2,78.2,3.085,69.1
2025-06-05 05:00:00,WIND_AUGSBURG_02,wind,0.224,8.0,24.4,4.06,14.2,49.7,2.454,183.7
2025-06-05 06:00:00,WIND_AUGSBURG_02,wind,6.526,8.0,93.2,14.25,12.6,37.1,3.654,5351.5
2025-06-05 07:00:00,WIND_AUGSBURG_02,wind,0.556,8.0,281.3,8.3,12.0,47.2,3.297,455.7
2025-06-05 08:00:00,WIND_AUGSBURG_02,wind,2.551,8.0,404.2,11.05,9.7,23.7,3.138,2091.9
2025-06-05 09:00:00,WIND_AUGSBURG_02,wind,1.252,8.0,288.4,9.7,14.9,62.5,4.041,1026.7
2025-06-05 10:00:00,WIND_AUGSBURG_02,wind,0.403,8.0,721.6,8.79,15.7,8.5,4.2,330.2
2025-06-05 11:00:00,WIND_AUGSBURG_02,wind,3.355,8.0,565.0,12.19,14.1,38.8,4.567,2751.4
2025-06-05 12:00:00,WIND_AUGSBURG_02,wind,7.921,8.0,823.3,14.8,20.1,6.8,4.988,6495.3
2025-06-05 13:00:00,WIND_AUGSBURG_02,wind,2.489,8.0,511.3,11.02,18.3,51.0,4.433,2041.4
2025-06-05 14:00:00,WIND_AUGSBURG_02,wind,4.33,8.0,217.7,12.86,20.5,92.9,4.664,3550.8
2025-06-05 15:00:00,WIND_AUGSBURG_02,wind,1.448,8.0,607.0,10.1,22.6,30.9,4.778,1187.5
2025-06-05 16:00:00,WIND_AUGSBURG_02,wind,7.243,8.0,601.8,14.86,21.0,30.0,4.692,5939.3
2025-06-05 17:00:00,WIND_AUGSBURG_02,wind,0.517,8.0,531.0,7.59,22.5,17.9,4.359,423.8
2025-06-05 18:00:00,WIND_AUGSBURG_02,wind,5.189,8.0,413.0,13.83,26.6,17.4,4.164,4254.8
2025-06-05 19:00:00,WIND_AUGSBURG_02,wind,1.054,8.0,229.5,10.33,26.7,19.3,4.074,864.5
2025-06-05 20:00:00,WIND_AUGSBURG_02,wind,1.782,8.0,181.8,11.09,26.0,13.2,3.282,1461.5
2025-06-05 21:00:00,WIND_AUGSBURG_02,wind,0.0,8.0,0.0,2.71,27.4,76.4,3.273,0.0
2025-06-05 22:00:00,WIND_AUGSBURG_02,wind,1.408,8.0,0.0,9.37,31.5,53.3,3.584,1154.2
2025-06-05 23:00:00,WIND_AUGSBURG_02,wind,0.038,8.0,0.0,3.28,24.3,34.0,2.502,31.2
2025-06-06 00:00:00,WIND_AUGSBURG_02,wind,0.0,8.0,0.0,5.96,25.8,20.9,2.619,0.0
2025-06-06 01:00:00,WIND_AUGSBURG_02,wind,8.0,8.0,0.0,17.72,22.0,20.3,2.022,6560.0
2025-06-06 02:00:00,WIND_AUGSBURG_02,wind,0.406,8.0,0.0,4.18,18.6,12.5,2.096,333.2
2025-06-06 03:00:00,WIND_AUGSBURG_02,wind,1.044,8.0,0.0,7.87,16.1,23.8,2.284,856.0
2025-06-06 04:00:00,WIND_AUGSBURG_02,wind,3.646,8.0,0.0,11.94,14.0,79.2,2.546,2989.4
2025-06-06 05:00:00,WIND_AUGSBURG_02,wind,1.099,8.0,0.0,8.08,16.7,71.7,2.846,900.8
2025-06-06 06:00:00,WIND_AUGSBURG_02,wind,0.275,8.0,64.0,5.3,11.0,74.0,2.686,225.2
2025-06-06 07:00:00,WIND_AUGSBURG_02,wind,2.852,8.0,118.8,10.87,12.0,75.6,3.22,2338.6
2025-06-06 08:00:00,WIND_AUGSBURG_02,wind,0.68,8.0,352.6,7.76,7.5,35.1,3.485,557.6
2025-06-06 09:00:00,WIND_AUGSBURG_02,wind,0.643,8.0,352.3,8.38,10.2,57.9,4.031,527.2
2025-06-06 10:00:00,WIND_AUGSBURG_02,wind,7.409,8.0,440.4,14.51,12.4,53.5,3.908,6075.3
2025-06-06 11:00:00,WIND_AUGSBURG_02,wind,0.758,8.0,536.2,8.74,16.9,38.1,3.998,621.5
2025-06-06 12:00:00,WIND_AUGSBURG_02,wind,5.887,8.0,346.5,14.2,18.2,70.2,4.898,4826.9
2025-06-06 13:00:00,WIND_AUGSBURG_02,wind,1.442,8.0,277.3,8.81,14.6,87.3,4.332,1182.7
2025-06-06 14:00:00,WIND_AUGSBURG_02,wind,2.004,8.0,297.9,11.05,19.5,69.8,4.794,1643.6
2025-06-06 15:00:00,WIND_AUGSBURG_02,wind,0.573,8.0,350.7,8.88,20.5,68.4,4.668,469.5
2025-06-06 16:00:00,WIND_AUGSBURG_02,wind,8.0,8.0,464.1,15.48,21.1,45.6,4.726,6560.0
2025-06-06 17:00:00,WIND_AUGSBURG_02,wind,2.297,8.0,531.3,11.2,23.3,20.9,4.365,1883.6
2025-06-06 18:00:00,WIND_AUGSBURG_02,wind,1.186,8.0,396.7,9.2,24.7,17.3,4.317,972.6
2025-06-06 19:00:00,WIND_AUGSBURG_02,wind,1.53,8.0,126.5,8.76,26.7,61.4,3.417,1254.9
2025-06-06 20:00:00,WIND_AUGSBURG_02,wind,1.975,8.0,107.7,10.43,23.4,58.5,3.098,1619.3
2025-06-06 21:00:00,WIND_AUGSBURG_02,wind,0.0,8.0,5.9,4.3,30.2,27.8,3.567,0.0
2025-06-06 22:00:00,WIND_AUGSBURG_02,wind,0.718,8.0,0.0,6.46,28.6,64.2,2.872,589.0
2025-06-06 23:00:00,WIND_AUGSBURG_02,wind,0.556,8.0,0.0,7.81,26.8,48.2,2.465,456.3
2025-06-07 00:00:00,WIND_AUGSBURG_02,wind,0.0,8.0,0.0,2.27,23.8,54.9,2.233,0.0
2025-06-07 01:00:00,WIND_AUGSBURG_02,wind,8.0,8.0,0.0,15.19,25.0,47.1,1.87,6560.0
2025-06-07 02:00:00,WIND_AUGSBURG_02,wind,0.0,8.0,0.0,3.01,16.2,50.1,1.898,0.0
2025-06-07 03:00:00,WIND_AUGSBURG_02,wind,0.0,8.0,0.0,3.2,18.1,41.3,1.994,0.0
2025-06-07 04:00:00,WIND_AUGSBURG_02,wind,0.0,8.0,0.0,7.39,17.4,43.1,2.338,0.0
2025-06-07 05:00:00,WIND_AUGSBURG_02,wind,1.91,8.0,0.0,10.9,12.5,40.3,2.616,1566.1
2025-06-07 06:00:00,WIND_AUGSBURG_02,wind,0.0,8.0,143.4,4.29,9.6,26.5,2.672,0.0
2025-06-07 07:00:00,WIND_AUGSBURG_02,wind,0.351,8.0,230.8,7.98,12.4,49.6,2.46,288.0
2025-06-07 08:00:00,WIND_AUGSBURG_02,wind,0.0,8.0,416.9,7.93,10.3,14.0,3.264,0.0
2025-06-07 09:00:00,WIND_AUGSBURG_02,wind,2.751,8.0,445.9,10.99,12.6,38.8,3.518,2255.8
2025-06-07 10:00:00,WIND_AUGSBURG_02,wind,65.622,8.0,279.4,14.63,15.0,73.4,3.383,53809.7
2025-06-07 11:00:00,WIND_AUGSBURG_02,wind,0.349,8.0,453.5,5.22,10.6,52.3,3.623,286.2
2025-06-07 12:00:00,WIND_AUGSBURG_02,wind,2.125,8.0,451.3,10.17,15.2,61.3,4.072,1742.2
2025-06-07 13:00:00,WIND_AUGSBURG_02,wind,1.087,8.0,606.1,9.87,18.6,41.2,4.142,891.3
2025-06-07 14:00:00,WIND_AUGSBURG_02,wind,7.1,8.0,735.0,14.98,19.7,23.6,4.128,5821.6
2025-06-07 15:00:00,WIND_AUGSBURG_02,wind,29.95,8.0,701.5,11.94,18.3,21.4,4.08,24559.0
2025-06-07 16:00:00,WIND_AUGSBURG_02,wind,8.0,8.0,404.1,17.46,27.4,57.1,3.787,6560.0
2025-06-07 17:00:00,WIND_AUGSBURG_02,wind,0.642,8.0,355.1,9.23,22.8,51.5,3.392,526.7
2025-06-07 18:00:00,WIND_AUGSBURG_02,wind,4.334,8.0,320.1,13.17,26.5,42.3,3.339,3553.6
2025-06-07 19:00:00,WIND_AUGSBURG_02,wind,1.986,8.0,290.5,10.13,25.7,18.1,3.474,1628.8
2025-06-07 20:00:00,WIND_AUGSBURG_02,wind,0.041,8.0,107.3,6.19,28.6,46.7,2.838,33.4
2025-06-07 21:00:00,WIND_AUGSBURG_02,wind,0.0,8.0,38.7,6.7,28.3,72.3,2.754,0.0
2025-06-07 22:00:00,WIND_AUGSBURG_02,wind,0.0,8.0,0.0,2.25,26.2,22.5,2.869,0.0
2025-06-07 23:00:00,WIND_AUGSBURG_02,wind,4.094,8.0,0.0,11.77,27.5,78.1,1.916,3357.1
2025-06-08 00:00:00,WIND_AUGSBURG_02,wind,2.205,8.0,0.0,10.24,22.3,47.9,2.333,1808.2
2025-06-08 01:00:00,WIND_AUGSBURG_02,wind,8.0,8.0,0.0,17.68,23.1,61.8,2.582,6560.0
2025-06-08 02:00:00,WIND_AUGSBURG_02,wind,0.224,8.0,0.0,7.87,21.4,29.0,2.176,183.7
2025-06-08 03:00:00,WIND_AUGSBURG_02,wind,2.856,8.0,0.0,11.04,17.1,23.6,2.045,2341.9
2025-06-08 04:00:00,WIND_AUGSBURG_02,wind,0.52,8.0,0.0,8.78,16.1,74.5,1.94,426.6
2025-06-08 05:00:00,WIND_AUGSBURG_02,wind,2.951,8.0,0.0,11.48,12.5,34.8,2.428,2419.7
2025-06-08 06:00:00,WIND_AUGSBURG_02,wind,12.829,8.0,89.1,9.91,13.0,47.6,2.621,10519.9
2025-06-08 07:00:00,WIND_AUGSBURG_02,wind,5.1,8.0,206.9,13.38,14.2,41.3,2.69,4182.1
2025-06-08 08:00:00,WIND_AUGSBURG_02,wind,0.48,8.0,228.5,9.04,14.4,59.8,2.936,393.9
2025-06-08 09:00:00,WIND_AUGSBURG_02,wind,0.675,8.0,394.4,3.48,10.1,40.4,3.206,553.1
2025-06-08 10:00:00,WIND_AUGSBURG_02,wind,1.04,8.0,638.3,8.15,15.2,26.9,2.78,852.6
2025-06-08 11:00:00,WIND_AUGSBURG_02,wind,0.695,8.0,319.4,8.85,13.7,72.5,3.772,569.7
2025-06-08 12:00:00,WIND_AUGSBURG_02,wind,1.1,8.0,354.5,7.97,13.6,73.7,4.11,901.8
2025-06-08 13:00:00,WIND_AUGSBURG_02,wind,0.0,8.0,443.1,6.7,20.3,61.0,3.722,0.0
2025-06-08 14:00:00,WIND_AUGSBURG_02,wind,0.965,8.0,632.3,7.53,20.7,40.6,3.467,791.4
2025-06-08 15:00:00,WIND_AUGSBURG_02,wind,0.411,8.0,404.8,7.39,23.0,53.7,3.426,336.9
2025-06-08 16:00:00,WIND_AUGSBURG_02,wind,8.0,8.0,309.7,15.1,24.2,71.5,3.793,6560.0
2025-06-08 17:00:00,WIND_AUGSBURG_02,wind,1.06,8.0,292.1,8.8,26.1,60.0,3.755,869.0
2025-06-08 18:00:00,WIND_AUGSBURG_02,wind,0.864,8.0,445.9,8.63,26.6,16.8,3.329,708.5
2025-06-08 19:00:00,WIND_AUGSBURG_02,wind,1.688,8.0,213.8,10.39,30.3,46.4,3.291,1384.6
2025-06-08 20:00:00,WIND_AUGSBURG_02,wind,0.392,8.0,124.0,5.28,28.4,47.5,2.711,321.4
2025-06-08 21:00:00,WIND_AUGSBURG_02,wind,6.85,8.0,54.6,14.49,26.1,24.9,2.342,5617.1
2025-06-08 22:00:00,WIND_AUGSBURG_02,wind,0.723,8.0,0.0,6.33,30.1,7.2,2.605,592.7
2025-06-08 23:00:00,WIND_AUGSBURG_02,wind,0.0,8.0,0.0,3.57,22.0,77.1,1.779,0.0
2025-06-09 00:00:00,WIND_AUGSBURG_02,wind,0.0,8.0,0.0,6.63,23.9,16.5,1.87,0.0
2025-06-09 01:00:00,WIND_AUGSBURG_02,wind,2.408,8.0,0.0,11.31,21.4,46.4,2.382,1974.7
2025-06-09 02:00:00,WIND_AUGSBURG_02,wind,0.0,8.0,0.0,4.92,16.9,37.5,1.908,0.0
2025-06-09 03:00:00,WIND_AUGSBURG_02,wind,0.318,8.0,0.0,6.22,18.4,60.3,2.616,260.8
2025-06-09 04:00:00,WIND_AUGSBURG_02,wind,3.891,8.0,0.0,12.3,15.5,70.2,2.161,3190.4
2025-06-09 05:00:00,WIND_AUGSBURG_02,wind,0.958,8.0,50.3,9.75,11.0,82.1,2.734,785.5
2025-06-09 06:00:00,WIND_AUGSBURG_02,wind,0.0,8.0,141.2,6.73,15.6,28.4,3.026,0.0
2025-06-09 07:00:00,WIND_AUGSBURG_02,wind,0.0,8.0,292.3,5.83,10.3,8.0,3.078,0.0
2025-06-09 08:00:00,WIND_AUGSBURG_02,wind,0.0,8.0,364.4,5.16,14.1,43.1,3.857,0.0
2025-06-09 09:00:00,WIND_AUGSBURG_02,wind,0.0,8.0,535.9,6.68,10.5,16.9,3.677,0.0
2025-06-09 10:00:00,WIND_AUGSBURG_02,wind,0.881,8.0,710.6,5.55,12.5,7.0,3.787,722.4
2025-06-09 11:00:00,WIND_AUGSBURG_02,wind,8.0,8.0,476.0,16.27,12.3,54.0,4.604,6560.0
2025-06-09 12:00:00,WIND_AUGSBURG_02,wind,0.175,8.0,676.2,3.29,14.4,33.6,4.928,143.6
2025-06-09 13:00:00,WIND_AUGSBURG_02,wind,0.139,8.0,856.3,5.94,18.1,2.4,4.436,114.2
2025-06-09 14:00:00,WIND_AUGSBURG_02,wind,3.902,8.0,419.4,12.28,21.5,63.8,4.44,3199.5
2025-06-09 15:00:00,WIND_AUGSBURG_02,wind,1.407,8.0,698.3,9.65,19.6,21.3,4.619,1153.8
2025-06-09 16:00:00,WIND_AUGSBURG_02,wind,0.869,8.0,550.5,7.7,27.5,29.1,4.345,712.6
2025-06-09 17:00:00,WIND_AUGSBURG_02,wind,0.93,8.0,263.1,9.9,28.1,63.8,4.34,762.7
2025-06-09 18:00:00,WIND_AUGSBURG_02,wind,2.304,8.0,174.1,10.9,23.4,79.7,3.997,1889.0
2025-06-09 19:00:00,WIND_AUGSBURG_02,wind,0.0,8.0,325.7,6.87,27.8,22.1,3.44,0.0
2025-06-09 20:00:00,WIND_AUGSBURG_02,wind,0.047,8.0,138.9,6.65,26.8,11.3,3.15,38.8
2025-06-09 21:00:00,WIND_AUGSBURG_02,wind,1.84,8.0,0.0,9.28,25.2,31.4,3.538,1508.8
2025-06-09 22:00:00,WIND_AUGSBURG_02,wind,0.447,8.0,0.0,7.11,28.0,42.0,2.856,366.7
2025-06-09 23:00:00,WIND_AUGSBURG_02,wind,8.0,8.0,0.0,15.06,27.2,75.8,2.773,6560.0
2025-06-10 00:00:00,WIND_AUGSBURG_02,wind,0.1,8.0,0.0,7.69,24.0,49.0,2.399,81.7
2025-06-10 01:00:00,WIND_AUGSBURG_02,wind,0.606,8.0,0.0,6.82,22.3,79.4,2.478,497.2
2025-06-10 02:00:00,WIND_AUGSBURG_02,wind,0.0,8.0,0.0,6.35,20.3,48.9,2.604,0.0
2025-06-10 03:00:00,WIND_AUGSBURG_02,wind,0.397,8.0,0.0,8.63,15.7,21.7,2.392,325.4
2025-06-10 04:00:00,WIND_AUGSBURG_02,wind,3.252,8.0,0.0,11.16,13.4,69.3,2.493,2666.4
2025-06-10 05:00:00,WIND_AUGSBURG_02,wind,2.322,8.0,0.0,11.12,11.8,69.2,3.127,1904.4
2025-06-10 06:00:00,WIND_AUGSBURG_02,wind,4.826,8.0,86.1,12.96,14.3,43.8,2.729,3957.7
2025-06-10 07:00:00,WIND_AUGSBURG_02,wind,4.698,8.0,203.1,12.7,11.1,48.3,2.918,3852.5
2025-06-10 08:00:00,WIND_AUGSBURG_02,wind,1.427,8.0,178.1,9.44,9.4,68.2,3.457,1170.4
2025-06-10 09:00:00,WIND_AUGSBURG_02,wind,1.12,8.0,541.5,9.18,13.7,27.7,3.713,918.1
2025-06-10 10:00:00,WIND_AUGSBURG_02,wind,0.272,8.0,432.7,7.66,13.9,52.5,4.136,223.1
2025-06-10 11:00:00,WIND_AUGSBURG_02,wind,0.0,8.0,620.4,6.4,14.8,32.1,4.699,0.0
2025-06-10 12:00:00,WIND_AUGSBURG_02,wind,0.0,8.0,655.9,5.63,18.0,23.4,4.794,0.0
2025-06-10 13:00:00,WIND_AUGSBURG_02,wind,6.275,8.0,706.8,13.85,16.3,25.7,4.296,5145.9
2025-06-10 14:00:00,WIND_AUGSBURG_02,wind,0.834,8.0,688.1,7.35,19.6,18.4,5.134,684.3
2025-06-10 15:00:00,WIND_AUGSBURG_02,wind,2.303,8.0,645.1,10.44,16.5,32.1,5.068,1888.2
2025-06-10 16:00:00,WIND_AUGSBURG_02,wind,0.856,8.0,458.8,6.79,25.3,47.3,4.604,701.6
2025-06-10 17:00:00,WIND_AUGSBURG_02,wind,2.787,8.0,530.0,11.05,23.1,22.8,4.717,2285.7
2025-06-10 18:00:00,WIND_AUGSBURG_02,wind,0.105,8.0,426.4,5.61,25.1,33.2,4.262,86.3
2025-06-10 19:00:00,WIND_AUGSBURG_02,wind,1.546,8.0,285.2,9.15,27.9,16.2,4.167,1267.9
2025-06-10 20:00:00,WIND_AUGSBURG_02,wind,0.047,8.0,47.0,4.66,27.9,68.5,3.979,38.8
2025-06-10 21:00:00,WIND_AUGSBURG_02,wind,0.325,8.0,55.6,5.74,25.6,5.9,2.841,266.1
2025-06-10 22:00:00,WIND_AUGSBURG_02,wind,0.833,8.0,0.0,7.77,30.4,48.7,2.863,682.7
2025-06-10 23:00:00,WIND_AUGSBURG_02,wind,2.346,8.0,0.0,11.5,24.0,2.8,2.855,1923.4
2025-06-11 00:00:00,WIND_AUGSBURG_02,wind,0.745,8.0,0.0,6.8,22.5,29.2,2.64,610.7
2025-06-11 01:00:00,WIND_AUGSBURG_02,wind,0.295,8.0,0.0,5.34,24.2,59.1,2.401,241.5
2025-06-11 02:00:00,WIND_AUGSBURG_02,wind,0.661,8.0,0.0,9.01,19.5,27.5,2.368,542.3
2025-06-11 03:00:00,WIND_AUGSBURG_02,wind,0.397,8.0,0.0,8.48,16.6,47.5,2.281,325.8
2025-06-11 04:00:00,WIND_AUGSBURG_02,wind,0.0,8.0,0.0,9.57,14.8,28.7,2.806,0.0
2025-06-11 05:00:00,WIND_AUGSBURG_02,wind,8.0,8.0,0.0,15.01,11.8,39.6,2.467,6560.0
2025-06-11 06:00:00,WIND_AUGSBURG_02,wind,0.065,8.0,121.6,8.89,12.5,40.7,2.834,53.0
2025-06-11 07:00:00,WIND_AUGSBURG_02,wind,8.0,8.0,211.6,15.69,11.8,52.2,2.837,6560.0
2025-06-11 08:00:00,WIND_AUGSBURG_02,wind,1.187,8.0,393.3,9.58,13.4,15.5,3.758,973.3
2025-06-11 09:00:00,WIND_AUGSBURG_02,wind,0.461,8.0,351.6,7.34,14.6,60.5,3.944,378.2
2025-06-11 10:00:00,WIND_AUGSBURG_02,wind,8.0,8.0,207.6,15.79,15.6,90.7,4.198,6560.0
2025-06-11 11:00:00,WIND_AUGSBURG_02,wind,8.0,8.0,813.6,15.99,14.7,3.5,4.62,6560.0
2025-06-11 12:00:00,WIND_AUGSBURG_02,wind,8.0,8.0,688.3,15.63,13.7,24.0,4.731,6560.0
2025-06-11 13:00:00,WIND_AUGSBURG_02,wind,2.271,8.0,470.6,10.94,18.7,58.9,4.523,1862.5
2025-06-11 14:00:00,WIND_AUGSBURG_02,wind,2.243,8.0,765.0,11.0,20.7,16.6,4.758,1839.5
2025-06-11 15:00:00,WIND_AUGSBURG_02,wind,0.119,8.0,793.4,3.73,22.3,4.5,4.095,97.5
2025-06-11 16:00:00,WIND_AUGSBURG_02,wind,0.516,8.0,597.9,7.64,22.7,17.0,4.805,423.1
2025-06-11 17:00:00,WIND_AUGSBURG_02,wind,0.63,8.0,403.1,6.92,26.5,42.4,4.511,517.0
2025-06-11 18:00:00,WIND_AUGSBURG_02,wind,1.376,8.0,280.3,8.97,27.6,54.9,3.711,1128.1
2025-06-11 19:00:00,WIND_AUGSBURG_02,wind,0.294,8.0,342.6,8.09,31.4,8.8,4.008,240.7
2025-06-11 20:00:00,WIND_AUGSBURG_02,wind,0.701,8.0,122.9,6.66,29.6,32.5,3.151,574.9
2025-06-11 21:00:00,WIND_AUGSBURG_02,wind,1.055,8.0,0.0,10.43,26.7,16.3,3.062,864.9
2025-06-11 22:00:00,WIND_AUGSBURG_02,wind,0.437,8.0,0.0,5.56,23.7,67.7,2.55,358.1
2025-06-11 23:00:00,WIND_AUGSBURG_02,wind,0.648,8.0,0.0,8.99,27.3,62.2,2.643,531.6
2025-06-12 00:00:00,WIND_AUGSBURG_02,wind,8.0,8.0,0.0,17.54,24.4,39.0,2.99,6560.0
2025-06-12 01:00:00,WIND_AUGSBURG_02,wind,0.26,8.0,0.0,5.27,23.8,10.5,1.967,213.5
2025-06-12 02:00:00,WIND_AUGSBURG_02,wind,0.449,8.0,0.0,7.62,21.5,21.4,2.412,368.3
2025-06-12 03:00:00,WIND_AUGSBURG_02,wind,0.615,8.0,0.0,7.57,18.4,38.3,2.118,504.2
2025-06-12 04:00:00,WIND_AUGSBURG_02,wind,0.0,8.0,0.0,7.73,15.2,31.6,2.411,0.0
2025-06-12 05:00:00,WIND_AUGSBURG_02,wind,1.12,8.0,14.1,8.09,15.9,74.1,2.304,918.7
2025-06-12 06:00:00,WIND_AUGSBURG_02,wind,0.0,8.0,48.2,5.46,14.0,71.4,2.808,0.0
2025-06-12 07:00:00,WIND_AUGSBURG_02,wind,6.152,8.0,294.7,14.06,8.0,29.4,3.392,5044.5
2025-06-12 08:00:00,WIND_AUGSBURG_02,wind,2.118,8.0,267.1,9.79,11.9,49.1,3.363,1737.1
2025-06-12 09:00:00,WIND_AUGSBURG_02,wind,0.721,8.0,301.5,9.28,10.2,60.6,3.517,591.2
2025-06-12 10:00:00,WIND_AUGSBURG_02,wind,1.512,8.0,300.5,9.53,14.2,62.4,3.534,1240.1
2025-06-12 11:00:00,WIND_AUGSBURG_02,wind,1.243,8.0,503.5,9.13,12.2,41.2,4.123,1019.5
2025-06-12 12:00:00,WIND_AUGSBURG_02,wind,0.423,8.0,803.8,7.31,16.0,16.2,4.711,346.8
2025-06-12 13:00:00,WIND_AUGSBURG_02,wind,0.388,8.0,487.0,6.9,17.6,57.1,4.583,317.9
2025-06-12 14:00:00,WIND_AUGSBURG_02,wind,8.0,8.0,640.6,15.68,17.7,36.6,4.61,6560.0
2025-06-12 15:00:00,WIND_AUGSBURG_02,wind,3.644,8.0,761.4,11.69,23.4,11.1,4.533,2987.8
2025-06-12 16:00:00,WIND_AUGSBURG_02,wind,7.95,8.0,632.6,14.64,25.6,15.5,4.439,6518.8
2025-06-12 17:00:00,WIND_AUGSBURG_02,wind,0.0,8.0,567.9,6.61,24.3,21.0,4.341,0.0
2025-06-12 18:00:00,WIND_AUGSBURG_02,wind,3.666,8.0,328.1,11.96,26.9,33.9,3.866,3006.3
2025-06-12 19:00:00,WIND_AUGSBURG_02,wind,3.876,8.0,328.5,12.82,28.7,4.2,3.923,3178.0
2025-06-12 20:00:00,WIND_AUGSBURG_02,wind,0.721,8.0,93.5,7.87,23.0,53.2,3.436,591.1
2025-06-12 21:00:00,WIND_AUGSBURG_02,wind,0.0,8.0,3.5,4.6,28.1,47.0,3.156,0.0
2025-06-12 22:00:00,WIND_AUGSBURG_02,wind,7.388,8.0,0.0,13.88,26.9,78.4,3.021,6058.1
2025-06-12 23:00:00,WIND_AUGSBURG_02,wind,6.11,8.0,0.0,14.04,22.0,59.1,2.636,5010.3
2025-06-13 00:00:00,WIND_AUGSBURG_02,wind,0.544,8.0,0.0,7.94,24.8,16.7,2.406,445.8
2025-06-13 01:00:00,WIND_AUGSBURG_02,wind,0.0,8.0,0.0,5.03,21.8,7.2,2.541,0.0
2025-06-13 02:00:00,WIND_AUGSBURG_02,wind,1.841,8.0,0.0,9.69,18.2,64.0,2.916,1509.9
2025-06-13 03:00:00,WIND_AUGSBURG_02,wind,3.201,8.0,0.0,11.57,21.0,51.6,2.332,2624.5
2025-06-13 04:00:00,WIND_AUGSBURG_02,wind,0.225,8.0,0.0,6.5,18.8,40.8,2.67,184.6
2025-06-13 05:00:00,WIND_AUGSBURG_02,wind,5.327,8.0,0.0,13.73,13.6,9.7,2.684,4368.5
2025-06-13 06:00:00,WIND_AUGSBURG_02,wind,0.122,8.0,157.6,7.49,12.1,21.2,3.36,100.0
2025-06-13 07:00:00,WIND_AUGSBURG_02,wind,1.512,8.0,237.4,8.72,13.1,33.9,3.408,1240.2
2025-06-13 08:00:00,WIND_AUGSBURG_02,wind,8.0,8.0,142.6,15.63,12.4,75.5,3.519,6560.0
2025-06-13 09:00:00,WIND_AUGSBURG_02,wind,3.365,8.0,521.6,12.5,13.9,33.0,3.651,2759.4
2025-06-13 10:00:00,WIND_AUGSBURG_02,wind,2.651,8.0,536.7,11.48,15.7,33.1,3.589,2173.5
2025-06-13 11:00:00,WIND_AUGSBURG_02,wind,3.637,8.0,707.7,12.33,16.2,18.9,4.21,2982.7
2025-06-13 12:00:00,WIND_AUGSBURG_02,wind,2.348,8.0,373.6,10.52,17.8,68.8,4.52,1925.3
2025-06-13 13:00:00,WIND_AUGSBURG_02,wind,2.218,8.0,530.9,10.27,19.3,49.4,4.546,1819.1
2025-06-13 14:00:00,WIND_AUGSBURG_02,wind,0.36,8.0,324.7,7.58,19.0,74.0,4.8,295.0
2025-06-13 15:00:00,WIND_AUGSBURG_02,wind,0.0,8.0,272.0,3.81,20.7,82.4,5.142,0.0
2025-06-13 16:00:00,WIND_AUGSBURG_02,wind,1.049,8.0,582.9,7.54,25.4,28.2,4.963,859.9
2025-06-13 17:00:00,WIND_AUGSBURG_02,wind,0.0,8.0,515.0,4.6,26.0,20.2,3.837,0.0
2025-06-13 18:00:00,WIND_AUGSBURG_02,wind,8.0,8.0,303.7,22.68,25.9,53.5,3.823,6560.0
2025-06-13 19:00:00,WIND_AUGSBURG_02,wind,0.0,8.0,254.9,3.17,29.0,34.0,3.687,0.0
2025-06-13 20:00:00,WIND_AUGSBURG_02,wind,0.0,8.0,119.0,6.16,26.6,42.4,3.506,0.0
2025-06-13 21:00:00,WIND_AUGSBURG_02,wind,0.854,8.0,0.0,9.36,26.3,23.9,2.826,700.3
2025-06-13 22:00:00,WIND_AUGSBURG_02,wind,8.0,8.0,0.0,21.14,25.0,33.1,3.218,6560.0
2025-06-13 23:00:00,WIND_AUGSBURG_02,wind,0.582,8.0,0.0,7.74,26.2,56.5,2.509,477.0
2025-06-14 00:00:00,WIND_AUGSBURG_02,wind,0.416,8.0,0.0,7.82,22.5,10.8,1.923,341.5
2025-06-14 01:00:00,WIND_AUGSBURG_02,wind,1.454,8.0,0.0,8.42,22.8,53.5,1.86,1192.0
2025-06-14 02:00:00,WIND_AUGSBURG_02,wind,8.0,8.0,0.0,18.39,22.7,64.4,1.981,6560.0
2025-06-14 03:00:00,WIND_AUGSBURG_02,wind,1.045,8.0,0.0,8.74,15.9,37.1,2.107,857.1
2025-06-14 04:00:00,WIND_AUGSBURG_02,wind,1.765,8.0,0.0,10.02,19.9,68.1,2.007,1447.4
2025-06-14 05:00:00,WIND_AUGSBURG_02,wind,1.259,8.0,16.0,10.52,13.5,29.7,2.521,1032.4
2025-06-14 06:00:00,WIND_AUGSBURG_02,wind,0.0,8.0,201.7,2.6,15.5,4.3,2.439,0.0
2025-06-14 07:00:00,WIND_AUGSBURG_02,wind,8.0,8.0,184.1,19.86,10.1,44.4,2.589,6560.0
2025-06-14 08:00:00,WIND_AUGSBURG_02,wind,2.345,8.0,272.9,10.27,17.4,62.2,2.882,1922.7
2025-06-14 09:00:00,WIND_AUGSBURG_02,wind,7.04,8.0,586.4,14.7,10.3,8.2,3.262,5772.6
2025-06-14 10:00:00,WIND_AUGSBURG_02,wind,2.143,8.0,491.1,10.43,12.7,40.5,3.385,1757.6
2025-06-14 11:00:00,WIND_AUGSBURG_02,wind,2.716,8.0,217.2,11.53,15.1,90.7,3.789,2227.4
2025-06-14 12:00:00,WIND_AUGSBURG_02,wind,1.403,8.0,624.0,9.92,16.1,35.7,4.259,1150.3
2025-06-14 13:00:00,WIND_AUGSBURG_02,wind,0.0,8.0,408.3,6.76,17.9,66.9,4.327,0.0
2025-06-14 14:00:00,WIND_AUGSBURG_02,wind,8.0,8.0,525.7,17.35,15.8,50.0,4.519,6560.0
2025-06-14 15:00:00,WIND_AUGSBURG_02,wind,1.642,8.0,454.6,9.69,23.6,54.3,3.818,1346.8
2025-06-14 16:00:00,WIND_AUGSBURG_02,wind,0.0,8.0,573.9,3.17,23.4,26.1,3.796,0.0
2025-06-14 17:00:00,WIND_AUGSBURG_02,wind,0.52,8.0,298.0,7.87,24.1,61.4,3.424,426.4
2025-06-14 18:00:00,WIND_AUGSBURG_02,wind,2.458,8.0,268.3,11.05,26.2,49.2,3.41,2015.4
2025-06-14 19:00:00,WIND_AUGSBURG_02,wind,4.189,8.0,225.8,12.96,28.6,41.6,3.055,3434.9
2025-06-14 20:00:00,WIND_AUGSBURG_02,wind,0.908,8.0,113.0,6.98,30.1,25.8,2.549,744.5
2025-06-14 21:00:00,WIND_AUGSBURG_02,wind,0.0,8.0,0.0,2.49,27.4,83.5,2.639,0.0
2025-06-14 22:00:00,WIND_AUGSBURG_02,wind,8.0,8.0,0.0,15.7,25.2,8.2,2.687,6560.0
2025-06-14 23:00:00,WIND_AUGSBURG_02,wind,7.658,8.0,0.0,14.98,27.9,10.4,2.209,6279.6
2025-06-15 00:00:00,WIND_AUGSBURG_02,wind,2.104,8.0,0.0,9.92,26.1,56.8,1.534,1725.7
2025-06-15 01:00:00,WIND_AUGSBURG_02,wind,0.898,8.0,0.0,6.87,22.0,40.0,2.349,736.4
2025-06-15 02:00:00,WIND_AUGSBURG_02,wind,4.122,8.0,0.0,13.04,18.5,54.3,2.038,3380.0
2025-06-15 03:00:00,WIND_AUGSBURG_02,wind,8.0,8.0,0.0,18.18,19.9,37.8,1.84,6560.0
2025-06-15 04:00:00,WIND_AUGSBURG_02,wind,0.776,8.0,0.0,8.76,14.5,78.2,2.488,636.0
2025-06-15 05:00:00,WIND_AUGSBURG_02,wind,0.411,8.0,29.7,7.98,15.5,20.3,2.502,337.1
2025-06-15 06:00:00,WIND_AUGSBURG_02,wind,1.804,8.0,135.1,9.13,10.9,22.6,2.822,1479.5
2025-06-15 07:00:00,WIND_AUGSBURG_02,wind,0.0,8.0,385.7,6.24,14.0,8.3,2.844,0.0
2025-06-15 08:00:00,WIND_AUGSBURG_02,wind,0.496,8.0,270.8,6.79,12.7,58.3,2.588,406.3
2025-06-15 09:00:00,WIND_AUGSBURG_02,wind,8.0,8.0,350.1,20.64,11.7,53.7,3.44,6560.0
2025-06-15 10:00:00,WIND_AUGSBURG_02,wind,8.0,8.0,610.3,19.0,14.6,21.0,4.088,6560.0
2025-06-15 11:00:00,WIND_AUGSBURG_02,wind,1.606,8.0,635.6,9.74,12.5,24.8,3.727,1317.3
2025-06-15 12:00:00,WIND_AUGSBURG_02,wind,0.949,8.0,727.5,8.54,15.8,18.8,3.605,778.4
2025-06-15 13:00:00,WIND_AUGSBURG_02,wind,0.598,8.0,757.5,6.1,17.6,13.4,3.488,490.3
2025-06-15 14:00:00,WIND_AUGSBURG_02,wind,8.0,8.0,493.2,18.82,20.7,51.7,4.336,6560.0
2025-06-15 15:00:00,WIND_AUGSBURG_02,wind,0.602,8.0,362.5,7.84,21.4,66.3,3.846,493.6
2025-06-15 16:00:00,WIND_AUGSBURG_02,wind,1.096,8.0,212.9,9.54,24.4,88.3,3.296,898.9
2025-06-15 17:00:00,WIND_AUGSBURG_02,wind,3.012,8.0,538.8,11.59,24.7,14.7,3.964,2469.8
2025-06-15 18:00:00,WIND_AUGSBURG_02,wind,1.888,8.0,462.4,10.57,28.1,23.7,3.277,1548.1
2025-06-15 19:00:00,WIND_AUGSBURG_02,wind,0.304,8.0,203.1,6.5,30.7,46.7,3.258,249.6
2025-06-15 20:00:00,WIND_AUGSBURG_02,wind,0.0,8.0,110.8,4.64,27.7,41.0,3.312,0.0
2025-06-15 21:00:00,WIND_AUGSBURG_02,wind,1.263,8.0,40.5,6.92,29.1,24.3,2.695,1035.5
2025-06-15 22:00:00,WIND_AUGSBURG_02,wind,0.515,8.0,0.0,3.6,27.5,29.2,1.988,422.6
2025-06-15 23:00:00,WIND_AUGSBURG_02,wind,1.645,8.0,0.0,10.44,26.0,27.6,2.339,1348.6
2025-06-16 00:00:00,WIND_AUGSBURG_02,wind,0.0,8.0,0.0,11.61,24.0,55.0,2.391,0.0
2025-06-16 01:00:00,WIND_AUGSBURG_02,wind,8.0,8.0,0.0,16.06,25.5,15.6,2.004,6560.0
2025-06-16 02:00:00,WIND_AUGSBURG_02,wind,1.03,8.0,0.0,7.04,17.8,67.0,2.053,844.4
2025-06-16 03:00:00,WIND_AUGSBURG_02,wind,0.0,8.0,0.0,7.71,18.2,51.3,2.297,0.0
2025-06-16 04:00:00,WIND_AUGSBURG_02,wind,0.24,8.0,0.0,4.65,15.4,56.1,2.18,196.5
2025-06-16 05:00:00,WIND_AUGSBURG_02,wind,68.0,8.0,4.8,15.64,17.7,24.6,2.751,55760.0
2025-06-16 06:00:00,WIND_AUGSBURG_02,wind,0.342,8.0,98.9,5.9,14.2,28.5,3.095,280.4
2025-06-16 07:00:00,WIND_AUGSBURG_02,wind,0.0,8.0,227.8,5.26,15.3,42.1,3.503,0.0
2025-06-16 08:00:00,WIND_AUGSBURG_02,wind,2.707,8.0,451.9,10.96,8.7,13.9,3.519,2220.1
2025-06-16 09:00:00,WIND_AUGSBURG_02,wind,0.81,8.0,153.7,8.2,12.3,89.8,3.86,664.4
2025-06-16 10:00:00,WIND_AUGSBURG_02,wind,0.214,8.0,382.6,6.09,13.3,60.2,4.603,175.8
2025-06-16 11:00:00,WIND_AUGSBURG_02,wind,0.376,8.0,510.3,7.41,13.8,42.2,4.461,308.0
2025-06-16 12:00:00,WIND_AUGSBURG_02,wind,1.756,8.0,759.2,10.15,19.9,12.6,4.832,1440.1
2025-06-16 13:00:00,WIND_AUGSBURG_02,wind,1.409,8.0,441.4,9.81,17.9,58.3,4.721,1155.1
2025-06-16 14:00:00,WIND_AUGSBURG_02,wind,2.908,8.0,528.2,11.87,20.0,52.7,4.562,2384.3
2025-06-16 15:00:00,WIND_AUGSBURG_02,wind,2.76,8.0,705.9,11.81,17.1,15.3,4.415,2263.0
2025-06-16 16:00:00,WIND_AUGSBURG_02,wind,0.0,8.0,711.9,7.07,24.3,11.5,4.94,0.0
2025-06-16 17:00:00,WIND_AUGSBURG_02,wind,0.0,8.0,530.8,4.07,22.8,21.3,4.554,0.0
2025-06-16 18:00:00,WIND_AUGSBURG_02,wind,8.0,8.0,227.3,19.62,28.1,62.7,4.716,6560.0
2025-06-16 19:00:00,WIND_AUGSBURG_02,wind,8.0,8.0,200.9,18.09,28.5,38.8,3.846,6560.0
2025-06-16 20:00:00,WIND_AUGSBURG_02,wind,0.714,8.0,63.0,8.02,27.2,51.8,3.494,585.6
2025-06-16 21:00:00,WIND_AUGSBURG_02,wind,0.834,8.0,51.4,9.57,26.6,60.0,3.324,683.9
2025-06-16 22:00:00,WIND_AUGSBURG_02,wind,1.959,8.0,0.0,11.04,26.0,37.7,3.088,1606.2
2025-06-16 23:00:00,WIND_AUGSBURG_02,wind,2.357,8.0,0.0,10.54,25.4,37.2,2.762,1932.6
2025-06-17 00:00:00,WIND_AUGSBURG_02,wind,2.556,8.0,0.0,10.06,23.2,19.0,2.882,2096.3
2025-06-17 01:00:00,WIND_AUGSBURG_02,wind,3.113,8.0,0.0,11.83,22.9,70.8,2.37,2553.0
2025-06-17 02:00:00,WIND_AUGSBURG_02,wind,1.452,8.0,0.0,9.07,19.9,70.3,2.349,1190.7
2025-06-17 03:00:00,WIND_AUGSBURG_02,wind,2.998,8.0,0.0,11.63,18.5,22.5,2.378,2458.0
2025-06-17 04:00:00,WIND_AUGSBURG_02,wind,1.837,8.0,0.0,9.23,13.4,71.6,1.717,1506.7
2025-06-17 05:00:00,WIND_AUGSBURG_02,wind,5.817,8.0,0.0,14.02,10.3,64.3,2.457,4770.0
2025-06-17 06:00:00,WIND_AUGSBURG_02,wind,0.0,8.0,70.0,5.8,13.5,50.2,2.944,0.0
2025-06-17 07:00:00,WIND_AUGSBURG_02,wind,1.295,8.0,261.5,9.03,13.9,19.3,3.081,1062.1
2025-06-17 08:00:00,WIND_AUGSBURG_02,wind,8.0,8.0,408.0,19.56,14.5,14.8,3.693,6560.0
2025-06-17 09:00:00,WIND_AUGSBURG_02,wind,0.355,8.0,469.4,8.23,10.3,25.9,3.816,291.2
2025-06-17 10:00:00,WIND_AUGSBURG_02,wind,1.484,8.0,575.6,10.25,12.6,18.1,3.867,1217.2
2025-06-17 11:00:00,WIND_AUGSBURG_02,wind,2.493,8.0,474.7,11.46,16.6,55.8,4.596,2044.7
2025-06-17 12:00:00,WIND_AUGSBURG_02,wind,7.71,8.0,742.5,14.76,14.2,14.7,5.105,6321.9
2025-06-17 13:00:00,WIND_AUGSBURG_02,wind,1.364,8.0,746.2,9.82,14.9,21.5,4.648,1118.8
2025-06-17 14:00:00,WIND_AUGSBURG_02,wind,5.269,8.0,408.9,13.58,17.7,66.5,4.422,4320.2
2025-06-17 15:00:00,WIND_AUGSBURG_02,wind,0.0,8.0,394.7,4.77,21.1,63.6,4.687,0.0
2025-06-17 16:00:00,WIND_AUGSBURG_02,wind,4.381,8.0,473.0,12.62,22.7,35.6,4.868,3592.3
2025-06-17 17:00:00,WIND_AUGSBURG_02,wind,1.39,8.0,432.2,9.54,22.7,39.3,4.233,1140.1
2025-06-17 18:00:00,WIND_AUGSBURG_02,wind,0.593,8.0,383.6,7.46,32.2,35.0,4.012,486.4
2025-06-17 19:00:00,WIND_AUGSBURG_02,wind,2.081,8.0,273.6,9.8,28.5,27.5,3.759,1706.4
2025-06-17 20:00:00,WIND_AUGSBURG_02,wind,0.028,8.0,0.0,7.5,28.7,73.6,3.514,23.2
2025-06-17 21:00:00,WIND_AUGSBURG_02,wind,0.246,8.0,42.2,6.29,27.9,71.3,3.18,201.6
2025-06-17 22:00:00,WIND_AUGSBURG_02,wind,8.0,8.0,0.0,16.11,27.6,24.0,2.868,6560.0
2025-06-17 23:00:00,WIND_AUGSBURG_02,wind,0.039,8.0,0.0,3.86,29.7,44.9,2.492,31.7
2025-06-18 00:00:00,WIND_AUGSBURG_02,wind,10.259,8.0,0.0,9.58,25.3,72.3,2.423,8412.1
2025-06-18 01:00:00,WIND_AUGSBURG_02,wind,4.987,8.0,0.0,13.11,19.6,50.8,2.083,4089.1
2025-06-18 02:00:00,WIND_AUGSBURG_02,wind,0.0,8.0,0.0,4.28,19.1,29.9,2.868,0.0
2025-06-18 03:00:00,WIND_AUGSBURG_02,wind,4.973,8.0,0.0,13.93,19.3,10.1,2.406,4078.0
2025-06-18 04:00:00,WIND_AUGSBURG_02,wind,1.757,8.0,0.0,10.43,18.9,90.6,2.204,1440.5
2025-06-18 05:00:00,WIND_AUGSBURG_02,wind,8.0,8.0,12.4,17.17,10.9,35.4,2.762,6560.0
2025-06-18 06:00:00,WIND_AUGSBURG_02,wind,2.153,8.0,168.8,9.22,16.1,29.8,3.293,1765.5
2025-06-18 07:00:00,WIND_AUGSBURG_02,wind,8.0,8.0,232.0,16.51,9.3,39.2,3.103,6560.0
2025-06-18 08:00:00,WIND_AUGSBURG_02,wind,0.081,8.0,205.4,8.54,10.8,80.9,2.97,66.1
2025-06-18 09:00:00,WIND_AUGSBURG_02,wind,7.031,8.0,539.0,14.37,9.0,16.6,3.722,5765.2
2025-06-18 10:00:00,WIND_AUGSBURG_02,wind,3.226,8.0,264.9,11.62,16.6,80.4,3.954,2645.0
2025-06-18 11:00:00,WIND_AUGSBURG_02,wind,0.0,8.0,693.7,6.28,15.7,23.9,4.842,0.0
2025-06-18 12:00:00,WIND_AUGSBURG_02,wind,1.975,8.0,587.3,10.29,18.4,45.6,5.057,1619.3
2025-06-18 13:00:00,WIND_AUGSBURG_02,wind,1.102,8.0,667.0,8.93,16.9,34.6,4.584,903.8
2025-06-18 14:00:00,WIND_AUGSBURG_02,wind,8.0,8.0,500.3,17.22,22.3,45.1,4.927,6560.0
2025-06-18 15:00:00,WIND_AUGSBURG_02,wind,1.539,8.0,409.9,9.92,21.1,54.4,4.177,1262.3
2025-06-18 16:00:00,WIND_AUGSBURG_02,wind,0.0,8.0,377.0,5.44,22.9,60.3,4.714,0.0
2025-06-18 17:00:00,WIND_AUGSBURG_02,wind,6.496,8.0,451.2,14.38,27.0,33.8,4.359,5326.8
2025-06-18 18:00:00,WIND_AUGSBURG_02,wind,8.0,8.0,358.6,17.31,28.1,40.6,3.715,6560.0
2025-06-18 19:00:00,WIND_AUGSBURG_02,wind,0.553,8.0,255.8,7.85,26.2,35.1,3.917,453.3
2025-06-18 20:00:00,WIND_AUGSBURG_02,wind,0.0,8.0,82.5,6.82,28.2,53.0,2.944,0.0
2025-06-18 21:00:00,WIND_AUGSBURG_02,wind,0.743,8.0,0.0,7.98,27.9,15.0,3.23,609.7
2025-06-18 22:00:00,WIND_AUGSBURG_02,wind,7.946,8.0,0.0,14.96,30.7,17.7,2.93,6515.6
2025-06-18 23:00:00,WIND_AUGSBURG_02,wind,0.068,8.0,0.0,5.72,24.6,19.7,2.716,55.6
2025-06-19 00:00:00,WIND_AUGSBURG_02,wind,0.751,8.0,0.0,5.58,26.3,80.8,2.502,615.8
2025-06-19 01:00:00,WIND_AUGSBURG_02,wind,0.176,8.0,0.0,6.52,23.1,33.5,1.956,144.7
2025-06-19 02:00:00,WIND_AUGSBURG_02,wind,0.0,8.0,0.0,5.45,20.4,59.1,2.165,0.0
2025-06-19 03:00:00,WIND_AUGSBURG_02,wind,1.787,8.0,0.0,10.93,13.9,41.1,2.811,1465.2
2025-06-19 04:00:00,WIND_AUGSBURG_02,wind,0.0,8.0,0.0,7.07,16.3,4.8,2.352,0.0
2025-06-19 05:00:00,WIND_AUGSBURG_02,wind,0.294,8.0,52.7,5.47,14.6,52.0,2.347,241.1
2025-06-19 06:00:00,WIND_AUGSBURG_02,wind,2.529,8.0,136.6,11.11,14.1,22.0,3.073,2073.6
2025-06-19 07:00:00,WIND_AUGSBURG_02,wind,0.983,8.0,178.9,5.11,10.7,56.1,3.474,806.2
2025-06-19 08:00:00,WIND_AUGSBURG_02,wind,1.11,8.0,295.5,10.69,11.4,46.1,3.865,910.1
2025-06-19 09:00:00,WIND_AUGSBURG_02,wind,0.695,8.0,386.4,8.38,11.4,55.6,3.787,570.2
2025-06-19 10:00:00,WIND_AUGSBURG_02,wind,1.64,8.0,433.9,9.34,12.2,55.5,4.158,1345.1
2025-06-19 11:00:00,WIND_AUGSBURG_02,wind,4.388,8.0,545.1,12.56,10.0,40.5,4.351,3598.0
2025-06-19 12:00:00,WIND_AUGSBURG_02,wind,7.836,8.0,469.3,14.93,15.6,58.3,4.389,6425.5
2025-06-19 13:00:00,WIND_AUGSBURG_02,wind,5.668,8.0,582.8,14.07,19.8,42.1,4.554,4647.6
2025-06-19 14:00:00,WIND_AUGSBURG_02,wind,0.195,8.0,529.3,3.26,18.8,45.7,4.759,159.7
2025-06-19 15:00:00,WIND_AUGSBURG_02,wind,0.6,8.0,329.8,8.5,24.2,70.3,5.162,492.1
2025-06-19 16:00:00,WIND_AUGSBURG_02,wind,0.0,8.0,544.5,5.63,22.1,29.3,4.887,0.0
2025-06-19 17:00:00,WIND_AUGSBURG_02,wind,0.977,8.0,229.5,9.67,26.9,71.3,4.694,801.3
2025-06-19 18:00:00,WIND_AUGSBURG_02,wind,8.0,8.0,171.7,16.18,25.5,83.2,4.389,6560.0
2025-06-19 19:00:00,WIND_AUGSBURG_02,wind,2.195,8.0,261.2,11.12,28.1,21.8,3.732,1799.9
2025-06-19 20:00:00,WIND_AUGSBURG_02,wind,7.912,8.0,206.6,14.95,28.4,6.2,3.729,6488.1
2025-06-19 21:00:00,WIND_AUGSBURG_02,wind,0.822,8.0,0.0,8.47,25.0,51.2,3.479,674.2
2025-06-19 22:00:00,WIND_AUGSBURG_02,wind,0.3,8.0,0.0,6.74,28.6,10.1,2.931,246.3
2025-06-19 23:00:00,WIND_AUGSBURG_02,wind,0.0,8.0,0.0,6.87,21.7,22.3,2.287,0.0
2025-06-20 00:00:00,WIND_AUGSBURG_02,wind,0.844,8.0,0.0,5.75,23.8,68.2,2.742,692.1
2025-06-20 01:00:00,WIND_AUGSBURG_02,wind,2.292,8.0,0.0,11.09,22.1,55.4,2.555,1879.2
2025-06-20 02:00:00,WIND_AUGSBURG_02,wind,3.943,8.0,0.0,12.94,16.9,9.8,2.652,3233.6
2025-06-20 03:00:00,WIND_AUGSBURG_02,wind,8.0,8.0,0.0,16.98,17.8,9.4,2.538,6560.0
2025-06-20 04:00:00,WIND_AUGSBURG_02,wind,0.0,8.0,0.0,5.62,17.0,58.1,2.119,0.0
2025-06-20 05:00:00,WIND_AUGSBURG_02,wind,0.0,8.0,0.0,2.68,12.9,64.4,1.986,0.0
2025-06-20 06:00:00,WIND_AUGSBURG_02,wind,0.085,8.0,146.4,5.94,15.6,12.3,3.151,69.4
2025-06-20 07:00:00,WIND_AUGSBURG_02,wind,2.772,8.0,279.5,11.76,13.4,26.4,2.834,2272.9
2025-06-20 08:00:00,WIND_AUGSBURG_02,wind,3.098,8.0,338.3,11.82,11.7,38.0,3.837,2540.3
2025-06-20 09:00:00,WIND_AUGSBURG_02,wind,1.052,8.0,433.2,9.41,12.9,36.8,3.945,863.0
2025-06-20 10:00:00,WIND_AUGSBURG_02,wind,0.545,8.0,567.3,4.76,14.9,27.6,3.886,447.0
2025-06-20 11:00:00,WIND_AUGSBURG_02,wind,1.023,8.0,249.7,9.62,16.2,77.3,3.991,839.0
2025-06-20 12:00:00,WIND_AUGSBURG_02,wind,8.0,8.0,324.5,19.47,14.6,76.8,4.64,6560.0
2025-06-20 13:00:00,WIND_AUGSBURG_02,wind,0.993,8.0,545.3,7.49,20.2,40.6,4.393,814.6
2025-06-20 14:00:00,WIND_AUGSBURG_02,wind,1.591,8.0,675.6,9.58,18.0,29.2,4.698,1304.5
2025-06-20 15:00:00,WIND_AUGSBURG_02,wind,0.484,8.0,593.3,4.98,18.8,35.2,4.5,397.0
2025-06-20 16:00:00,WIND_AUGSBURG_02,wind,0.0,8.0,598.7,7.66,25.6,22.2,4.903,0.0
2025-06-20 17:00:00,WIND_AUGSBURG_02,wind,0.134,8.0,523.1,3.86,24.6,20.0,4.762,110.2
2025-06-20 18:00:00,WIND_AUGSBURG_02,wind,3.44,8.0,117.8,12.2,31.2,82.8,4.11,2820.5
2025-06-20 19:00:00,WIND_AUGSBURG_02,wind,0.348,8.0,175.2,7.76,25.9,43.7,3.824,285.1
2025-06-20 20:00:00,WIND_AUGSBURG_02,wind,8.0,8.0,61.2,16.89,29.5,59.6,3.692,6560.0
2025-06-20 21:00:00,WIND_AUGSBURG_02,wind,0.0,8.0,39.4,8.25,26.3,56.2,3.034,0.0
2025-06-20 22:00:00,WIND_AUGSBURG_02,wind,0.0,8.0,0.0,7.51,25.9,86.8,3.118,0.0
2025-06-20 23:00:00,WIND_AUGSBURG_02,wind,0.0,8.0,0.0,4.73,27.6,41.6,2.083,0.0
2025-06-21 00:00:00,WIND_AUGSBURG_02,wind,1.33,8.0,0.0,8.63,23.7,30.3,2.467,1090.5
2025-06-21 01:00:00,WIND_AUGSBURG_02,wind,2.475,8.0,0.0,10.14,21.4,61.9,2.361,2029.3
2025-06-21 02:00:00,WIND_AUGSBURG_02,wind,1.468,8.0,0.0,8.18,23.2,35.8,2.364,1203.8
2025-06-21 03:00:00,WIND_AUGSBURG_02,wind,0.153,8.0,0.0,8.39,15.4,7.8,1.467,125.2
2025-06-21 04:00:00,WIND_AUGSBURG_02,wind,0.366,8.0,0.0,7.47,15.1,41.2,2.386,299.9
2025-06-21 05:00:00,WIND_AUGSBURG_02,wind,0.214,8.0,0.0,6.69,14.4,54.5,2.69,175.5
2025-06-21 06:00:00,WIND_AUGSBURG_02,wind,8.0,8.0,60.1,15.67,11.8,63.8,2.728,6560.0
2025-06-21 07:00:00,WIND_AUGSBURG_02,wind,3.215,8.0,260.2,11.92,10.3,43.3,2.643,2636.0
2025-06-21 08:00:00,WIND_AUGSBURG_02,wind,0.0,8.0,288.2,6.0,14.9,44.7,3.128,0.0
2025-06-21 09:00:00,WIND_AUGSBURG_02,wind,6.717,8.0,593.4,14.4,9.7,13.1,3.344,5507.7
2025-06-21 10:00:00,WIND_AUGSBURG_02,wind,8.0,8.0,470.5,19.77,12.3,45.8,3.755,6560.0
2025-06-21 11:00:00,WIND_AUGSBURG_02,wind,0.124,8.0,523.7,7.04,13.9,41.8,3.835,101.7
2025-06-21 12:00:00,WIND_AUGSBURG_02,wind,3.0,8.0,541.5,11.54,16.0,46.3,3.462,2459.7
2025-06-21 13:00:00,WIND_AUGSBURG_02,wind,2.991,8.0,534.0,12.0,19.3,51.4,3.692,2452.6
2025-06-21 14:00:00,WIND_AUGSBURG_02,wind,1.757,8.0,457.9,9.96,19.0,61.1,4.096,1440.4
2025-06-21 15:00:00,WIND_AUGSBURG_02,wind,0.101,8.0,626.1,7.68,22.2,29.1,3.653,82.8
2025-06-21 16:00:00,WIND_AUGSBURG_02,wind,1.721,8.0,462.7,10.23,22.1,41.6,3.835,1411.1
2025-06-21 17:00:00,WIND_AUGSBURG_02,wind,0.0,8.0,346.1,3.5,25.5,45.6,3.476,0.0
2025-06-21 18:00:00,WIND_AUGSBURG_02,wind,0.0,8.0,472.7,4.96,30.2,15.7,3.515,0.0
2025-06-21 19:00:00,WIND_AUGSBURG_02,wind,0.142,8.0,220.9,5.1,25.6,17.6,3.252,116.8
2025-06-21 20:00:00,WIND_AUGSBURG_02,wind,0.0,8.0,163.2,6.87,29.4,30.2,2.646,0.0
2025-06-21 21:00:00,WIND_AUGSBURG_02,wind,3.655,8.0,0.0,11.88,29.6,48.8,2.298,2997.3
2025-06-21 22:00:00,WIND_AUGSBURG_02,wind,0.311,8.0,0.0,8.52,25.6,21.4,2.241,255.2
2025-06-21 23:00:00,WIND_AUGSBURG_02,wind,0.542,8.0,0.0,5.83,26.2,46.3,2.481,444.5
2025-06-22 00:00:00,WIND_AUGSBURG_02,wind,8.0,8.0,0.0,16.53,24.8,25.6,2.317,6560.0
2025-06-22 01:00:00,WIND_AUGSBURG_02,wind,7.779,8.0,0.0,14.77,20.9,51.2,1.859,6378.9
2025-06-22 02:00:00,WIND_AUGSBURG_02,wind,8.0,8.0,0.0,14.89,21.9,31.9,1.777,6560.0
2025-06-22 03:00:00,WIND_AUGSBURG_02,wind,3.495,8.0,0.0,12.68,17.1,13.5,2.328,2865.6
2025-06-22 04:00:00,WIND_AUGSBURG_02,wind,0.653,8.0,0.0,5.23,13.6,52.6,2.075,535.6
2025-06-22 05:00:00,WIND_AUGSBURG_02,wind,1.078,8.0,0.0,8.97,14.2,44.2,1.854,883.7
2025-06-22 06:00:00,WIND_AUGSBURG_02,wind,3.075,8.0,21.5,11.69,15.7,75.8,2.575,2521.7
2025-06-22 07:00:00,WIND_AUGSBURG_02,wind,0.0,8.0,276.5,2.77,12.8,21.2,2.657,0.0
2025-06-22 08:00:00,WIND_AUGSBURG_02,wind,0.0,8.0,371.7,4.27,10.2,28.2,3.088,0.0
2025-06-22 09:00:00,WIND_AUGSBURG_02,wind,0.109,8.0,147.0,4.21,11.8,92.0,3.034,89.7
2025-06-22 10:00:00,WIND_AUGSBURG_02,wind,0.313,8.0,686.8,6.44,16.0,11.6,3.383,256.3
2025-06-22 11:00:00,WIND_AUGSBURG_02,wind,0.0,8.0,687.1,4.06,12.0,15.4,3.432,0.0
2025-06-22 12:00:00,WIND_AUGSBURG_02,wind,1.098,8.0,476.7,8.89,15.4,59.2,3.549,900.4
2025-06-22 13:00:00,WIND_AUGSBURG_02,wind,0.117,8.0,797.6,6.02,16.8,9.5,4.322,95.7
2025-06-22 14:00:00,WIND_AUGSBURG_02,wind,3.255,8.0,623.2,11.49,20.4,37.4,3.811,2669.0
2025-06-22 15:00:00,WIND_AUGSBURG_02,wind,0.0,8.0,696.9,7.02,19.5,27.0,4.04,0.0
2025-06-22 16:00:00,WIND_AUGSBURG_02,wind,0.742,8.0,680.8,7.91,23.6,11.1,4.37,608.1
2025-06-22 17:00:00,WIND_AUGSBURG_02,wind,3.469,8.0,352.3,11.89,27.0,59.3,3.166,2844.6
2025-06-22 18:00:00,WIND_AUGSBURG_02,wind,0.383,8.0,159.9,7.27,27.7,84.1,3.433,314.2
2025-06-22 19:00:00,WIND_AUGSBURG_02,wind,1.173,8.0,240.6,10.27,25.1,47.7,2.653,961.7
2025-06-22 20:00:00,WIND_AUGSBURG_02,wind,0.488,8.0,83.8,7.25,25.9,54.7,3.527,400.3
2025-06-22 21:00:00,WIND_AUGSBURG_02,wind,1.546,8.0,0.0,10.08,32.3,54.0,3.011,1267.4
2025-06-22 22:00:00,WIND_AUGSBURG_02,wind,0.144,8.0,0.0,4.69,28.3,33.9,2.356,117.8
2025-06-22 23:00:00,WIND_AUGSBURG_02,wind,0.0,8.0,0.0,3.41,26.0,36.8,2.143,0.0
2025-06-23 00:00:00,WIND_AUGSBURG_02,wind,0.141,8.0,0.0,6.92,25.5,23.0,2.716,115.6
2025-06-23 01:00:00,WIND_AUGSBURG_02,wind,1.108,8.0,0.0,8.56,19.2,77.1,2.618,908.6
2025-06-23 02:00:00,WIND_AUGSBURG_02,wind,0.872,8.0,0.0,8.26,22.0,30.5,2.493,715.2
2025-06-23 03:00:00,WIND_AUGSBURG_02,wind,0.926,8.0,0.0,6.29,17.2,24.7,2.308,759.0
2025-06-23 04:00:00,WIND_AUGSBURG_02,wind,0.139,8.0,0.0,4.56,17.7,27.1,2.284,113.9
2025-06-23 05:00:00,WIND_AUGSBURG_02,wind,0.448,8.0,3.9,8.03,14.5,8.3,2.72,367.0
2025-06-23 06:00:00,WIND_AUGSBURG_02,wind,0.0,8.0,82.4,6.76,12.2,61.0,3.285,0.0
2025-06-23 07:00:00,WIND_AUGSBURG_02,wind,5.547,8.0,296.7,14.09,12.1,16.6,3.052,4548.4
2025-06-23 08:00:00,WIND_AUGSBURG_02,wind,3.573,8.0,376.5,12.12,9.9,36.4,3.828,2930.2
2025-06-23 09:00:00,WIND_AUGSBURG_02,wind,0.0,8.0,269.0,11.81,14.7,73.8,3.466,0.0
2025-06-23 10:00:00,WIND_AUGSBURG_02,wind,0.167,8.0,350.1,7.98,12.2,63.0,4.395,137.0
2025-06-23 11:00:00,WIND_AUGSBURG_02,wind,4.964,8.0,637.2,12.46,14.3,32.5,4.396,4070.3
2025-06-23 12:00:00,WIND_AUGSBURG_02,wind,0.432,8.0,571.3,7.44,16.6,42.6,4.402,354.4
2025-06-23 13:00:00,WIND_AUGSBURG_02,wind,0.666,8.0,696.2,8.1,19.7,27.6,4.496,546.2
2025-06-23 14:00:00,WIND_AUGSBURG_02,wind,4.164,8.0,508.0,12.27,19.9,55.0,4.526,3414.1
2025-06-23 15:00:00,WIND_AUGSBURG_02,wind,0.0,8.0,601.1,4.49,25.4,35.5,4.774,0.0
2025-06-23 16:00:00,WIND_AUGSBURG_02,wind,3.411,8.0,423.0,11.51,26.3,49.9,4.663,2796.9
2025-06-23 17:00:00,WIND_AUGSBURG_02,wind,0.387,8.0,496.6,8.59,24.8,29.4,4.166,317.2
2025-06-23 18:00:00,WIND_AUGSBURG_02,wind,2.81,8.0,317.0,11.23,24.7,48.6,4.159,2304.1
2025-06-23 19:00:00,WIND_AUGSBURG_02,wind,0.995,8.0,118.5,9.59,27.8,71.7,3.549,816.2
2025-06-23 20:00:00,WIND_AUGSBURG_02,wind,0.04,8.0,114.8,3.96,31.4,24.5,3.766,32.6
2025-06-23 21:00:00,WIND_AUGSBURG_02,wind,0.052,8.0,0.0,5.6,31.8,41.6,3.021,42.6
2025-06-23 22:00:00,WIND_AUGSBURG_02,wind,0.1,8.0,0.0,8.02,22.9,80.7,2.416,82.1
2025-06-23 23:00:00,WIND_AUGSBURG_02,wind,8.0,8.0,0.0,20.17,25.0,52.0,2.584,6560.0
2025-06-24 00:00:00,WIND_AUGSBURG_02,wind,1.958,8.0,0.0,10.03,21.9,87.1,2.57,1605.7
2025-06-24 01:00:00,WIND_AUGSBURG_02,wind,0.706,8.0,0.0,8.81,24.1,35.9,2.409,579.3
2025-06-24 02:00:00,WIND_AUGSBURG_02,wind,2.325,8.0,0.0,10.45,19.5,54.5,2.375,1906.9
2025-06-24 03:00:00,WIND_AUGSBURG_02,wind,0.396,8.0,0.0,6.15,18.9,39.5,1.927,325.1
2025-06-24 04:00:00,WIND_AUGSBURG_02,wind,0.0,8.0,0.0,2.98,16.7,30.4,2.708,0.0
2025-06-24 05:00:00,WIND_AUGSBURG_02,wind,0.275,8.0,11.1,7.52,16.3,21.9,2.797,225.5
2025-06-24 06:00:00,WIND_AUGSBURG_02,wind,1.126,8.0,80.4,8.33,11.1,9.7,3.193,923.4
2025-06-24 07:00:00,WIND_AUGSBURG_02,wind,1.927,8.0,362.0,10.14,13.0,12.5,3.119,1579.7
2025-06-24 08:00:00,WIND_AUGSBURG_02,wind,2.924,8.0,406.5,11.48,11.6,7.5,3.124,2398.0
2025-06-24 09:00:00,WIND_AUGSBURG_02,wind,0.0,8.0,318.2,4.81,12.4,71.5,3.124,0.0
2025-06-24 10:00:00,WIND_AUGSBURG_02,wind,0.0,8.0,283.9,6.42,14.2,69.3,3.727,0.0
2025-06-24 11:00:00,WIND_AUGSBURG_02,wind,0.0,8.0,349.2,5.39,15.0,68.7,4.281,0.0
2025-06-24 12:00:00,WIND_AUGSBURG_02,wind,4.87,8.0,770.3,12.97,16.6,14.3,4.584,3993.2
2025-06-24 13:00:00,WIND_AUGSBURG_02,wind,0.33,8.0,400.0,4.63,20.2,62.8,4.531,270.9
2025-06-24 14:00:00,WIND_AUGSBURG_02,wind,0.596,8.0,910.3,8.52,18.8,6.8,4.867,488.5
2025-06-24 15:00:00,WIND_AUGSBURG_02,wind,0.0,8.0,722.4,3.93,23.7,10.9,4.985,0.0
2025-06-24 16:00:00,WIND_AUGSBURG_02,wind,0.601,8.0,207.1,6.91,25.6,87.2,4.293,493.0
2025-06-24 17:00:00,WIND_AUGSBURG_02,wind,0.983,8.0,564.9,10.09,24.1,13.7,4.134,806.3
2025-06-24 18:00:00,WIND_AUGSBURG_02,wind,0.59,8.0,389.1,8.12,26.3,23.5,3.569,484.1
2025-06-24 19:00:00,WIND_AUGSBURG_02,wind,0.0,8.0,260.1,5.88,26.8,33.5,3.874,0.0
2025-06-24 20:00:00,WIND_AUGSBURG_02,wind,2.235,8.0,103.7,10.57,28.2,29.8,2.953,1832.4
2025-06-24 21:00:00,WIND_AUGSBURG_02,wind,3.109,8.0,0.0,12.26,27.2,41.8,3.419,2549.6
2025-06-24 22:00:00,WIND_AUGSBURG_02,wind,0.0,8.0,0.0,7.61,27.5,36.1,3.276,0.0
2025-06-24 23:00:00,WIND_AUGSBURG_02,wind,1.522,8.0,0.0,9.92,24.8,35.7,2.727,1248.1
2025-06-25 00:00:00,WIND_AUGSBURG_02,wind,1.531,8.0,0.0,10.76,24.5,22.4,2.487,1255.3
2025-06-25 01:00:00,WIND_AUGSBURG_02,wind,0.449,8.0,0.0,5.24,20.1,19.9,2.154,368.2
2025-06-25 02:00:00,WIND_AUGSBURG_02,wind,7.542,8.0,0.0,14.73,16.2,25.0,1.816,6184.5
2025-06-25 03:00:00,WIND_AUGSBURG_02,wind,0.254,8.0,0.0,5.12,21.3,57.1,2.538,208.6
2025-06-25 04:00:00,WIND_AUGSBURG_02,wind,1.034,8.0,0.0,9.17,17.8,9.4,3.014,848.3
2025-06-25 05:00:00,WIND_AUGSBURG_02,wind,8.0,8.0,30.2,15.28,15.7,33.0,3.11,6560.0
2025-06-25 06:00:00,WIND_AUGSBURG_02,wind,0.374,8.0,206.5,8.23,14.2,13.3,3.374,306.8
2025-06-25 07:00:00,WIND_AUGSBURG_02,wind,0.61,8.0,245.8,5.66,9.2,32.2,3.353,500.3
2025-06-25 08:00:00,WIND_AUGSBURG_02,wind,0.0,8.0,280.0,4.02,10.1,54.9,3.664,0.0
2025-06-25 09:00:00,WIND_AUGSBURG_02,wind,0.0,8.0,603.3,5.9,12.3,9.4,3.011,0.0
2025-06-25 10:00:00,WIND_AUGSBURG_02,wind,2.59,8.0,427.7,10.9,13.9,55.7,4.107,2123.4
2025-06-25 11:00:00,WIND_AUGSBURG_02,wind,1.886,8.0,414.5,10.58,16.3,63.4,4.554,1546.3
2025-06-25 12:00:00,WIND_AUGSBURG_02,wind,0.38,8.0,500.3,8.68,14.6,57.5,4.716,311.3
2025-06-25 13:00:00,WIND_AUGSBURG_02,wind,0.204,8.0,430.8,6.12,17.2,60.8,4.742,166.9
2025-06-25 14:00:00,WIND_AUGSBURG_02,wind,0.0,8.0,561.7,7.84,16.7,44.7,5.016,0.0
2025-06-25 15:00:00,WIND_AUGSBURG_02,wind,1.141,8.0,445.5,9.29,20.3,52.9,4.42,935.6
2025-06-25 16:00:00,WIND_AUGSBURG_02,wind,0.0,8.0,667.5,4.14,22.9,13.7,4.378,0.0
2025-06-25 17:00:00,WIND_AUGSBURG_02,wind,3.545,8.0,425.0,11.87,22.2,38.7,3.998,2906.5
2025-06-25 18:00:00,WIND_AUGSBURG_02,wind,0.896,8.0,287.7,9.37,31.0,51.8,3.857,734.6
2025-06-25 19:00:00,WIND_AUGSBURG_02,wind,3.818,8.0,251.8,12.71,29.4,38.5,4.223,3131.0
2025-06-25 20:00:00,WIND_AUGSBURG_02,wind,2.334,8.0,99.4,10.46,32.6,50.2,3.436,1914.0
2025-06-25 21:00:00,WIND_AUGSBURG_02,wind,8.0,8.0,0.0,15.37,28.2,30.1,3.293,6560.0
2025-06-25 22:00:00,WIND_AUGSBURG_02,wind,2.375,8.0,0.0,11.14,27.7,46.2,2.989,1947.4
2025-06-25 23:00:00,WIND_AUGSBURG_02,wind,1.066,8.0,0.0,8.24,27.3,20.8,3.582,873.8
2025-06-26 00:00:00,WIND_AUGSBURG_02,wind,1.137,8.0,0.0,8.45,23.4,42.1,2.525,932.4
2025-06-26 01:00:00,WIND_AUGSBURG_02,wind,8.0,8.0,0.0,14.74,19.3,22.2,2.224,6560.0
2025-06-26 02:00:00,WIND_AUGSBURG_02,wind,0.741,8.0,0.0,6.44,21.7,13.4,2.432,608.0
2025-06-26 03:00:00,WIND_AUGSBURG_02,wind,7.772,8.0,0.0,14.86,20.1,35.6,2.057,6372.8
2025-06-26 04:00:00,WIND_AUGSBURG_02,wind,2.794,8.0,0.0,11.13,17.7,16.7,2.402,2290.9
2025-06-26 05:00:00,WIND_AUGSBURG_02,wind,1.775,8.0,0.0,10.65,14.9,73.7,2.571,1455.3
2025-06-26 06:00:00,WIND_AUGSBURG_02,wind,0.0,8.0,137.5,5.48,16.2,24.9,2.814,0.0
2025-06-26 07:00:00,WIND_AUGSBURG_02,wind,2.052,8.0,238.9,10.73,10.6,13.0,2.944,1682.7
2025-06-26 08:00:00,WIND_AUGSBURG_02,wind,0.471,8.0,463.9,5.57,12.0,10.0,3.735,386.1
2025-06-26 09:00:00,WIND_AUGSBURG_02,wind,1.697,8.0,224.8,9.35,12.2,68.4,3.762,1391.2
2025-06-26 10:00:00,WIND_AUGSBURG_02,wind,0.0,8.0,500.5,4.96,17.4,52.4,4.092,0.0
2025-06-26 11:00:00,WIND_AUGSBURG_02,wind,4.781,8.0,743.5,13.3,12.8,11.3,4.071,3920.5
2025-06-26 12:00:00,WIND_AUGSBURG_02,wind,8.0,8.0,822.5,15.89,15.6,10.9,4.826,6560.0
2025-06-26 13:00:00,WIND_AUGSBURG_02,wind,0.42,8.0,670.2,7.75,17.9,32.4,4.343,344.7
2025-06-26 14:00:00,WIND_AUGSBURG_02,wind,1.092,8.0,671.2,7.47,21.5,28.5,4.268,895.8
2025-06-26 15:00:00,WIND_AUGSBURG_02,wind,1.288,8.0,318.8,8.43,18.2,71.1,4.185,1056.2
2025-06-26 16:00:00,WIND_AUGSBURG_02,wind,7.681,8.0,511.8,14.92,21.6,36.9,5.087,6298.7
2025-06-26 17:00:00,WIND_AUGSBURG_02,wind,0.487,8.0,443.0,5.89,29.5,40.8,4.433,399.3
2025-06-26 18:00:00,WIND_AUGSBURG_02,wind,0.492,8.0,271.6,9.28,24.2,63.3,3.677,403.5
2025-06-26 19:00:00,WIND_AUGSBURG_02,wind,0.91,8.0,182.8,9.11,26.8,63.3,3.64,746.2
2025-06-26 20:00:00,WIND_AUGSBURG_02,wind,1.609,8.0,144.0,10.08,29.2,29.5,2.821,1319.3
2025-06-26 21:00:00,WIND_AUGSBURG_02,wind,2.032,8.0,0.0,10.93,30.4,58.6,3.152,1666.6
2025-06-26 22:00:00,WIND_AUGSBURG_02,wind,0.73,8.0,0.0,9.77,26.7,35.1,2.558,598.5
2025-06-26 23:00:00,WIND_AUGSBURG_02,wind,1.403,8.0,0.0,10.24,28.5,31.2,2.511,1150.1
2025-06-27 00:00:00,WIND_AUGSBURG_02,wind,0.094,8.0,0.0,6.12,25.6,42.6,2.146,76.8
2025-06-27 01:00:00,WIND_AUGSBURG_02,wind,0.76,8.0,0.0,7.49,22.8,24.2,1.656,623.3
2025-06-27 02:00:00,WIND_AUGSBURG_02,wind,0.496,8.0,0.0,7.65,18.8,62.9,2.163,406.4
2025-06-27 03:00:00,WIND_AUGSBURG_02,wind,4.624,8.0,0.0,12.68,19.2,28.6,1.908,3791.5
2025-06-27 04:00:00,WIND_AUGSBURG_02,wind,0.0,8.0,0.0,5.69,11.9,70.3,2.17,0.0
2025-06-27 05:00:00,WIND_AUGSBURG_02,wind,0.307,8.0,9.7,7.43,12.3,39.1,2.662,252.0
2025-06-27 06:00:00,WIND_AUGSBURG_02,wind,0.435,8.0,135.5,5.68,12.3,25.9,2.32,356.7
2025-06-27 07:00:00,WIND_AUGSBURG_02,wind,0.893,8.0,228.7,5.13,10.5,31.8,2.933,732.5
2025-06-27 08:00:00,WIND_AUGSBURG_02,wind,0.889,8.0,511.8,8.98,12.8,11.8,3.772,728.7
2025-06-27 09:00:00,WIND_AUGSBURG_02,wind,3.175,8.0,337.4,12.0,10.4,60.8,3.391,2603.6
2025-06-27 10:00:00,WIND_AUGSBURG_02,wind,0.714,8.0,524.9,9.5,9.3,42.8,3.846,585.6
2025-06-27 11:00:00,WIND_AUGSBURG_02,wind,3.266,8.0,735.6,11.93,13.5,7.3,4.785,2678.5
2025-06-27 12:00:00,WIND_AUGSBURG_02,wind,0.268,8.0,729.2,5.54,16.0,12.1,4.562,220.0
2025-06-27 13:00:00,WIND_AUGSBURG_02,wind,0.85,8.0,666.4,7.25,16.7,33.3,4.727,697.0
2025-06-27 14:00:00,WIND_AUGSBURG_02,wind,5.085,8.0,496.4,13.66,18.5,46.0,5.271,4169.4
2025-06-27 15:00:00,WIND_AUGSBURG_02,wind,0.391,8.0,446.2,7.02,21.5,55.6,4.458,320.2
2025-06-27 16:00:00,WIND_AUGSBURG_02,wind,0.0,8.0,547.7,7.5,22.8,38.5,4.631,0.0
2025-06-27 17:00:00,WIND_AUGSBURG_02,wind,5.039,8.0,324.9,13.7,28.5,52.3,4.083,4131.7
2025-06-27 18:00:00,WIND_AUGSBURG_02,wind,0.0,8.0,403.5,5.58,26.9,26.4,4.649,0.0
2025-06-27 19:00:00,WIND_AUGSBURG_02,wind,0.0,8.0,169.5,5.71,28.4,70.6,3.728,0.0
2025-06-27 20:00:00,WIND_AUGSBURG_02,wind,1.103,8.0,107.8,10.17,28.8,53.1,3.9,904.3
2025-06-27 21:00:00,WIND_AUGSBURG_02,wind,8.0,8.0,17.4,19.45,25.0,7.4,3.214,6560.0
2025-06-27 22:00:00,WIND_AUGSBURG_02,wind,4.202,8.0,0.0,13.1,27.2,51.4,2.837,3445.3
2025-06-27 23:00:00,WIND_AUGSBURG_02,wind,2.508,8.0,0.0,10.37,26.0,11.8,2.688,2056.2
2025-06-28 00:00:00,WIND_AUGSBURG_02,wind,2.953,8.0,0.0,11.65,24.5,16.4,2.294,2421.1
2025-06-28 01:00:00,WIND_AUGSBURG_02,wind,1.053,8.0,0.0,8.61,18.4,42.5,2.035,863.1
2025-06-28 02:00:00,WIND_AUGSBURG_02,wind,3.348,8.0,0.0,11.21,21.4,38.3,1.748,2745.7
2025-06-28 03:00:00,WIND_AUGSBURG_02,wind,0.481,8.0,0.0,7.7,17.8,48.8,1.06,394.1
2025-06-28 04:00:00,WIND_AUGSBURG_02,wind,1.057,8.0,0.0,9.82,16.5,24.8,2.03,867.0
2025-06-28 05:00:00,WIND_AUGSBURG_02,wind,0.737,8.0,4.5,3.7,18.1,56.0,2.35,604.4
2025-06-28 06:00:00,WIND_AUGSBURG_02,wind,1.126,8.0,108.3,8.3,12.3,53.8,1.717,923.7
2025-06-28 07:00:00,WIND_AUGSBURG_02,wind,0.614,8.0,252.3,9.92,12.2,29.9,2.703,503.4
2025-06-28 08:00:00,WIND_AUGSBURG_02,wind,0.41,8.0,415.0,5.4,11.9,24.8,2.913,336.1
2025-06-28 09:00:00,WIND_AUGSBURG_02,wind,1.383,8.0,550.9,10.09,10.1,23.1,2.779,1134.1
2025-06-28 10:00:00,WIND_AUGSBURG_02,wind,1.18,8.0,359.5,9.63,14.3,51.6,4.008,967.4
2025-06-28 11:00:00,WIND_AUGSBURG_02,wind,0.648,8.0,621.2,7.74,12.0,30.1,4.339,531.2
2025-06-28 12:00:00,WIND_AUGSBURG_02,wind,8.0,8.0,651.7,18.5,17.4,26.0,3.599,6560.0
2025-06-28 13:00:00,WIND_AUGSBURG_02,wind,0.936,8.0,787.2,6.69,19.6,18.5,4.396,767.7
2025-06-28 14:00:00,WIND_AUGSBURG_02,wind,0.963,8.0,550.8,8.27,19.4,46.0,3.976,789.3
2025-06-28 15:00:00,WIND_AUGSBURG_02,wind,1.642,8.0,255.8,10.61,22.8,85.2,4.19,1346.7
2025-06-28 16:00:00,WIND_AUGSBURG_02,wind,0.304,8.0,578.6,7.77,26.3,34.6,3.526,249.4
2025-06-28 17:00:00,WIND_AUGSBURG_02,wind,1.436,8.0,495.3,9.05,30.5,29.1,4.049,1177.2
2025-06-28 18:00:00,WIND_AUGSBURG_02,wind,1.586,8.0,350.2,9.85,27.3,35.5,3.512,1300.3
2025-06-28 19:00:00,WIND_AUGSBURG_02,wind,2.118,8.0,258.9,10.76,29.7,26.4,3.52,1736.6
2025-06-28 20:00:00,WIND_AUGSBURG_02,wind,0.161,8.0,98.7,4.62,27.4,57.7,2.522,131.7
2025-06-28 21:00:00,WIND_AUGSBURG_02,wind,0.051,8.0,44.6,7.01,25.7,50.1,3.05,41.7
2025-06-28 22:00:00,WIND_AUGSBURG_02,wind,1.629,8.0,0.0,9.81,27.2,53.2,2.149,1335.8
2025-06-28 23:00:00,WIND_AUGSBURG_02,wind,2.478,8.0,0.0,10.77,27.3,38.7,1.737,2031.6
2025-06-29 00:00:00,WIND_AUGSBURG_02,wind,7.364,8.0,0.0,14.46,26.6,10.5,1.927,6038.9
2025-06-29 01:00:00,WIND_AUGSBURG_02,wind,4.379,8.0,0.0,12.36,19.7,48.5,2.137,3590.5
2025-06-29 02:00:00,WIND_AUGSBURG_02,wind,1.155,8.0,0.0,10.0,20.4,25.5,2.449,947.2
2025-06-29 03:00:00,WIND_AUGSBURG_02,wind,1.01,8.0,0.0,3.64,17.7,81.6,2.399,827.9
2025-06-29 04:00:00,WIND_AUGSBURG_02,wind,0.534,8.0,0.0,8.08,13.0,23.2,2.093,437.8
2025-06-29 05:00:00,WIND_AUGSBURG_02,wind,1.087,8.0,0.0,7.9,15.3,17.8,2.314,891.0
2025-06-29 06:00:00,WIND_AUGSBURG_02,wind,0.718,8.0,114.6,8.6,13.6,20.4,2.695,588.6
2025-06-29 07:00:00,WIND_AUGSBURG_02,wind,0.146,8.0,314.0,7.98,8.4,11.5,3.131,119.8
2025-06-29 08:00:00,WIND_AUGSBURG_02,wind,0.145,8.0,410.7,6.26,9.1,18.0,2.447,119.0
2025-06-29 09:00:00,WIND_AUGSBURG_02,wind,0.62,8.0,439.9,9.86,14.0,44.3,3.23,508.7
2025-06-29 10:00:00,WIND_AUGSBURG_02,wind,8.0,8.0,670.0,17.24,12.9,17.8,3.742,6560.0
2025-06-29 11:00:00,WIND_AUGSBURG_02,wind,0.0,8.0,627.6,5.06,16.6,28.4,3.763,0.0
2025-06-29 12:00:00,WIND_AUGSBURG_02,wind,2.578,8.0,722.5,11.67,16.9,18.1,4.0,2113.6
2025-06-29 13:00:00,WIND_AUGSBURG_02,wind,0.16,8.0,643.3,6.71,15.0,32.3,3.838,131.2
2025-06-29 14:00:00,WIND_AUGSBURG_02,wind,3.321,8.0,752.9,10.97,21.9,27.0,4.391,2723.3
2025-06-29 15:00:00,WIND_AUGSBURG_02,wind,8.0,8.0,620.4,16.66,22.2,31.5,3.773,6560.0
2025-06-29 16:00:00,WIND_AUGSBURG_02,wind,0.479,8.0,512.9,8.25,26.1,30.8,3.736,392.7
2025-06-29 17:00:00,WIND_AUGSBURG_02,wind,1.987,8.0,141.4,10.31,25.9,87.7,3.661,1629.3
2025-06-29 18:00:00,WIND_AUGSBURG_02,wind,0.0,8.0,348.0,7.6,25.5,37.9,3.747,0.0
2025-06-29 19:00:00,WIND_AUGSBURG_02,wind,0.146,8.0,181.6,7.17,25.6,68.2,3.775,119.7
2025-06-29 20:00:00,WIND_AUGSBURG_02,wind,0.413,8.0,134.6,7.01,24.1,46.4,3.59,338.3
2025-06-29 21:00:00,WIND_AUGSBURG_02,wind,0.0,8.0,0.0,5.15,29.2,56.1,2.956,0.0
2025-06-29 22:00:00,WIND_AUGSBURG_02,wind,0.299,8.0,0.0,8.08,30.0,27.4,2.324,245.1
2025-06-29 23:00:00,WIND_AUGSBURG_02,wind,0.679,8.0,0.0,7.99,28.5,83.4,2.472,556.8
2025-06-30 00:00:00,WIND_AUGSBURG_02,wind,0.0,8.0,0.0,8.35,25.8,26.7,2.288,0.0
2025-06-30 01:00:00,WIND_AUGSBURG_02,wind,1.189,8.0,0.0,9.18,20.4,20.0,2.071,974.9
2025-06-30 02:00:00,WIND_AUGSBURG_02,wind,0.784,8.0,0.0,8.2,21.3,62.9,2.091,643.2
2025-06-30 03:00:00,WIND_AUGSBURG_02,wind,0.0,8.0,0.0,2.88,17.4,46.2,2.034,0.0
2025-06-30 04:00:00,WIND_AUGSBURG_02,wind,2.079,8.0,0.0,10.85,16.3,20.2,2.284,1704.4
2025-06-30 05:00:00,WIND_AUGSBURG_02,wind,0.745,8.0,14.1,7.03,14.1,67.0,3.049,610.7
2025-06-30 06:00:00,WIND_AUGSBURG_02,wind,4.28,8.0,215.9,12.54,12.4,6.6,2.853,3509.8
2025-06-30 07:00:00,WIND_AUGSBURG_02,wind,0.842,8.0,230.3,7.55,9.6,34.9,3.389,690.6
2025-06-30 08:00:00,WIND_AUGSBURG_02,wind,1.515,8.0,385.4,9.49,12.6,24.7,3.118,1241.9
2025-06-30 09:00:00,WIND_AUGSBURG_02,wind,1.436,8.0,539.4,9.59,12.7,9.3,3.523,1177.9
2025-06-30 10:00:00,WIND_AUGSBURG_02,wind,0.703,8.0,431.2,9.4,13.6,49.6,4.316,576.7
2025-06-30 11:00:00,WIND_AUGSBURG_02,wind,0.618,8.0,814.4,5.39,14.2,6.5,4.401,506.8
2025-06-30 12:00:00,WIND_AUGSBURG_02,wind,0.693,8.0,669.4,9.64,15.1,23.0,4.96,568.2
2025-06-30 13:00:00,WIND_AUGSBURG_02,wind,2.725,8.0,407.6,10.64,15.9,70.0,4.965,2234.8
2025-06-30 14:00:00,WIND_AUGSBURG_02,wind,0.275,8.0,733.4,6.5,16.0,19.0,4.74,225.3
2025-06-30 15:00:00,WIND_AUGSBURG_02,wind,1.487,8.0,529.3,9.52,24.1,48.7,4.856,1219.3
2025-06-30 16:00:00,WIND_AUGSBURG_02,wind,0.0,8.0,477.7,6.1,25.9,47.2,4.88,0.0
2025-06-30 17:00:00,WIND_AUGSBURG_02,wind,2.691,8.0,450.3,12.1,23.6,35.4,4.278,2206.5
2025-06-30 18:00:00,WIND_AUGSBURG_02,wind,0.0,8.0,402.2,5.69,26.7,32.5,4.225,0.0
2025-06-30 19:00:00,WIND_AUGSBURG_02,wind,0.415,8.0,208.4,6.8,29.2,50.2,3.411,340.5
2025-06-30 20:00:00,WIND_AUGSBURG_02,wind,1.378,8.0,79.4,7.88,31.4,67.4,2.958,1130.3
2025-06-30 21:00:00,WIND_AUGSBURG_02,wind,3.132,8.0,38.9,12.04,26.5,25.9,3.471,2568.5
2025-06-30 22:00:00,WIND_AUGSBURG_02,wind,0.312,8.0,0.0,7.52,26.3,21.1,2.879,255.9
2025-06-30 23:00:00,WIND_AUGSBURG_02,wind,0.529,8.0,0.0,8.89,25.4,44.4,2.177,433.4
2025-06-01 00:00:00,SOLAR_NUERNBERG_03,solar,0.0,4.2,0.0,12.92,24.7,80.2,2.064,0.0
2025-06-01 01:00:00,SOLAR_NUERNBERG_03,solar,0.0,4.2,0.0,8.94,21.7,73.3,2.17,0.0
2025-06-01 02:00:00,SOLAR_NUERNBERG_03,solar,0.109,4.2,0.0,7.47,16.9,39.3,1.98,89.8
2025-06-01 03:00:00,SOLAR_NUERNBERG_03,solar,0.033,4.2,0.0,4.28,16.9,61.6,2.349,26.7
2025-06-01 04:00:00,SOLAR_NUERNBERG_03,solar,0.035,4.2,0.0,9.56,16.3,67.4,2.108,29.1
2025-06-01 05:00:00,SOLAR_NUERNBERG_03,solar,0.043,4.2,23.9,4.13,13.4,40.2,2.196,35.0
2025-06-01 06:00:00,SOLAR_NUERNBERG_03,solar,0.48,4.2,125.2,14.73,12.2,34.8,2.715,393.2
2025-06-01 07:00:00,SOLAR_NUERNBERG_03,solar,0.695,4.2,150.9,13.53,13.1,56.0,3.476,569.8
2025-06-01 08:00:00,SOLAR_NUERNBERG_03,solar,1.006,4.2,219.0,12.89,10.8,71.1,3.031,824.5
2025-06-01 09:00:00,SOLAR_NUERNBERG_03,solar,1.989,4.2,449.8,8.71,11.9,31.1,3.278,1630.8
2025-06-01 10:00:00,SOLAR_NUERNBERG_03,solar,1.843,4.2,408.7,7.41,14.2,57.0,3.444,1511.2
2025-06-01 11:00:00,SOLAR_NUERNBERG_03,solar,2.211,4.2,541.2,5.93,15.9,38.7,3.167,1813.2
2025-06-01 12:00:00,SOLAR_NUERNBERG_03,solar,3.07,4.2,721.4,6.97,17.1,21.3,3.388,2517.2
2025-06-01 13:00:00,SOLAR_NUERNBERG_03,solar,1.988,4.2,474.4,12.75,23.4,53.7,3.975,1629.8
2025-06-01 14:00:00,SOLAR_NUERNBERG_03,solar,2.102,4.2,481.1,18.44,15.2,52.8,3.321,1723.9
2025-06-01 15:00:00,SOLAR_NUERNBERG_03,solar,2.432,4.2,583.5,4.23,18.1,36.8,3.976,1994.4
2025-06-01 16:00:00,SOLAR_NUERNBERG_03,solar,1.939,4.2,466.0,6.8,21.6,42.5,4.013,1589.7
2025-06-01 17:00:00,SOLAR_NUERNBERG_03,solar,2.037,4.2,474.6,8.34,27.2,22.9,3.635,1670.4
2025-06-01 18:00:00,SOLAR_NUERNBERG_03,solar,1.7,4.2,411.5,7.55,27.8,36.7,3.447,1394.2
2025-06-01 19:00:00,SOLAR_NUERNBERG_03,solar,1.098,4.2,250.7,5.65,26.4,19.7,3.217,900.4
2025-06-01 20:00:00,SOLAR_NUERNBERG_03,solar,0.481,4.2,130.7,10.75,31.2,18.2,3.223,394.1
2025-06-01 21:00:00,SOLAR_NUERNBERG_03,solar,0.014,4.2,8.6,13.28,26.4,47.0,2.172,11.9
2025-06-01 22:00:00,SOLAR_NUERNBERG_03,solar,0.0,4.2,0.0,12.35,26.7,22.5,2.623,0.0
2025-06-01 23:00:00,SOLAR_NUERNBERG_03,solar,0.0,4.2,0.0,13.24,26.2,58.9,2.102,0.0
2025-06-02 00:00:00,SOLAR_NUERNBERG_03,solar,0.02,4.2,0.0,8.21,24.1,87.6,2.578,16.3
2025-06-02 01:00:00,SOLAR_NUERNBERG_03,solar,0.099,4.2,0.0,12.02,24.3,22.6,2.237,81.0
2025-06-02 02:00:00,SOLAR_NUERNBERG_03,solar,0.068,4.2,0.0,11.46,22.0,50.8,2.359,56.1
2025-06-02 03:00:00,SOLAR_NUERNBERG_03,solar,0.073,4.2,0.0,11.15,20.4,47.1,1.97,59.5
2025-06-02 04:00:00,SOLAR_NUERNBERG_03,solar,0.0,4.2,0.0,13.49,15.3,35.4,2.182,0.0
2025-06-02 05:00:00,SOLAR_NUERNBERG_03,solar,0.217,4.2,42.7,8.68,13.0,76.1,2.403,178.0
2025-06-02 06:00:00,SOLAR_NUERNBERG_03,solar,0.176,4.2,44.8,10.68,10.4,82.8,3.198,144.0
2025-06-02 07:00:00,SOLAR_NUERNBERG_03,solar,1.207,4.2,260.8,8.71,13.6,43.9,2.911,989.7
2025-06-02 08:00:00,SOLAR_NUERNBERG_03,solar,1.979,4.2,459.5,12.04,11.1,5.2,3.723,1623.1
2025-06-02 09:00:00,SOLAR_NUERNBERG_03,solar,1.293,4.2,304.8,11.4,12.1,58.5,4.39,1060.2
2025-06-02 10:00:00,SOLAR_NUERNBERG_03,solar,2.207,4.2,510.9,5.83,11.5,46.6,4.18,1809.5
2025-06-02 11:00:00,SOLAR_NUERNBERG_03,solar,1.871,4.2,447.3,5.55,13.9,50.1,4.074,1534.4
2025-06-02 12:00:00,SOLAR_NUERNBERG_03,solar,3.622,4.2,838.1,8.18,16.4,6.7,4.291,2969.7
2025-06-02 13:00:00,SOLAR_NUERNBERG_03,solar,3.643,4.2,811.7,10.21,17.1,12.6,4.382,2987.3
2025-06-02 14:00:00,SOLAR_NUERNBERG_03,solar,3.069,4.2,690.0,11.52,18.0,29.0,4.781,2516.2
2025-06-02 15:00:00,SOLAR_NUERNBERG_03,solar,2.677,4.2,636.3,15.85,23.6,24.8,4.58,2195.1
2025-06-02 16:00:00,SOLAR_NUERNBERG_03,solar,2.245,4.2,544.8,9.61,25.0,37.9,4.328,1840.8
2025-06-02 17:00:00,SOLAR_NUERNBERG_03,solar,1.994,4.2,496.5,15.78,25.2,24.2,4.263,1634.9
2025-06-02 18:00:00,SOLAR_NUERNBERG_03,solar,1.878,4.2,450.2,13.65,29.3,11.6,4.647,1540.3
2025-06-02 19:00:00,SOLAR_NUERNBERG_03,solar,0.946,4.2,211.1,9.32,27.9,49.2,3.687,775.8
2025-06-02 20:00:00,SOLAR_NUERNBERG_03,solar,0.465,4.2,106.7,11.6,28.7,78.3,3.777,381.1
2025-06-02 21:00:00,SOLAR_NUERNBERG_03,solar,0.252,4.2,38.5,7.23,25.1,66.2,3.505,206.8
2025-06-02 22:00:00,SOLAR_NUERNBERG_03,solar,0.0,4.2,0.0,17.64,27.7,48.0,2.388,0.0
2025-06-02 23:00:00,SOLAR_NUERNBERG_03,solar,0.0,4.2,0.0,4.17,24.7,39.5,2.442,0.0
2025-06-03 00:00:00,SOLAR_NUERNBERG_03,solar,0.099,4.2,0.0,14.07,25.2,51.7,2.485,80.9
2025-06-03 01:00:00,SOLAR_NUERNBERG_03,solar,0.0,4.2,0.0,8.45,20.8,36.4,1.989,0.0
2025-06-03 02:00:00,SOLAR_NUERNBERG_03,solar,0.03,4.2,0.0,8.12,19.0,80.7,2.703,24.2
2025-06-03 03:00:00,SOLAR_NUERNBERG_03,solar,0.014,4.2,0.0,8.9,18.8,35.0,2.322,11.7
2025-06-03 04:00:00,SOLAR_NUERNBERG_03,solar,0.0,4.2,0.0,9.49,18.3,23.3,2.378,0.0
2025-06-03 05:00:00,SOLAR_NUERNBERG_03,solar,0.176,4.2,2.3,4.71,12.3,45.2,2.875,144.4
2025-06-03 06:00:00,SOLAR_NUERNBERG_03,solar,0.429,4.2,92.3,5.35,13.0,48.4,2.523,351.9
2025-06-03 07:00:00,SOLAR_NUERNBERG_03,solar,0.957,4.2,213.4,4.65,10.3,52.4,3.481,784.8
2025-06-03 08:00:00,SOLAR_NUERNBERG_03,solar,2.144,4.2,487.3,2.62,9.8,10.1,3.433,1758.0
2025-06-03 09:00:00,SOLAR_NUERNBERG_03,solar,1.262,4.2,271.8,8.78,11.2,67.8,4.144,1035.0
2025-06-03 10:00:00,SOLAR_NUERNBERG_03,solar,2.546,4.2,584.5,7.09,14.2,29.8,3.832,2087.9
2025-06-03 11:00:00,SOLAR_NUERNBERG_03,solar,2.198,4.2,483.4,11.91,12.0,54.0,4.453,1802.2
2025-06-03 12:00:00,SOLAR_NUERNBERG_03,solar,1.565,4.2,362.6,5.58,13.4,73.4,4.432,1283.3
2025-06-03 13:00:00,SOLAR_NUERNBERG_03,solar,2.485,4.2,581.8,9.32,15.9,54.2,4.678,2037.4
2025-06-03 14:00:00,SOLAR_NUERNBERG_03,solar,2.602,4.2,604.5,6.17,19.2,37.1,4.81,2133.6
2025-06-03 15:00:00,SOLAR_NUERNBERG_03,solar,2.245,4.2,516.3,15.62,24.2,37.7,4.881,1841.2
2025-06-03 16:00:00,SOLAR_NUERNBERG_03,solar,2.103,4.2,504.6,8.97,26.6,41.7,4.963,1724.5
2025-06-03 17:00:00,SOLAR_NUERNBERG_03,solar,11.094,4.2,318.8,8.24,30.3,55.0,4.138,9097.0
2025-06-03 18:00:00,SOLAR_NUERNBERG_03,solar,1.182,4.2,295.5,9.09,28.7,47.8,3.882,969.3
2025-06-03 19:00:00,SOLAR_NUERNBERG_03,solar,0.924,4.2,215.4,7.81,28.6,47.4,4.012,757.8
2025-06-03 20:00:00,SOLAR_NUERNBERG_03,solar,0.564,4.2,123.0,12.17,25.2,48.2,3.82,462.8
2025-06-03 21:00:00,SOLAR_NUERNBERG_03,solar,0.109,4.2,26.2,7.45,31.1,42.3,2.835,89.5
2025-06-03 22:00:00,SOLAR_NUERNBERG_03,solar,0.045,4.2,0.0,9.14,25.6,37.1,3.137,36.6
2025-06-03 23:00:00,SOLAR_NUERNBERG_03,solar,0.0,4.2,0.0,2.52,26.0,20.8,3.149,0.0
2025-06-04 00:00:00,SOLAR_NUERNBERG_03,solar,0.107,4.2,0.0,6.01,25.3,56.8,2.641,87.5
2025-06-04 01:00:00,SOLAR_NUERNBERG_03,solar,0.0,4.2,0.0,4.64,20.3,66.5,2.364,0.0
2025-06-04 02:00:00,SOLAR_NUERNBERG_03,solar,0.0,4.2,0.0,8.8,23.3,60.6,2.516,0.0
2025-06-04 03:00:00,SOLAR_NUERNBERG_03,solar,0.0,4.2,0.0,10.71,19.0,22.6,2.247,0.0
2025-06-04 04:00:00,SOLAR_NUERNBERG_03,solar,0.004,4.2,0.0,17.1,12.9,47.6,2.871,2.9
2025-06-04 05:00:00,SOLAR_NUERNBERG_03,solar,0.137,4.2,23.0,11.14,15.0,21.6,2.514,112.1
2025-06-04 06:00:00,SOLAR_NUERNBERG_03,solar,0.534,4.2,115.8,8.72,10.4,53.3,3.009,438.1
2025-06-04 07:00:00,SOLAR_NUERNBERG_03,solar,1.49,4.2,330.3,3.22,9.8,13.5,3.0,1221.8
2025-06-04 08:00:00,SOLAR_NUERNBERG_03,solar,0.84,4.2,180.7,8.59,14.8,77.2,3.339,689.0
2025-06-04 09:00:00,SOLAR_NUERNBERG_03,solar,1.077,4.2,263.2,7.53,9.3,63.3,3.817,883.1
2025-06-04 10:00:00,SOLAR_NUERNBERG_03,solar,2.944,4.2,660.6,8.16,9.0,11.2,4.716,2413.9
2025-06-04 11:00:00,SOLAR_NUERNBERG_03,solar,2.339,4.2,542.4,8.03,16.6,38.7,4.487,1917.9
2025-06-04 12:00:00,SOLAR_NUERNBERG_03,solar,2.451,4.2,546.0,8.75,15.0,45.7,4.475,2010.1
2025-06-04 13:00:00,SOLAR_NUERNBERG_03,solar,2.931,4.2,694.9,9.15,19.7,30.8,4.868,2403.0
2025-06-04 14:00:00,SOLAR_NUERNBERG_03,solar,2.517,4.2,572.7,8.13,22.9,39.1,4.444,2064.2
2025-06-04 15:00:00,SOLAR_NUERNBERG_03,solar,2.162,4.2,519.9,6.47,22.7,38.4,4.816,1772.7
2025-06-04 16:00:00,SOLAR_NUERNBERG_03,solar,2.737,4.2,661.7,12.07,26.3,10.8,4.779,2244.7
2025-06-04 17:00:00,SOLAR_NUERNBERG_03,solar,0.947,4.2,216.5,11.04,24.5,74.8,4.711,776.2
2025-06-04 18:00:00,SOLAR_NUERNBERG_03,solar,1.901,4.2,437.2,11.47,25.6,11.9,4.553,1559.0
2025-06-04 19:00:00,SOLAR_NUERNBERG_03,solar,0.811,4.2,181.2,11.77,25.1,44.2,3.789,665.0
2025-06-04 20:00:00,SOLAR_NUERNBERG_03,solar,0.511,4.2,112.3,4.26,26.0,44.5,4.166,419.4
2025-06-04 21:00:00,SOLAR_NUERNBERG_03,solar,0.037,4.2,11.3,19.15,28.9,35.5,3.063,30.5
2025-06-04 22:00:00,SOLAR_NUERNBERG_03,solar,0.003,4.2,0.0,8.08,27.1,51.7,3.122,2.4
2025-06-04 23:00:00,SOLAR_NUERNBERG_03,solar,0.007,4.2,0.0,18.09,24.9,71.6,2.375,5.8
2025-06-05 00:00:00,SOLAR_NUERNBERG_03,solar,0.0,4.2,0.0,4.07,24.2,78.7,2.362,0.0
2025-06-05 01:00:00,SOLAR_NUERNBERG_03,solar,0.093,4.2,0.0,18.46,20.8,64.9,2.135,76.5
2025-06-05 02:00:00,SOLAR_NUERNBERG_03,solar,0.017,4.2,0.0,7.34,22.2,4.9,2.504,13.6
2025-06-05 03:00:00,SOLAR_NUERNBERG_03,solar,0.0,4.2,0.0,13.03,19.7,49.1,2.374,0.0
2025-06-05 04:00:00,SOLAR_NUERNBERG_03,solar,0.019,4.2,0.0,6.2,12.5,78.5,2.4,15.5
2025-06-05 05:00:00,SOLAR_NUERNBERG_03,solar,0.033,4.2,16.0,5.11,17.5,69.0,2.601,26.8
2025-06-05 06:00:00,SOLAR_NUERNBERG_03,solar,0.491,4.2,131.3,9.26,14.0,31.7,3.406,402.4
2025-06-05 07:00:00,SOLAR_NUERNBERG_03,solar,1.464,4.2,332.7,8.36,12.7,5.5,2.518,1200.4
2025-06-05 08:00:00,SOLAR_NUERNBERG_03,solar,1.656,4.2,405.6,13.16,12.3,27.5,3.853,1357.7
2025-06-05 09:00:00,SOLAR_NUERNBERG_03,solar,1.75,4.2,403.5,10.67,15.2,36.6,3.923,1435.1
2025-06-05 10:00:00,SOLAR_NUERNBERG_03,solar,2.808,4.2,641.9,11.9,11.4,22.1,4.149,2302.4
2025-06-05 11:00:00,SOLAR_NUERNBERG_03,solar,2.728,4.2,645.1,4.67,17.3,34.5,4.696,2236.6
2025-06-05 12:00:00,SOLAR_NUERNBERG_03,solar,1.239,4.2,283.4,6.08,17.5,84.9,4.378,1016.1
2025-06-05 13:00:00,SOLAR_NUERNBERG_03,solar,2.438,4.2,572.6,4.91,17.7,48.1,4.661,1998.9
2025-06-05 14:00:00,SOLAR_NUERNBERG_03,solar,2.84,4.2,649.4,11.51,19.9,31.4,4.442,2328.8
2025-06-05 15:00:00,SOLAR_NUERNBERG_03,solar,2.345,4.2,534.7,8.36,25.3,46.2,4.769,1922.6
2025-06-05 16:00:00,SOLAR_NUERNBERG_03,solar,2.099,4.2,506.6,8.55,25.1,38.6,4.784,1721.1
2025-06-05 17:00:00,SOLAR_NUERNBERG_03,solar,1.802,4.2,423.2,6.8,24.2,47.6,3.893,1477.5
2025-06-05 18:00:00,SOLAR_NUERNBERG_03,solar,1.803,4.2,433.3,17.23,28.2,22.3,3.775,1478.8
2025-06-05 19:00:00,SOLAR_NUERNBERG_03,solar,1.216,4.2,274.6,9.35,33.2,34.9,4.015,996.9
2025-06-05 20:00:00,SOLAR_NUERNBERG_03,solar,0.624,4.2,143.3,9.57,25.1,42.2,3.736,512.0
2025-06-05 21:00:00,SOLAR_NUERNBERG_03,solar,0.028,4.2,0.0,4.92,25.8,26.6,3.54,22.9
2025-06-05 22:00:00,SOLAR_NUERNBERG_03,solar,0.071,4.2,0.0,11.23,26.3,49.5,3.028,58.6
2025-06-05 23:00:00,SOLAR_NUERNBERG_03,solar,0.0,4.2,0.0,7.18,24.3,26.9,2.42,0.0
2025-06-06 00:00:00,SOLAR_NUERNBERG_03,solar,0.035,4.2,0.0,5.4,23.4,42.2,3.131,28.6
2025-06-06 01:00:00,SOLAR_NUERNBERG_03,solar,0.092,4.2,0.0,10.29,23.7,79.2,2.135,75.2
2025-06-06 02:00:00,SOLAR_NUERNBERG_03,solar,0.05,4.2,0.0,18.64,17.5,24.0,2.204,40.6
2025-06-06 03:00:00,SOLAR_NUERNBERG_03,solar,0.06,4.2,0.0,4.83,16.1,13.9,2.067,49.6
2025-06-06 04:00:00,SOLAR_NUERNBERG_03,solar,0.017,4.2,0.0,3.14,18.2,67.3,2.828,14.0
2025-06-06 05:00:00,SOLAR_NUERNBERG_03,solar,1.105,4.2,24.0,17.12,13.6,45.3,2.767,906.3
2025-06-06 06:00:00,SOLAR_NUERNBERG_03,solar,0.537,4.2,122.8,5.5,8.9,52.4,2.44,440.6
2025-06-06 07:00:00,SOLAR_NUERNBERG_03,solar,1.22,4.2,274.5,9.18,12.0,26.1,2.857,1000.5
2025-06-06 08:00:00,SOLAR_NUERNBERG_03,solar,1.442,4.2,335.4,12.29,16.3,38.4,3.61,1182.2
2025-06-06 09:00:00,SOLAR_NUERNBERG_03,solar,1.901,4.2,455.4,10.33,12.2,38.6,3.928,1558.6
2025-06-06 10:00:00,SOLAR_NUERNBERG_03,solar,2.011,4.2,477.7,14.71,12.8,51.3,4.004,1649.3
2025-06-06 11:00:00,SOLAR_NUERNBERG_03,solar,1.736,4.2,405.2,2.7,13.0,62.1,4.44,1423.3
2025-06-06 12:00:00,SOLAR_NUERNBERG_03,solar,1.657,4.2,384.6,6.16,17.8,62.7,4.832,1359.1
2025-06-06 13:00:00,SOLAR_NUERNBERG_03,solar,2.353,4.2,530.8,7.79,18.7,45.3,4.541,1929.6
2025-06-06 14:00:00,SOLAR_NUERNBERG_03,solar,2.112,4.2,498.1,14.76,19.9,54.8,4.518,1731.4
2025-06-06 15:00:00,SOLAR_NUERNBERG_03,solar,3.255,4.2,758.6,9.38,21.6,9.7,4.72,2668.9
2025-06-06 16:00:00,SOLAR_NUERNBERG_03,solar,1.881,4.2,451.4,7.13,25.8,51.4,4.488,1542.8
2025-06-06 17:00:00,SOLAR_NUERNBERG_03,solar,1.143,4.2,267.0,14.63,26.4,72.0,3.991,937.5
2025-06-06 18:00:00,SOLAR_NUERNBERG_03,solar,1.587,4.2,405.1,12.47,24.7,26.6,4.15,1301.6
2025-06-06 19:00:00,SOLAR_NUERNBERG_03,solar,1.047,4.2,247.3,10.7,26.9,38.4,4.18,858.8
2025-06-06 20:00:00,SOLAR_NUERNBERG_03,solar,0.466,4.2,121.0,14.85,28.8,30.2,3.236,382.3
2025-06-06 21:00:00,SOLAR_NUERNBERG_03,solar,0.017,4.2,13.7,6.41,26.3,48.6,2.829,14.0
2025-06-06 22:00:00,SOLAR_NUERNBERG_03,solar,0.0,4.2,0.0,4.32,26.6,45.8,3.014,0.0
2025-06-06 23:00:00,SOLAR_NUERNBERG_03,solar,0.0,4.2,0.0,9.63,25.1,42.2,2.96,0.0
2025-06-07 00:00:00,SOLAR_NUERNBERG_03,solar,0.0,4.2,0.0,9.76,25.7,42.7,2.86,0.0
2025-06-07 01:00:00,SOLAR_NUERNBERG_03,solar,0.0,4.2,0.0,5.55,23.4,37.5,1.751,0.0
2025-06-07 02:00:00,SOLAR_NUERNBERG_03,solar,0.0,4.2,0.0,4.02,21.3,26.9,1.9,0.0
2025-06-07 03:00:00,SOLAR_NUERNBERG_03,solar,0.0,4.2,0.0,10.91,18.1,24.1,2.429,0.0
2025-06-07 04:00:00,SOLAR_NUERNBERG_03,solar,0.042,4.2,0.0,10.79,17.8,61.3,2.46,34.5
2025-06-07 05:00:00,SOLAR_NUERNBERG_03,solar,0.135,4.2,27.2,5.09,14.1,49.0,2.14,110.6
2025-06-07 06:00:00,SOLAR_NUERNBERG_03,solar,0.657,4.2,133.1,8.12,11.7,48.5,2.618,538.6
2025-06-07 07:00:00,SOLAR_NUERNBERG_03,solar,0.625,4.2,148.8,10.51,14.7,83.1,2.106,512.7
2025-06-07 08:00:00,SOLAR_NUERNBERG_03,solar,1.564,4.2,357.8,9.39,7.7,32.1,2.712,1282.1
2025-06-07 09:00:00,SOLAR_NUERNBERG_03,solar,1.897,4.2,416.9,3.65,11.2,37.1,2.805,1555.6
2025-06-07 10:00:00,SOLAR_NUERNBERG_03,solar,2.82,4.2,649.7,8.85,11.5,15.9,3.416,2312.7
2025-06-07 11:00:00,SOLAR_NUERNBERG_03,solar,2.728,4.2,609.8,5.58,14.8,38.0,3.619,2236.7
2025-06-07 12:00:00,SOLAR_NUERNBERG_03,solar,3.558,4.2,811.9,13.72,12.1,6.7,3.791,2917.9
2025-06-07 13:00:00,SOLAR_NUERNBERG_03,solar,3.104,4.2,711.2,7.03,20.1,23.1,4.316,2545.0
2025-06-07 14:00:00,SOLAR_NUERNBERG_03,solar,1.546,4.2,349.9,2.92,19.7,65.0,3.786,1267.7
2025-06-07 15:00:00,SOLAR_NUERNBERG_03,solar,1.985,4.2,478.4,9.34,23.7,59.0,3.681,1627.4
2025-06-07 16:00:00,SOLAR_NUERNBERG_03,solar,1.495,4.2,361.7,4.7,23.5,67.8,3.757,1225.8
2025-06-07 17:00:00,SOLAR_NUERNBERG_03,solar,1.965,4.2,447.7,6.19,24.3,29.2,4.294,1611.3
2025-06-07 18:00:00,SOLAR_NUERNBERG_03,solar,1.247,4.2,301.3,12.47,28.5,53.8,3.405,1022.4
2025-06-07 19:00:00,SOLAR_NUERNBERG_03,solar,0.385,4.2,105.8,9.38,28.5,77.0,3.599,315.3
2025-06-07 20:00:00,SOLAR_NUERNBERG_03,solar,0.455,4.2,98.3,8.53,26.1,57.8,3.198,373.2
2025-06-07 21:00:00,SOLAR_NUERNBERG_03,solar,0.1,4.2,34.1,10.99,26.4,40.4,2.556,81.9
2025-06-07 22:00:00,SOLAR_NUERNBERG_03,solar,0.0,4.2,0.0,9.26,28.6,6.2,2.299,0.0
2025-06-07 23:00:00,SOLAR_NUERNBERG_03,solar,0.0,4.2,0.0,4.58,24.7,50.0,2.011,0.0
2025-06-08 00:00:00,SOLAR_NUERNBERG_03,solar,0.012,4.2,0.0,8.8,22.4,5.1,1.792,10.0
2025-06-08 01:00:00,SOLAR_NUERNBERG_03,solar,0.0,4.2,0.0,10.44,22.9,82.0,1.706,0.0
2025-06-08 02:00:00,SOLAR_NUERNBERG_03,solar,0.057,4.2,0.0,17.31,19.2,32.1,1.318,46.4
2025-06-08 03:00:00,SOLAR_NUERNBERG_03,solar,0.022,4.2,0.0,16.22,16.3,61.3,1.798,18.3
2025-06-08 04:00:00,SOLAR_NUERNBERG_03,solar,0.0,4.2,0.0,11.12,15.1,14.6,1.824,0.0
2025-06-08 05:00:00,SOLAR_NUERNBERG_03,solar,0.025,4.2,0.0,12.1,11.6,23.6,2.561,20.2
2025-06-08 06:00:00,SOLAR_NUERNBERG_03,solar,0.54,4.2,132.5,5.47,14.5,35.8,1.781,442.6
2025-06-08 07:00:00,SOLAR_NUERNBERG_03,solar,1.128,4.2,243.1,9.79,12.3,22.0,2.669,925.3
2025-06-08 08:00:00,SOLAR_NUERNBERG_03,solar,1.023,4.2,247.5,11.73,14.3,54.0,3.083,838.8
2025-06-08 09:00:00,SOLAR_NUERNBERG_03,solar,1.449,4.2,320.4,10.17,10.7,52.6,3.658,1188.0
2025-06-08 10:00:00,SOLAR_NUERNBERG_03,solar,1.375,4.2,342.7,16.44,13.7,65.9,3.676,1127.7
2025-06-08 11:00:00,SOLAR_NUERNBERG_03,solar,2.096,4.2,494.3,6.03,13.7,50.9,3.663,1718.7
2025-06-08 12:00:00,SOLAR_NUERNBERG_03,solar,3.374,4.2,780.5,3.91,13.0,14.0,4.152,2766.6
2025-06-08 13:00:00,SOLAR_NUERNBERG_03,solar,2.604,4.2,608.0,10.89,19.0,39.4,4.112,2134.9
2025-06-08 14:00:00,SOLAR_NUERNBERG_03,solar,0.0,4.2,586.0,7.48,23.3,33.7,4.253,0.0
2025-06-08 15:00:00,SOLAR_NUERNBERG_03,solar,2.967,4.2,702.8,10.47,21.9,15.2,4.137,2432.6
2025-06-08 16:00:00,SOLAR_NUERNBERG_03,solar,2.601,4.2,609.0,4.3,20.0,24.4,3.919,2132.8
2025-06-08 17:00:00,SOLAR_NUERNBERG_03,solar,2.252,4.2,549.7,6.93,28.1,15.8,3.571,1846.6
2025-06-08 18:00:00,SOLAR_NUERNBERG_03,solar,1.071,4.2,263.3,7.38,27.3,60.1,4.158,878.0
2025-06-08 19:00:00,SOLAR_NUERNBERG_03,solar,0.782,4.2,203.5,4.77,30.0,58.8,3.493,641.0
2025-06-08 20:00:00,SOLAR_NUERNBERG_03,solar,0.544,4.2,123.2,5.78,26.5,37.0,3.199,446.0
2025-06-08 21:00:00,SOLAR_NUERNBERG_03,solar,0.173,4.2,42.1,12.16,26.8,62.2,2.62,141.9
2025-06-08 22:00:00,SOLAR_NUERNBERG_03,solar,0.027,4.2,0.0,12.92,24.8,43.4,2.784,21.9
2025-06-08 23:00:00,SOLAR_NUERNBERG_03,solar,0.0,4.2,0.0,18.57,25.1,15.5,2.443,0.0
2025-06-09 00:00:00,SOLAR_NUERNBERG_03,solar,0.0,4.2,0.0,15.36,23.4,70.6,2.5,0.0
2025-06-09 01:00:00,SOLAR_NUERNBERG_03,solar,0.0,4.2,0.0,9.22,20.9,28.2,2.421,0.0
2025-06-09 02:00:00,SOLAR_NUERNBERG_03,solar,0.0,4.2,0.0,12.76,21.0,42.2,1.795,0.0
2025-06-09 03:00:00,SOLAR_NUERNBERG_03,solar,0.004,4.2,0.0,8.68,20.1,46.3,2.766,3.4
2025-06-09 04:00:00,SOLAR_NUERNBERG_03,solar,0.0,4.2,0.0,3.83,17.7,48.4,2.416,0.0
2025-06-09 05:00:00,SOLAR_NUERNBERG_03,solar,0.252,4.2,50.2,4.45,13.3,30.8,2.451,206.4
2025-06-09 06:00:00,SOLAR_NUERNBERG_03,solar,0.827,4.2,172.2,8.23,12.2,33.7,3.473,678.5
2025-06-09 07:00:00,SOLAR_NUERNBERG_03,solar,0.974,4.2,243.1,15.77,9.9,32.5,3.315,798.4
2025-06-09 08:00:00,SOLAR_NUERNBERG_03,solar,1.671,4.2,391.8,5.26,12.0,23.8,3.42,1370.1
2025-06-09 09:00:00,SOLAR_NUERNBERG_03,solar,2.579,4.2,587.6,8.83,11.0,4.5,4.453,2115.1
2025-06-09 10:00:00,SOLAR_NUERNBERG_03,solar,1.929,4.2,435.4,12.94,12.7,47.3,3.822,1581.8
2025-06-09 11:00:00,SOLAR_NUERNBERG_03,solar,3.066,4.2,705.4,9.07,13.8,16.6,4.715,2514.3
2025-06-09 12:00:00,SOLAR_NUERNBERG_03,solar,2.185,4.2,510.8,13.23,16.2,51.6,4.738,1792.0
2025-06-09 13:00:00,SOLAR_NUERNBERG_03,solar,3.169,4.2,733.8,11.27,19.8,28.3,4.587,2599.0
2025-06-09 14:00:00,SOLAR_NUERNBERG_03,solar,3.207,4.2,747.2,7.16,21.9,16.6,4.448,2629.6
2025-06-09 15:00:00,SOLAR_NUERNBERG_03,solar,2.522,4.2,593.3,13.92,23.8,31.3,4.621,2067.8
2025-06-09 16:00:00,SOLAR_NUERNBERG_03,solar,2.578,4.2,604.8,11.84,23.1,19.4,5.001,2114.4
2025-06-09 17:00:00,SOLAR_NUERNBERG_03,solar,2.16,4.2,509.7,11.1,24.7,28.1,4.31,1771.0
2025-06-09 18:00:00,SOLAR_NUERNBERG_03,solar,1.303,4.2,304.2,6.87,29.4,47.5,4.138,1068.7
2025-06-09 19:00:00,SOLAR_NUERNBERG_03,solar,0.498,4.2,124.8,8.88,27.0,79.0,3.91,408.4
2025-06-09 20:00:00,SOLAR_NUERNBERG_03,solar,0.176,4.2,49.7,5.62,31.1,67.7,3.175,144.2
2025-06-09 21:00:00,SOLAR_NUERNBERG_03,solar,0.065,4.2,0.0,4.91,27.4,66.2,3.123,53.4
2025-06-09 22:00:00,SOLAR_NUERNBERG_03,solar,0.005,4.2,0.0,4.95,25.8,43.8,2.719,3.7
2025-06-09 23:00:00,SOLAR_NUERNBERG_03,solar,0.016,4.2,0.0,5.66,24.1,74.7,2.929,13.1
2025-06-10 00:00:00,SOLAR_NUERNBERG_03,solar,0.0,4.2,0.0,7.95,21.5,33.8,2.381,0.0
2025-06-10 01:00:00,SOLAR_NUERNBERG_03,solar,0.0,4.2,0.0,7.44,22.1,40.3,2.351,0.0
2025-06-10 02:00:00,SOLAR_NUERNBERG_03,solar,0.044,4.2,0.0,10.41,18.5,73.1,2.02,36.0
2025-06-10 03:00:00,SOLAR_NUERNBERG_03,solar,0.077,4.2,0.0,3.42,17.0,23.1,2.608,62.9
2025-06-10 04:00:00,SOLAR_NUERNBERG_03,solar,0.0,4.2,0.0,11.0,18.4,72.7,2.473,0.0
2025-06-10 05:00:00,SOLAR_NUERNBERG_03,solar,0.052,4.2,34.7,11.74,15.6,38.1,2.617,42.3
2025-06-10 06:00:00,SOLAR_NUERNBERG_03,solar,0.299,4.2,61.8,7.28,16.3,49.6,2.69,245.4
2025-06-10 07:00:00,SOLAR_NUERNBERG_03,solar,0.847,4.2,214.1,8.79,11.4,44.0,3.555,694.2
2025-06-10 08:00:00,SOLAR_NUERNBERG_03,solar,1.816,4.2,426.4,8.61,15.0,32.5,3.715,1488.7
2025-06-10 09:00:00,SOLAR_NUERNBERG_03,solar,2.063,4.2,479.9,4.67,10.3,40.2,3.772,1691.5
2025-06-10 10:00:00,SOLAR_NUERNBERG_03,solar,1.276,4.2,290.5,11.49,13.4,74.9,4.011,1046.1
2025-06-10 11:00:00,SOLAR_NUERNBERG_03,solar,2.833,4.2,644.4,11.59,14.4,23.8,4.352,2323.3
2025-06-10 12:00:00,SOLAR_NUERNBERG_03,solar,1.707,4.2,367.4,9.5,18.7,63.6,3.886,1399.7
2025-06-10 13:00:00,SOLAR_NUERNBERG_03,solar,2.879,4.2,681.0,11.64,16.6,27.6,4.441,2360.5
2025-06-10 14:00:00,SOLAR_NUERNBERG_03,solar,2.014,4.2,447.4,14.59,19.6,55.8,4.7,1651.1
2025-06-10 15:00:00,SOLAR_NUERNBERG_03,solar,1.758,4.2,419.6,6.01,17.8,53.0,4.647,1441.2
2025-06-10 16:00:00,SOLAR_NUERNBERG_03,solar,2.327,4.2,555.8,9.18,25.5,32.9,4.556,1907.8
2025-06-10 17:00:00,SOLAR_NUERNBERG_03,solar,2.666,4.2,629.9,18.48,23.4,8.6,4.157,2186.0
2025-06-10 18:00:00,SOLAR_NUERNBERG_03,solar,1.564,4.2,367.9,6.42,25.6,29.2,4.148,1282.6
2025-06-10 19:00:00,SOLAR_NUERNBERG_03,solar,0.44,4.2,101.8,11.75,29.2,78.0,4.148,361.1
2025-06-10 20:00:00,SOLAR_NUERNBERG_03,solar,0.591,4.2,140.5,6.04,26.2,33.5,4.146,484.9
2025-06-10 21:00:00,SOLAR_NUERNBERG_03,solar,0.0,4.2,0.0,10.81,27.9,30.6,3.272,0.0
2025-06-10 22:00:00,SOLAR_NUERNBERG_03,solar,0.0,4.2,0.0,5.4,22.0,16.7,2.205,0.0
2025-06-10 23:00:00,SOLAR_NUERNBERG_03,solar,0.0,4.2,0.0,6.15,24.1,29.0,2.685,0.0
2025-06-11 00:00:00,SOLAR_NUERNBERG_03,solar,0.016,4.2,0.0,11.71,22.0,20.0,2.463,13.4
2025-06-11 01:00:00,SOLAR_NUERNBERG_03,solar,0.06,4.2,0.0,5.54,23.7,42.6,2.24,49.2
2025-06-11 02:00:00,SOLAR_NUERNBERG_03,solar,0.0,4.2,0.0,11.98,22.3,30.9,2.574,0.0
2025-06-11 03:00:00,SOLAR_NUERNBERG_03,solar,0.053,4.2,0.0,8.32,18.9,43.7,2.057,43.2
2025-06-11 04:00:00,SOLAR_NUERNBERG_03,solar,0.028,4.2,0.0,7.56,17.3,14.3,2.511,22.6
2025-06-11 05:00:00,SOLAR_NUERNBERG_03,solar,0.059,4.2,0.0,9.72,15.4,33.1,3.26,48.1
2025-06-11 06:00:00,SOLAR_NUERNBERG_03,solar,0.539,4.2,121.8,4.63,13.7,26.2,2.688,442.3
2025-06-11 07:00:00,SOLAR_NUERNBERG_03,solar,0.915,4.2,198.6,15.84,10.3,39.7,3.089,750.5
2025-06-11 08:00:00,SOLAR_NUERNBERG_03,solar,1.657,4.2,403.1,14.01,15.6,13.2,3.748,1358.4
2025-06-11 09:00:00,SOLAR_NUERNBERG_03,solar,1.789,4.2,385.1,7.47,14.1,53.3,3.4,1467.2
2025-06-11 10:00:00,SOLAR_NUERNBERG_03,solar,1.613,4.2,367.9,11.01,14.3,61.2,3.886,1322.8
2025-06-11 11:00:00,SOLAR_NUERNBERG_03,solar,2.035,4.2,471.2,7.77,14.6,50.7,4.231,1668.6
2025-06-11 12:00:00,SOLAR_NUERNBERG_03,solar,2.926,4.2,662.8,13.51,14.5,32.2,4.425,2399.7
2025-06-11 13:00:00,SOLAR_NUERNBERG_03,solar,2.428,4.2,551.3,11.1,16.7,48.0,4.213,1990.7
2025-06-11 14:00:00,SOLAR_NUERNBERG_03,solar,1.73,4.2,382.5,10.59,18.9,67.7,4.865,1418.6
2025-06-11 15:00:00,SOLAR_NUERNBERG_03,solar,2.291,4.2,532.9,5.69,21.7,42.5,4.513,1878.5
2025-06-11 16:00:00,SOLAR_NUERNBERG_03,solar,2.738,4.2,640.8,5.36,21.0,12.6,4.158,2245.2
2025-06-11 17:00:00,SOLAR_NUERNBERG_03,solar,1.802,4.2,433.4,7.37,28.3,42.4,3.963,1477.8
2025-06-11 18:00:00,SOLAR_NUERNBERG_03,solar,1.688,4.2,395.0,7.85,27.4,17.4,3.668,1384.0
2025-06-11 19:00:00,SOLAR_NUERNBERG_03,solar,0.925,4.2,234.6,5.53,27.7,39.0,3.866,758.7
2025-06-11 20:00:00,SOLAR_NUERNBERG_03,solar,0.707,4.2,158.9,4.05,28.5,30.2,3.147,579.6
2025-06-11 21:00:00,SOLAR_NUERNBERG_03,solar,0.026,4.2,0.0,9.66,27.8,19.0,3.227,21.6
2025-06-11 22:00:00,SOLAR_NUERNBERG_03,solar,0.0,4.2,0.0,12.74,27.2,13.2,2.675,0.0
2025-06-11 23:00:00,SOLAR_NUERNBERG_03,solar,0.033,4.2,0.0,4.06,27.1,50.0,2.149,27.1
2025-06-12 00:00:00,SOLAR_NUERNBERG_03,solar,0.031,4.2,0.0,5.16,23.6,27.4,2.483,25.7
2025-06-12 01:00:00,SOLAR_NUERNBERG_03,solar,0.524,4.2,0.0,12.13,18.8,20.7,2.409,429.4
2025-06-12 02:00:00,SOLAR_NUERNBERG_03,solar,0.034,4.2,0.0,9.77,20.8,56.5,2.515,27.6
2025-06-12 03:00:00,SOLAR_NUERNBERG_03,solar,0.028,4.2,0.0,6.5,20.8,11.3,2.361,23.1
2025-06-12 04:00:00,SOLAR_NUERNBERG_03,solar,0.0,4.2,0.0,7.42,12.3,82.8,2.787,0.0
2025-06-12 05:00:00,SOLAR_NUERNBERG_03,solar,0.073,4.2,0.0,8.12,15.4,93.7,2.314,59.7
2025-06-12 06:00:00,SOLAR_NUERNBERG_03,solar,0.673,4.2,147.2,3.33,12.6,14.3,3.004,552.0
2025-06-12 07:00:00,SOLAR_NUERNBERG_03,solar,0.656,4.2,156.4,8.87,9.9,49.8,2.947,537.9
2025-06-12 08:00:00,SOLAR_NUERNBERG_03,solar,0.629,4.2,147.5,3.26,10.0,87.4,3.434,516.1
2025-06-12 09:00:00,SOLAR_NUERNBERG_03,solar,1.36,4.2,331.3,7.71,13.8,61.7,3.317,1115.2
2025-06-12 10:00:00,SOLAR_NUERNBERG_03,solar,2.837,4.2,656.1,4.91,10.5,12.8,3.82,2326.3
2025-06-12 11:00:00,SOLAR_NUERNBERG_03,solar,3.206,4.2,719.0,6.21,14.4,20.4,4.067,2629.0
2025-06-12 12:00:00,SOLAR_NUERNBERG_03,solar,3.1,4.2,747.0,11.02,20.0,19.0,4.647,2541.9
2025-06-12 13:00:00,SOLAR_NUERNBERG_03,solar,2.203,4.2,539.9,10.6,21.3,43.5,4.323,1806.2
2025-06-12 14:00:00,SOLAR_NUERNBERG_03,solar,1.996,4.2,460.0,5.93,21.3,60.6,4.595,1636.5
2025-06-12 15:00:00,SOLAR_NUERNBERG_03,solar,1.033,4.2,255.2,9.37,16.2,80.1,5.213,847.3
2025-06-12 16:00:00,SOLAR_NUERNBERG_03,solar,1.571,4.2,379.3,8.62,25.1,64.1,4.598,1288.0
2025-06-12 17:00:00,SOLAR_NUERNBERG_03,solar,2.317,4.2,532.1,13.93,23.2,17.7,4.103,1899.6
2025-06-12 18:00:00,SOLAR_NUERNBERG_03,solar,1.647,4.2,400.4,9.27,25.9,22.4,4.075,1350.5
2025-06-12 19:00:00,SOLAR_NUERNBERG_03,solar,1.222,4.2,286.0,12.71,31.4,22.0,3.618,1002.1
2025-06-12 20:00:00,SOLAR_NUERNBERG_03,solar,0.212,4.2,43.3,11.11,28.9,70.2,4.051,173.7
2025-06-12 21:00:00,SOLAR_NUERNBERG_03,solar,0.134,4.2,40.7,3.87,28.6,24.2,2.725,109.5
2025-06-12 22:00:00,SOLAR_NUERNBERG_03,solar,0.0,4.2,0.0,6.63,28.5,40.5,3.05,0.0
2025-06-12 23:00:00,SOLAR_NUERNBERG_03,solar,0.09,4.2,0.0,14.45,26.8,33.5,3.134,73.7
2025-06-13 00:00:00,SOLAR_NUERNBERG_03,solar,0.004,4.2,0.0,6.23,20.6,36.4,2.753,3.1
2025-06-13 01:00:00,SOLAR_NUERNBERG_03,solar,0.059,4.2,0.0,6.75,22.6,36.3,2.02,48.6
2025-06-13 02:00:00,SOLAR_NUERNBERG_03,solar,0.023,4.2,0.0,13.42,21.6,63.0,2.291,19.0
2025-06-13 03:00:00,SOLAR_NUERNBERG_03,solar,0.0,4.2,0.0,13.38,21.3,60.6,2.642,0.0
2025-06-13 04:00:00,SOLAR_NUERNBERG_03,solar,0.035,4.2,0.0,3.1,19.4,56.0,2.032,28.5
2025-06-13 05:00:00,SOLAR_NUERNBERG_03,solar,0.08,4.2,0.0,4.05,14.4,12.7,2.452,65.5
2025-06-13 06:00:00,SOLAR_NUERNBERG_03,solar,0.662,4.2,150.6,7.13,15.8,35.3,2.918,542.8
2025-06-13 07:00:00,SOLAR_NUERNBERG_03,solar,1.4,4.2,317.5,8.34,10.7,15.7,2.757,1148.1
2025-06-13 08:00:00,SOLAR_NUERNBERG_03,solar,1.449,4.2,326.9,11.67,6.3,44.3,4.13,1188.4
2025-06-13 09:00:00,SOLAR_NUERNBERG_03,solar,2.505,4.2,579.4,10.92,6.5,10.5,3.273,2054.1
2025-06-13 10:00:00,SOLAR_NUERNBERG_03,solar,1.764,4.2,396.1,17.05,8.5,57.9,4.131,1446.5
2025-06-13 11:00:00,SOLAR_NUERNBERG_03,solar,2.102,4.2,472.1,10.18,14.6,50.2,4.054,1723.5
2025-06-13 12:00:00,SOLAR_NUERNBERG_03,solar,1.386,4.2,310.5,11.58,15.4,71.2,4.446,1136.2
2025-06-13 13:00:00,SOLAR_NUERNBERG_03,solar,0.889,4.2,224.4,4.5,18.3,90.9,4.893,729.1
2025-06-13 14:00:00,SOLAR_NUERNBERG_03,solar,1.438,4.2,339.8,8.63,24.3,74.9,4.516,1178.9
2025-06-13 15:00:00,SOLAR_NUERNBERG_03,solar,2.165,4.2,525.8,8.53,20.5,43.4,4.828,1775.3
2025-06-13 16:00:00,SOLAR_NUERNBERG_03,solar,1.891,4.2,443.6,6.71,23.8,39.6,4.48,1551.0
2025-06-13 17:00:00,SOLAR_NUERNBERG_03,solar,2.391,4.2,576.9,8.76,26.9,22.6,4.496,1960.2
2025-06-13 18:00:00,SOLAR_NUERNBERG_03,solar,1.131,4.2,276.4,17.08,26.5,47.2,3.771,927.7
2025-06-13 19:00:00,SOLAR_NUERNBERG_03,solar,0.552,4.2,139.1,3.7,27.0,56.9,3.284,452.3
2025-06-13 20:00:00,SOLAR_NUERNBERG_03,solar,0.609,4.2,135.8,20.27,28.5,42.5,4.113,499.6
2025-06-13 21:00:00,SOLAR_NUERNBERG_03,solar,0.0,4.2,0.0,8.04,28.9,50.3,3.156,0.0
2025-06-13 22:00:00,SOLAR_NUERNBERG_03,solar,0.056,4.2,0.0,8.95,22.3,39.6,2.973,46.2
2025-06-13 23:00:00,SOLAR_NUERNBERG_03,solar,0.028,4.2,0.0,4.69,23.9,58.0,2.102,22.8
2025-06-14 00:00:00,SOLAR_NUERNBERG_03,solar,0.0,4.2,0.0,4.63,22.6,45.1,2.509,0.0
2025-06-14 01:00:00,SOLAR_NUERNBERG_03,solar,0.0,4.2,0.0,11.2,21.2,74.1,2.154,0.0
2025-06-14 02:00:00,SOLAR_NUERNBERG_03,solar,0.04,4.2,0.0,11.48,20.2,49.5,1.693,32.5
2025-06-14 03:00:00,SOLAR_NUERNBERG_03,solar,0.0,4.2,0.0,9.4,19.6,35.1,1.914,0.0
2025-06-14 04:00:00,SOLAR_NUERNBERG_03,solar,0.031,4.2,0.0,8.31,18.5,7.7,2.101,25.6
2025-06-14 05:00:00,SOLAR_NUERNBERG_03,solar,0.0,4.2,9.4,8.68,12.4,37.4,2.284,0.0
2025-06-14 06:00:00,SOLAR_NUERNBERG_03,solar,0.829,4.2,178.5,12.39,13.5,17.3,2.509,679.9
2025-06-14 07:00:00,SOLAR_NUERNBERG_03,solar,1.219,4.2,270.5,7.04,11.7,36.1,2.621,999.3
2025-06-14 08:00:00,SOLAR_NUERNBERG_03,solar,1.66,4.2,380.0,8.59,10.7,31.9,2.914,1361.2
2025-06-14 09:00:00,SOLAR_NUERNBERG_03,solar,2.243,4.2,527.3,11.27,13.4,13.6,3.466,1839.4
2025-06-14 10:00:00,SOLAR_NUERNBERG_03,solar,2.468,4.2,550.0,6.97,10.8,34.4,3.126,2023.9
2025-06-14 11:00:00,SOLAR_NUERNBERG_03,solar,2.458,4.2,572.3,4.76,12.2,36.5,4.139,2015.5
2025-06-14 12:00:00,SOLAR_NUERNBERG_03,solar,2.054,4.2,488.7,6.67,16.7,50.5,3.676,1684.6
2025-06-14 13:00:00,SOLAR_NUERNBERG_03,solar,1.649,4.2,362.5,10.41,18.7,70.1,3.462,1352.4
2025-06-14 14:00:00,SOLAR_NUERNBERG_03,solar,3.283,4.2,740.0,5.26,16.6,13.0,3.903,2691.8
2025-06-14 15:00:00,SOLAR_NUERNBERG_03,solar,2.447,4.2,564.6,8.73,19.5,44.5,3.767,2006.5
2025-06-14 16:00:00,SOLAR_NUERNBERG_03,solar,2.352,4.2,560.7,11.35,21.1,51.6,4.329,1928.3
2025-06-14 17:00:00,SOLAR_NUERNBERG_03,solar,0.736,4.2,180.4,5.0,22.1,80.3,4.318,603.4
2025-06-14 18:00:00,SOLAR_NUERNBERG_03,solar,1.654,4.2,398.7,8.3,26.9,35.0,3.292,1356.2
2025-06-14 19:00:00,SOLAR_NUERNBERG_03,solar,0.674,4.2,167.4,10.4,32.0,63.8,3.203,552.9
2025-06-14 20:00:00,SOLAR_NUERNBERG_03,solar,0.353,4.2,90.6,6.98,27.2,46.7,3.113,289.7
2025-06-14 21:00:00,SOLAR_NUERNBERG_03,solar,0.032,4.2,0.0,3.92,29.9,46.1,2.325,26.3
2025-06-14 22:00:00,SOLAR_NUERNBERG_03,solar,0.0,4.2,0.0,15.66,26.6,22.9,2.29,0.0
2025-06-14 23:00:00,SOLAR_NUERNBERG_03,solar,0.0,4.2,0.0,12.96,28.1,63.3,2.163,0.0
2025-06-15 00:00:00,SOLAR_NUERNBERG_03,solar,0.0,4.2,0.0,6.02,25.3,71.1,2.576,0.0
2025-06-15 01:00:00,SOLAR_NUERNBERG_03,solar,0.0,4.2,0.0,4.67,24.5,9.0,1.807,0.0
2025-06-15 02:00:00,SOLAR_NUERNBERG_03,solar,0.02,4.2,0.0,3.76,21.9,45.4,2.257,16.4
2025-06-15 03:00:00,SOLAR_NUERNBERG_03,solar,0.027,4.2,0.0,17.47,17.0,70.4,1.872,22.5
2025-06-15 04:00:00,SOLAR_NUERNBERG_03,solar,0.001,4.2,0.0,7.04,17.0,52.7,1.863,0.8
2025-06-15 05:00:00,SOLAR_NUERNBERG_03,solar,0.029,4.2,0.0,11.83,16.2,32.5,2.459,23.8
2025-06-15 06:00:00,SOLAR_NUERNBERG_03,solar,0.58,4.2,145.1,7.09,11.9,63.1,2.495,475.7
2025-06-15 07:00:00,SOLAR_NUERNBERG_03,solar,0.6,4.2,125.0,14.95,13.5,58.6,2.43,491.6
2025-06-15 08:00:00,SOLAR_NUERNBERG_03,solar,1.489,4.2,351.7,6.52,8.6,29.5,3.052,1220.6
2025-06-15 09:00:00,SOLAR_NUERNBERG_03,solar,2.099,4.2,486.8,6.35,13.8,34.9,3.263,1721.3
2025-06-15 10:00:00,SOLAR_NUERNBERG_03,solar,2.502,4.2,570.4,9.04,15.8,26.2,3.518,2051.8
2025-06-15 11:00:00,SOLAR_NUERNBERG_03,solar,3.055,4.2,712.5,12.71,13.4,12.2,3.652,2505.4
2025-06-15 12:00:00,SOLAR_NUERNBERG_03,solar,3.227,4.2,753.0,8.67,16.9,21.0,3.662,2646.0
2025-06-15 13:00:00,SOLAR_NUERNBERG_03,solar,2.885,4.2,656.7,10.21,17.2,29.8,4.331,2366.0
2025-06-15 14:00:00,SOLAR_NUERNBERG_03,solar,2.191,4.2,512.8,6.6,18.6,47.4,3.403,1796.2
2025-06-15 15:00:00,SOLAR_NUERNBERG_03,solar,3.43,4.2,817.1,9.68,24.4,7.6,3.639,2812.7
2025-06-15 16:00:00,SOLAR_NUERNBERG_03,solar,2.258,4.2,515.7,7.87,21.6,35.9,4.484,1852.0
2025-06-15 17:00:00,SOLAR_NUERNBERG_03,solar,1.981,4.2,493.5,6.78,28.6,21.6,3.717,1624.5
2025-06-15 18:00:00,SOLAR_NUERNBERG_03,solar,1.282,4.2,311.9,3.22,26.8,50.0,3.187,1050.9
2025-06-15 19:00:00,SOLAR_NUERNBERG_03,solar,0.718,4.2,169.2,7.24,27.4,62.2,3.477,588.4
2025-06-15 20:00:00,SOLAR_NUERNBERG_03,solar,0.515,4.2,93.9,11.07,27.7,56.4,3.16,422.4
2025-06-15 21:00:00,SOLAR_NUERNBERG_03,solar,0.048,4.2,2.0,9.13,26.5,50.4,2.461,39.0
2025-06-15 22:00:00,SOLAR_NUERNBERG_03,solar,0.0,4.2,0.0,12.72,22.1,30.7,2.221,0.0
2025-06-15 23:00:00,SOLAR_NUERNBERG_03,solar,0.001,4.2,0.0,16.89,23.4,38.7,2.573,0.7
2025-06-16 00:00:00,SOLAR_NUERNBERG_03,solar,0.0,4.2,0.0,8.12,27.0,16.9,2.481,0.0
2025-06-16 01:00:00,SOLAR_NUERNBERG_03,solar,0.0,4.2,0.0,4.81,21.4,46.5,2.315,0.0
2025-06-16 02:00:00,SOLAR_NUERNBERG_03,solar,0.0,4.2,0.0,7.19,18.7,28.8,2.646,0.0
2025-06-16 03:00:00,SOLAR_NUERNBERG_03,solar,0.036,4.2,0.0,4.38,15.7,22.8,2.81,29.2
2025-06-16 04:00:00,SOLAR_NUERNBERG_03,solar,0.0,4.2,0.0,6.68,17.3,30.4,1.626,0.0
2025-06-16 05:00:00,SOLAR_NUERNBERG_03,solar,0.093,4.2,15.2,6.3,8.9,46.6,2.339,75.9
2025-06-16 06:00:00,SOLAR_NUERNBERG_03,solar,0.418,4.2,85.5,8.63,15.4,56.2,2.673,342.8
2025-06-16 07:00:00,SOLAR_NUERNBERG_03,solar,0.921,4.2,227.7,9.47,13.6,48.4,3.079,755.4
2025-06-16 08:00:00,SOLAR_NUERNBERG_03,solar,1.349,4.2,292.1,3.21,10.9,51.2,3.637,1106.1
2025-06-16 09:00:00,SOLAR_NUERNBERG_03,solar,1.595,4.2,347.1,11.74,12.5,51.3,3.549,1308.2
2025-06-16 10:00:00,SOLAR_NUERNBERG_03,solar,3.005,4.2,707.3,7.15,13.2,15.7,3.786,2464.5
2025-06-16 11:00:00,SOLAR_NUERNBERG_03,solar,2.748,4.2,642.3,11.01,15.6,32.0,4.533,2253.1
2025-06-16 12:00:00,SOLAR_NUERNBERG_03,solar,2.876,4.2,652.7,8.81,15.5,25.2,4.572,2358.5
2025-06-16 13:00:00,SOLAR_NUERNBERG_03,solar,2.061,4.2,484.1,17.03,16.8,45.2,4.915,1690.2
2025-06-16 14:00:00,SOLAR_NUERNBERG_03,solar,2.126,4.2,493.3,8.67,18.2,57.2,4.928,1743.6
2025-06-16 15:00:00,SOLAR_NUERNBERG_03,solar,1.983,4.2,448.3,13.74,21.3,44.2,4.916,1626.5
2025-06-16 16:00:00,SOLAR_NUERNBERG_03,solar,1.605,4.2,397.2,7.26,25.7,51.5,4.138,1315.7
2025-06-16 17:00:00,SOLAR_NUERNBERG_03,solar,1.888,4.2,431.7,10.73,25.3,36.6,4.727,1547.9
2025-06-16 18:00:00,SOLAR_NUERNBERG_03,solar,1.56,4.2,371.7,5.43,28.3,22.6,4.611,1278.9
2025-06-16 19:00:00,SOLAR_NUERNBERG_03,solar,0.993,4.2,243.7,6.65,32.1,27.4,3.862,814.2
2025-06-16 20:00:00,SOLAR_NUERNBERG_03,solar,0.374,4.2,87.4,9.09,27.5,28.8,2.968,306.3
2025-06-16 21:00:00,SOLAR_NUERNBERG_03,solar,0.0,4.2,0.0,18.1,29.6,24.4,3.639,0.0
2025-06-16 22:00:00,SOLAR_NUERNBERG_03,solar,0.0,4.2,0.0,17.97,28.7,32.7,3.351,0.0
2025-06-16 23:00:00,SOLAR_NUERNBERG_03,solar,0.013,4.2,0.0,8.82,20.7,29.0,2.526,10.3
2025-06-17 00:00:00,SOLAR_NUERNBERG_03,solar,0.048,4.2,0.0,5.88,26.6,37.5,2.57,39.6
2025-06-17 01:00:00,SOLAR_NUERNBERG_03,solar,0.021,4.2,0.0,8.18,23.1,49.7,1.728,17.1
2025-06-17 02:00:00,SOLAR_NUERNBERG_03,solar,0.0,4.2,0.0,8.38,20.8,48.0,1.772,0.0
2025-06-17 03:00:00,SOLAR_NUERNBERG_03,solar,0.014,4.2,0.0,14.45,18.9,20.9,2.683,11.9
2025-06-17 04:00:00,SOLAR_NUERNBERG_03,solar,0.0,4.2,0.0,12.5,15.9,41.8,2.534,0.0
2025-06-17 05:00:00,SOLAR_NUERNBERG_03,solar,0.034,4.2,15.5,3.95,12.7,71.5,2.653,27.9
2025-06-17 06:00:00,SOLAR_NUERNBERG_03,solar,0.491,4.2,101.2,11.88,10.8,19.2,3.333,402.8
2025-06-17 07:00:00,SOLAR_NUERNBERG_03,solar,1.065,4.2,241.1,6.61,10.2,22.3,3.092,873.4
2025-06-17 08:00:00,SOLAR_NUERNBERG_03,solar,1.8,4.2,427.1,7.4,16.3,20.5,3.408,1476.3
2025-06-17 09:00:00,SOLAR_NUERNBERG_03,solar,1.241,4.2,269.8,6.6,8.5,69.7,3.521,1017.5
2025-06-17 10:00:00,SOLAR_NUERNBERG_03,solar,2.727,4.2,622.0,9.49,14.4,17.5,3.88,2236.1
2025-06-17 11:00:00,SOLAR_NUERNBERG_03,solar,2.445,4.2,546.0,7.54,12.7,28.5,4.012,2005.0
2025-06-17 12:00:00,SOLAR_NUERNBERG_03,solar,3.663,4.2,856.0,4.15,17.9,4.2,4.55,3003.3
2025-06-17 13:00:00,SOLAR_NUERNBERG_03,solar,1.857,4.2,420.3,11.58,17.6,59.5,4.66,1522.5
2025-06-17 14:00:00,SOLAR_NUERNBERG_03,solar,1.671,4.2,383.2,6.25,19.5,70.0,4.526,1370.5
2025-06-17 15:00:00,SOLAR_NUERNBERG_03,solar,3.006,4.2,719.5,13.23,22.1,11.2,5.236,2465.2
2025-06-17 16:00:00,SOLAR_NUERNBERG_03,solar,2.465,4.2,606.2,15.51,28.9,31.0,4.772,2021.1
2025-06-17 17:00:00,SOLAR_NUERNBERG_03,solar,1.894,4.2,453.9,10.02,24.7,26.4,4.111,1552.9
2025-06-17 18:00:00,SOLAR_NUERNBERG_03,solar,1.79,4.2,435.7,11.22,27.3,19.6,3.922,1467.9
2025-06-17 19:00:00,SOLAR_NUERNBERG_03,solar,0.79,4.2,180.6,13.11,28.8,60.9,3.815,647.5
2025-06-17 20:00:00,SOLAR_NUERNBERG_03,solar,0.356,4.2,88.7,6.3,27.7,59.5,3.658,292.1
2025-06-17 21:00:00,SOLAR_NUERNBERG_03,solar,0.138,4.2,9.4,14.5,25.7,26.8,3.355,113.2
2025-06-17 22:00:00,SOLAR_NUERNBERG_03,solar,0.0,4.2,0.0,11.73,24.6,42.9,2.968,0.0
2025-06-17 23:00:00,SOLAR_NUERNBERG_03,solar,0.046,4.2,0.0,5.74,23.0,7.9,2.213,38.0
2025-06-18 00:00:00,SOLAR_NUERNBERG_03,solar,0.0,4.2,0.0,7.68,26.5,16.4,2.719,0.0
2025-06-18 01:00:00,SOLAR_NUERNBERG_03,solar,0.002,4.2,0.0,6.47,19.9,60.7,1.925,1.5
2025-06-18 02:00:00,SOLAR_NUERNBERG_03,solar,0.002,4.2,0.0,13.42,18.5,48.5,2.72,1.6
2025-06-18 03:00:00,SOLAR_NUERNBERG_03,solar,0.028,4.2,0.0,9.41,16.7,11.5,2.359,22.6
2025-06-18 04:00:00,SOLAR_NUERNBERG_03,solar,0.0,4.2,0.0,9.64,15.1,81.8,2.04,0.0
2025-06-18 05:00:00,SOLAR_NUERNBERG_03,solar,0.0,4.2,0.0,3.66,16.9,79.4,2.876,0.0
2025-06-18 06:00:00,SOLAR_NUERNBERG_03,solar,0.462,4.2,99.3,6.83,10.6,47.6,3.511,379.2
2025-06-18 07:00:00,SOLAR_NUERNBERG_03,solar,1.28,4.2,300.8,14.46,11.4,14.8,3.076,1049.5
2025-06-18 08:00:00,SOLAR_NUERNBERG_03,solar,0.441,4.2,100.3,10.35,12.3,87.0,3.314,361.9
2025-06-18 09:00:00,SOLAR_NUERNBERG_03,solar,1.196,4.2,292.7,7.82,12.7,65.3,3.898,980.4
2025-06-18 10:00:00,SOLAR_NUERNBERG_03,solar,1.431,4.2,332.7,15.77,13.6,66.5,3.835,1173.4
2025-06-18 11:00:00,SOLAR_NUERNBERG_03,solar,2.847,4.2,643.2,11.89,15.4,35.4,4.756,2334.7
2025-06-18 12:00:00,SOLAR_NUERNBERG_03,solar,2.834,4.2,639.3,6.03,14.9,43.0,4.357,2324.3
2025-06-18 13:00:00,SOLAR_NUERNBERG_03,solar,3.701,4.2,863.7,13.34,18.7,7.3,4.651,3035.2
2025-06-18 14:00:00,SOLAR_NUERNBERG_03,solar,2.234,4.2,536.8,5.27,19.9,42.9,4.608,1831.8
2025-06-18 15:00:00,SOLAR_NUERNBERG_03,solar,2.287,4.2,536.7,8.4,22.1,48.3,4.767,1875.4
2025-06-18 16:00:00,SOLAR_NUERNBERG_03,solar,2.273,4.2,536.5,13.28,25.0,27.4,4.86,1864.0
2025-06-18 17:00:00,SOLAR_NUERNBERG_03,solar,0.738,4.2,185.6,9.77,27.6,86.9,4.664,605.2
2025-06-18 18:00:00,SOLAR_NUERNBERG_03,solar,1.487,4.2,330.9,8.19,25.3,34.6,4.34,1219.4
2025-06-18 19:00:00,SOLAR_NUERNBERG_03,solar,1.354,4.2,330.5,6.83,29.0,16.8,4.007,1110.3
2025-06-18 20:00:00,SOLAR_NUERNBERG_03,solar,0.32,4.2,73.8,4.95,28.0,36.3,3.095,262.0
2025-06-18 21:00:00,SOLAR_NUERNBERG_03,solar,0.048,4.2,0.0,15.12,26.1,45.7,3.265,39.1
2025-06-18 22:00:00,SOLAR_NUERNBERG_03,solar,0.088,4.2,0.0,10.02,26.0,33.0,3.213,71.8
2025-06-18 23:00:00,SOLAR_NUERNBERG_03,solar,0.0,4.2,0.0,9.72,30.1,67.8,2.807,0.0
2025-06-19 00:00:00,SOLAR_NUERNBERG_03,solar,0.0,4.2,0.0,16.18,23.5,14.4,2.094,0.0
2025-06-19 01:00:00,SOLAR_NUERNBERG_03,solar,0.0,4.2,0.0,8.7,20.8,77.4,2.491,0.0
2025-06-19 02:00:00,SOLAR_NUERNBERG_03,solar,0.011,4.2,0.0,15.75,21.1,40.6,2.69,8.8
2025-06-19 03:00:00,SOLAR_NUERNBERG_03,solar,0.0,4.2,0.0,5.05,20.7,42.1,2.437,0.0
2025-06-19 04:00:00,SOLAR_NUERNBERG_03,solar,0.0,4.2,0.0,8.78,15.8,22.6,2.71,0.0
2025-06-19 05:00:00,SOLAR_NUERNBERG_03,solar,0.074,4.2,32.9,3.89,15.8,9.5,2.695,60.3
2025-06-19 06:00:00,SOLAR_NUERNBERG_03,solar,0.444,4.2,115.0,9.22,17.4,53.6,2.695,363.9
2025-06-19 07:00:00,SOLAR_NUERNBERG_03,solar,0.564,4.2,121.2,13.54,10.7,57.7,3.075,462.4
2025-06-19 08:00:00,SOLAR_NUERNBERG_03,solar,0.865,4.2,195.0,6.72,8.4,82.1,3.532,709.4
2025-06-19 09:00:00,SOLAR_NUERNBERG_03,solar,2.525,4.2,584.2,14.82,10.7,12.8,4.31,2070.3
2025-06-19 10:00:00,SOLAR_NUERNBERG_03,solar,1.613,4.2,371.5,5.96,17.3,62.0,4.215,1322.7
2025-06-19 11:00:00,SOLAR_NUERNBERG_03,solar,3.021,4.2,685.3,8.94,12.3,23.0,4.568,2477.6
2025-06-19 12:00:00,SOLAR_NUERNBERG_03,solar,1.503,4.2,360.0,7.35,15.4,71.5,4.518,1232.6
2025-06-19 13:00:00,SOLAR_NUERNBERG_03,solar,3.185,4.2,720.7,5.89,15.1,15.6,4.645,2611.6
2025-06-19 14:00:00,SOLAR_NUERNBERG_03,solar,2.766,4.2,659.7,12.23,22.1,26.4,4.757,2267.8
2025-06-19 15:00:00,SOLAR_NUERNBERG_03,solar,3.015,4.2,704.0,4.65,21.3,17.1,4.937,2472.5
2025-06-19 16:00:00,SOLAR_NUERNBERG_03,solar,2.809,4.2,687.1,11.64,24.7,14.4,4.689,2303.4
2025-06-19 17:00:00,SOLAR_NUERNBERG_03,solar,1.683,4.2,400.9,10.18,25.6,44.1,4.503,1380.3
2025-06-19 18:00:00,SOLAR_NUERNBERG_03,solar,1.432,4.2,333.8,4.42,24.7,27.6,4.193,1173.9
2025-06-19 19:00:00,SOLAR_NUERNBERG_03,solar,0.854,4.2,217.4,11.1,26.6,36.5,4.075,700.6
2025-06-19 20:00:00,SOLAR_NUERNBERG_03,solar,0.513,4.2,129.1,10.38,26.5,24.9,3.45,420.3
2025-06-19 21:00:00,SOLAR_NUERNBERG_03,solar,0.009,4.2,0.0,4.9,26.9,39.0,2.907,7.6
2025-06-19 22:00:00,SOLAR_NUERNBERG_03,solar,0.063,4.2,0.0,5.52,29.1,51.3,2.735,52.1
2025-06-19 23:00:00,SOLAR_NUERNBERG_03,solar,0.024,4.2,0.0,13.22,25.8,62.4,2.889,19.5
2025-06-20 00:00:00,SOLAR_NUERNBERG_03,solar,0.0,4.2,0.0,8.09,27.9,34.8,2.352,0.0
2025-06-20 01:00:00,SOLAR_NUERNBERG_03,solar,0.072,4.2,0.0,7.95,20.5,21.0,2.814,59.2
2025-06-20 02:00:00,SOLAR_NUERNBERG_03,solar,0.118,4.2,0.0,9.38,22.2,47.1,2.356,96.4
2025-06-20 03:00:00,SOLAR_NUERNBERG_03,solar,0.051,4.2,0.0,9.98,19.2,65.7,2.883,41.8
2025-06-20 04:00:00,SOLAR_NUERNBERG_03,solar,0.035,4.2,0.0,13.03,14.8,20.0,2.359,28.4
2025-06-20 05:00:00,SOLAR_NUERNBERG_03,solar,0.065,4.2,10.1,10.78,14.7,61.3,2.525,53.0
2025-06-20 06:00:00,SOLAR_NUERNBERG_03,solar,0.791,4.2,169.8,12.96,12.8,43.5,2.952,648.3
2025-06-20 07:00:00,SOLAR_NUERNBERG_03,solar,0.775,4.2,184.0,11.21,12.6,52.7,3.093,635.8
2025-06-20 08:00:00,SOLAR_NUERNBERG_03,solar,1.506,4.2,343.5,5.98,12.9,34.5,3.141,1235.0
2025-06-20 09:00:00,SOLAR_NUERNBERG_03,solar,1.986,4.2,451.5,16.89,13.5,31.2,3.953,1628.4
2025-06-20 10:00:00,SOLAR_NUERNBERG_03,solar,2.559,4.2,574.5,8.44,11.9,35.7,4.337,2098.1
2025-06-20 11:00:00,SOLAR_NUERNBERG_03,solar,0.0,4.2,494.3,10.84,13.7,50.9,3.965,0.0
2025-06-20 12:00:00,SOLAR_NUERNBERG_03,solar,3.16,4.2,720.9,22.08,16.1,20.0,4.795,2591.5
2025-06-20 13:00:00,SOLAR_NUERNBERG_03,solar,1.592,4.2,379.8,7.39,16.4,70.3,4.78,1305.0
2025-06-20 14:00:00,SOLAR_NUERNBERG_03,solar,1.816,4.2,427.9,7.73,21.1,63.6,4.872,1489.5
2025-06-20 15:00:00,SOLAR_NUERNBERG_03,solar,3.151,4.2,748.3,18.35,20.4,16.1,4.78,2583.9
2025-06-20 16:00:00,SOLAR_NUERNBERG_03,solar,2.905,4.2,669.5,6.45,23.9,15.2,4.281,2382.4
2025-06-20 17:00:00,SOLAR_NUERNBERG_03,solar,1.669,4.2,404.0,7.8,28.9,44.1,4.285,1368.9
2025-06-20 18:00:00,SOLAR_NUERNBERG_03,solar,1.309,4.2,322.7,5.56,23.2,37.0,4.152,1073.4
2025-06-20 19:00:00,SOLAR_NUERNBERG_03,solar,0.833,4.2,183.2,10.68,28.2,42.5,3.986,682.7
2025-06-20 20:00:00,SOLAR_NUERNBERG_03,solar,0.842,4.2,171.4,6.32,25.5,39.5,3.724,690.8
2025-06-20 21:00:00,SOLAR_NUERNBERG_03,solar,0.007,4.2,0.0,6.69,25.7,48.0,3.004,5.8
2025-06-20 22:00:00,SOLAR_NUERNBERG_03,solar,0.026,4.2,0.0,6.18,22.3,32.2,3.095,21.1
2025-06-20 23:00:00,SOLAR_NUERNBERG_03,solar,0.0,4.2,0.0,9.72,27.8,29.9,2.754,0.0
2025-06-21 00:00:00,SOLAR_NUERNBERG_03,solar,0.021,4.2,0.0,10.32,18.9,17.7,2.243,17.0
2025-06-21 01:00:00,SOLAR_NUERNBERG_03,solar,0.0,4.2,0.0,13.56,18.9,43.7,2.173,0.0
2025-06-21 02:00:00,SOLAR_NUERNBERG_03,solar,0.0,4.2,0.0,12.61,16.5,24.4,1.778,0.0
2025-06-21 03:00:00,SOLAR_NUERNBERG_03,solar,0.0,4.2,0.0,15.21,19.8,55.0,1.89,0.0
2025-06-21 04:00:00,SOLAR_NUERNBERG_03,solar,0.041,4.2,0.0,5.57,14.8,24.5,2.155,33.7
2025-06-21 05:00:00,SOLAR_NUERNBERG_03,solar,0.034,4.2,0.0,10.76,13.9,69.4,2.417,27.9
2025-06-21 06:00:00,SOLAR_NUERNBERG_03,solar,0.393,4.2,90.7,11.79,14.4,57.7,2.327,322.0
2025-06-21 07:00:00,SOLAR_NUERNBERG_03,solar,0.863,4.2,168.8,3.48,12.1,58.0,2.84,707.8
2025-06-21 08:00:00,SOLAR_NUERNBERG_03,solar,1.56,4.2,349.3,6.18,10.9,45.0,2.953,1279.3
2025-06-21 09:00:00,SOLAR_NUERNBERG_03,solar,2.287,4.2,528.7,8.1,11.2,24.4,3.202,1875.5
2025-06-21 10:00:00,SOLAR_NUERNBERG_03,solar,2.033,4.2,476.9,17.38,15.5,44.1,3.342,1667.0
2025-06-21 11:00:00,SOLAR_NUERNBERG_03,solar,1.278,4.2,313.3,9.82,14.2,71.8,3.355,1047.6
2025-06-21 12:00:00,SOLAR_NUERNBERG_03,solar,3.459,4.2,785.6,4.0,17.8,12.4,3.599,2836.6
2025-06-21 13:00:00,SOLAR_NUERNBERG_03,solar,3.091,4.2,725.8,10.3,19.8,21.9,4.111,2534.8
2025-06-21 14:00:00,SOLAR_NUERNBERG_03,solar,1.671,4.2,362.3,8.1,22.8,78.4,3.839,1370.0
2025-06-21 15:00:00,SOLAR_NUERNBERG_03,solar,2.337,4.2,566.1,13.84,25.4,30.9,4.236,1916.1
2025-06-21 16:00:00,SOLAR_NUERNBERG_03,solar,1.055,4.2,249.9,14.14,23.3,67.9,2.937,865.3
2025-06-21 17:00:00,SOLAR_NUERNBERG_03,solar,1.743,4.2,399.5,2.65,26.2,44.5,3.825,1429.5
2025-06-21 18:00:00,SOLAR_NUERNBERG_03,solar,1.901,4.2,465.0,7.48,29.9,12.5,3.458,1559.0
2025-06-21 19:00:00,SOLAR_NUERNBERG_03,solar,0.854,4.2,208.6,13.4,30.1,40.2,3.339,700.2
2025-06-21 20:00:00,SOLAR_NUERNBERG_03,solar,0.57,4.2,126.0,6.07,27.1,17.6,3.157,467.2
2025-06-21 21:00:00,SOLAR_NUERNBERG_03,solar,0.0,4.2,0.0,14.09,26.0,13.3,3.235,0.0
2025-06-21 22:00:00,SOLAR_NUERNBERG_03,solar,0.006,4.2,0.0,9.44,26.2,53.3,2.534,4.7
2025-06-21 23:00:00,SOLAR_NUERNBERG_03,solar,0.006,4.2,0.0,7.93,24.2,28.7,1.952,5.0
2025-06-22 00:00:00,SOLAR_NUERNBERG_03,solar,0.0,4.2,0.0,14.76,23.1,63.8,2.135,0.0
2025-06-22 01:00:00,SOLAR_NUERNBERG_03,solar,0.035,4.2,0.0,7.58,22.6,55.3,1.851,29.0
2025-06-22 02:00:00,SOLAR_NUERNBERG_03,solar,0.0,4.2,0.0,18.23,18.3,15.2,1.551,0.0
2025-06-22 03:00:00,SOLAR_NUERNBERG_03,solar,0.063,4.2,0.0,8.3,17.9,48.3,2.005,51.7
2025-06-22 04:00:00,SOLAR_NUERNBERG_03,solar,0.0,4.2,0.0,6.53,15.2,37.4,1.825,0.0
2025-06-22 05:00:00,SOLAR_NUERNBERG_03,solar,0.297,4.2,49.4,7.45,13.8,65.7,2.471,243.3
2025-06-22 06:00:00,SOLAR_NUERNBERG_03,solar,0.523,4.2,129.6,9.03,9.7,36.5,2.165,429.2
2025-06-22 07:00:00,SOLAR_NUERNBERG_03,solar,0.819,4.2,200.1,7.44,11.7,54.7,2.423,671.6
2025-06-22 08:00:00,SOLAR_NUERNBERG_03,solar,1.084,4.2,236.1,8.52,12.3,53.1,2.781,888.9
2025-06-22 09:00:00,SOLAR_NUERNBERG_03,solar,2.018,4.2,468.9,4.08,14.2,33.8,3.657,1654.6
2025-06-22 10:00:00,SOLAR_NUERNBERG_03,solar,2.272,4.2,509.4,7.81,12.7,35.1,3.435,1862.8
2025-06-22 11:00:00,SOLAR_NUERNBERG_03,solar,2.628,4.2,587.3,16.04,14.4,32.5,3.648,2154.9
2025-06-22 12:00:00,SOLAR_NUERNBERG_03,solar,2.4,4.2,546.8,5.75,14.6,45.5,4.367,1967.9
2025-06-22 13:00:00,SOLAR_NUERNBERG_03,solar,3.482,4.2,811.7,8.74,16.2,15.3,3.998,2855.2
2025-06-22 14:00:00,SOLAR_NUERNBERG_03,solar,2.552,4.2,578.2,12.09,18.7,39.0,4.066,2092.4
2025-06-22 15:00:00,SOLAR_NUERNBERG_03,solar,2.977,4.2,726.5,7.33,23.4,14.0,3.736,2441.2
2025-06-22 16:00:00,SOLAR_NUERNBERG_03,solar,2.035,4.2,479.7,8.99,22.3,42.4,3.582,1668.8
2025-06-22 17:00:00,SOLAR_NUERNBERG_03,solar,1.814,4.2,445.4,13.73,27.2,42.7,4.112,1487.7
2025-06-22 18:00:00,SOLAR_NUERNBERG_03,solar,1.9,4.2,436.5,13.13,24.7,27.5,3.57,1558.0
2025-06-22 19:00:00,SOLAR_NUERNBERG_03,solar,1.053,4.2,241.7,7.02,28.8,41.6,3.644,863.3
2025-06-22 20:00:00,SOLAR_NUERNBERG_03,solar,0.341,4.2,87.2,6.18,27.8,55.5,3.352,279.8
2025-06-22 21:00:00,SOLAR_NUERNBERG_03,solar,0.112,4.2,11.1,7.86,30.2,49.2,2.63,92.1
2025-06-22 22:00:00,SOLAR_NUERNBERG_03,solar,0.07,4.2,0.0,4.79,25.9,24.6,2.677,57.1
2025-06-22 23:00:00,SOLAR_NUERNBERG_03,solar,0.094,4.2,0.0,7.62,26.7,55.2,2.042,77.3
2025-06-23 00:00:00,SOLAR_NUERNBERG_03,solar,0.056,4.2,0.0,4.0,27.2,43.4,2.36,46.1
2025-06-23 01:00:00,SOLAR_NUERNBERG_03,solar,0.031,4.2,0.0,8.19,21.4,75.4,3.072,25.3
2025-06-23 02:00:00,SOLAR_NUERNBERG_03,solar,0.0,4.2,0.0,15.06,21.0,70.1,2.008,0.0
2025-06-23 03:00:00,SOLAR_NUERNBERG_03,solar,0.0,4.2,0.0,12.37,16.4,47.3,2.57,0.0
2025-06-23 04:00:00,SOLAR_NUERNBERG_03,solar,0.031,4.2,0.0,13.15,18.9,59.5,2.453,25.0
2025-06-23 05:00:00,SOLAR_NUERNBERG_03,solar,0.0,4.2,0.0,7.78,14.3,39.9,2.664,0.0
2025-06-23 06:00:00,SOLAR_NUERNBERG_03,solar,0.391,4.2,80.7,10.38,13.1,54.2,2.473,320.5
2025-06-23 07:00:00,SOLAR_NUERNBERG_03,solar,1.041,4.2,214.3,10.52,11.6,42.0,2.77,854.0
2025-06-23 08:00:00,SOLAR_NUERNBERG_03,solar,0.963,4.2,240.6,16.95,9.6,74.7,3.035,789.7
2025-06-23 09:00:00,SOLAR_NUERNBERG_03,solar,2.074,4.2,486.4,9.82,14.1,32.2,3.422,1700.7
2025-06-23 10:00:00,SOLAR_NUERNBERG_03,solar,2.494,4.2,576.5,9.27,10.0,25.3,4.162,2045.2
2025-06-23 11:00:00,SOLAR_NUERNBERG_03,solar,2.565,4.2,579.8,16.36,15.4,36.1,4.445,2103.3
2025-06-23 12:00:00,SOLAR_NUERNBERG_03,solar,2.19,4.2,501.7,10.55,18.6,49.2,4.586,1795.4
2025-06-23 13:00:00,SOLAR_NUERNBERG_03,solar,3.472,4.2,792.6,6.1,18.4,11.1,4.469,2847.2
2025-06-23 14:00:00,SOLAR_NUERNBERG_03,solar,1.749,4.2,394.3,15.46,21.0,63.7,4.397,1434.5
2025-06-23 15:00:00,SOLAR_NUERNBERG_03,solar,3.193,4.2,746.7,6.1,20.9,6.6,5.024,2618.4
2025-06-23 16:00:00,SOLAR_NUERNBERG_03,solar,2.181,4.2,505.6,9.59,25.0,37.6,4.544,1788.2
2025-06-23 17:00:00,SOLAR_NUERNBERG_03,solar,1.817,4.2,429.4,11.04,26.2,38.1,3.962,1489.7
2025-06-23 18:00:00,SOLAR_NUERNBERG_03,solar,1.461,4.2,350.9,16.4,28.7,19.1,4.423,1197.8
2025-06-23 19:00:00,SOLAR_NUERNBERG_03,solar,1.395,4.2,324.1,12.04,27.1,23.8,3.394,1143.7
2025-06-23 20:00:00,SOLAR_NUERNBERG_03,solar,0.506,4.2,140.9,8.1,27.3,12.4,3.818,414.9
2025-06-23 21:00:00,SOLAR_NUERNBERG_03,solar,0.0,4.2,0.0,10.61,29.1,13.8,3.123,0.0
2025-06-23 22:00:00,SOLAR_NUERNBERG_03,solar,0.076,4.2,0.0,6.37,26.0,81.0,2.992,62.5
2025-06-23 23:00:00,SOLAR_NUERNBERG_03,solar,0.0,4.2,0.0,10.68,21.7,86.1,2.279,0.0
2025-06-24 00:00:00,SOLAR_NUERNBERG_03,solar,0.072,4.2,0.0,10.2,24.7,37.5,2.459,59.1
2025-06-24 01:00:00,SOLAR_NUERNBERG_03,solar,0.157,4.2,0.0,11.0,23.6,9.8,2.453,128.8
2025-06-24 02:00:00,SOLAR_NUERNBERG_03,solar,0.0,4.2,0.0,18.55,20.0,25.9,1.996,0.0
2025-06-24 03:00:00,SOLAR_NUERNBERG_03,solar,0.0,4.2,0.0,11.65,16.5,22.5,2.374,0.0
2025-06-24 04:00:00,SOLAR_NUERNBERG_03,solar,0.044,4.2,0.0,11.64,16.3,19.9,2.096,36.4
2025-06-24 05:00:00,SOLAR_NUERNBERG_03,solar,0.126,4.2,17.9,8.04,10.5,52.6,2.828,103.4
2025-06-24 06:00:00,SOLAR_NUERNBERG_03,solar,0.39,4.2,91.2,12.07,14.3,37.3,2.739,320.0
2025-06-24 07:00:00,SOLAR_NUERNBERG_03,solar,1.056,4.2,253.4,9.52,11.6,12.4,3.213,865.9
2025-06-24 08:00:00,SOLAR_NUERNBERG_03,solar,0.897,4.2,214.1,4.06,12.0,69.2,3.506,735.8
2025-06-24 09:00:00,SOLAR_NUERNBERG_03,solar,2.132,4.2,465.9,4.45,10.9,33.5,4.099,1748.1
2025-06-24 10:00:00,SOLAR_NUERNBERG_03,solar,1.46,4.2,342.1,7.87,14.1,60.8,3.9,1197.3
2025-06-24 11:00:00,SOLAR_NUERNBERG_03,solar,3.286,4.2,739.0,8.93,14.4,13.1,4.132,2694.5
2025-06-24 12:00:00,SOLAR_NUERNBERG_03,solar,1.801,4.2,417.7,4.71,16.2,63.7,4.408,1476.6
2025-06-24 13:00:00,SOLAR_NUERNBERG_03,solar,2.303,4.2,561.1,8.4,20.2,44.2,4.33,1888.6
2025-06-24 14:00:00,SOLAR_NUERNBERG_03,solar,1.403,4.2,332.2,10.73,18.6,77.5,4.861,1150.7
2025-06-24 15:00:00,SOLAR_NUERNBERG_03,solar,1.778,4.2,415.0,9.4,24.2,66.6,4.71,1458.1
2025-06-24 16:00:00,SOLAR_NUERNBERG_03,solar,1.931,4.2,458.2,9.77,22.6,44.7,4.826,1583.6
2025-06-24 17:00:00,SOLAR_NUERNBERG_03,solar,1.668,4.2,396.5,19.62,25.6,35.0,4.075,1368.2
2025-06-24 18:00:00,SOLAR_NUERNBERG_03,solar,1.11,4.2,285.4,5.84,27.3,50.4,4.087,910.1
2025-06-24 19:00:00,SOLAR_NUERNBERG_03,solar,0.618,4.2,135.3,7.16,28.1,72.3,3.645,506.8
2025-06-24 20:00:00,SOLAR_NUERNBERG_03,solar,0.522,4.2,126.9,5.63,28.1,23.2,3.487,428.4
2025-06-24 21:00:00,SOLAR_NUERNBERG_03,solar,0.0,4.2,31.4,6.0,30.5,14.7,2.898,0.0
2025-06-24 22:00:00,SOLAR_NUERNBERG_03,solar,0.066,4.2,0.0,11.11,29.1,49.7,2.771,54.2
2025-06-24 23:00:00,SOLAR_NUERNBERG_03,solar,0.0,4.2,0.0,10.59,26.3,9.5,2.739,0.0
2025-06-25 00:00:00,SOLAR_NUERNBERG_03,solar,0.01,4.2,0.0,7.78,25.4,25.9,2.332,7.9
2025-06-25 01:00:00,SOLAR_NUERNBERG_03,solar,0.039,4.2,0.0,7.98,24.8,33.2,2.502,32.4
2025-06-25 02:00:00,SOLAR_NUERNBERG_03,solar,0.0,4.2,0.0,10.35,19.6,51.5,2.147,0.0
2025-06-25 03:00:00,SOLAR_NUERNBERG_03,solar,0.0,4.2,0.0,4.85,18.3,49.9,2.074,0.0
2025-06-25 04:00:00,SOLAR_NUERNBERG_03,solar,0.048,4.2,0.0,7.12,17.9,11.6,2.677,39.3
2025-06-25 05:00:00,SOLAR_NUERNBERG_03,solar,0.0,4.2,0.0,5.93,9.8,8.1,2.705,0.0
2025-06-25 06:00:00,SOLAR_NUERNBERG_03,solar,0.286,4.2,60.2,12.38,12.9,54.6,3.262,234.2
2025-06-25 07:00:00,SOLAR_NUERNBERG_03,solar,0.933,4.2,225.9,12.26,12.5,51.3,3.427,765.3
2025-06-25 08:00:00,SOLAR_NUERNBERG_03,solar,1.369,4.2,312.8,7.73,13.1,43.5,3.302,1122.4
2025-06-25 09:00:00,SOLAR_NUERNBERG_03,solar,2.629,4.2,600.8,6.6,11.8,16.5,3.939,2155.8
2025-06-25 10:00:00,SOLAR_NUERNBERG_03,solar,1.802,4.2,408.8,6.66,12.7,52.0,4.0,1477.6
2025-06-25 11:00:00,SOLAR_NUERNBERG_03,solar,1.426,4.2,346.9,6.56,17.2,67.5,4.635,1169.6
2025-06-25 12:00:00,SOLAR_NUERNBERG_03,solar,2.724,4.2,628.3,4.24,18.5,37.8,4.784,2234.1
2025-06-25 13:00:00,SOLAR_NUERNBERG_03,solar,3.698,4.2,862.4,7.72,18.9,5.4,5.172,3032.1
2025-06-25 14:00:00,SOLAR_NUERNBERG_03,solar,2.24,4.2,540.4,5.96,21.6,46.7,5.045,1837.0
2025-06-25 15:00:00,SOLAR_NUERNBERG_03,solar,2.552,4.2,616.2,10.47,19.1,24.6,5.194,2092.9
2025-06-25 16:00:00,SOLAR_NUERNBERG_03,solar,1.298,4.2,330.4,9.82,24.0,72.7,4.206,1064.2
2025-06-25 17:00:00,SOLAR_NUERNBERG_03,solar,2.133,4.2,500.3,8.32,22.1,24.6,4.873,1749.0
2025-06-25 18:00:00,SOLAR_NUERNBERG_03,solar,1.44,4.2,356.7,11.45,25.8,32.0,4.244,1181.0
2025-06-25 19:00:00,SOLAR_NUERNBERG_03,solar,1.251,4.2,310.9,13.32,28.8,12.4,4.088,1025.9
2025-06-25 20:00:00,SOLAR_NUERNBERG_03,solar,0.532,4.2,132.0,2.88,30.7,15.4,3.747,436.2
2025-06-25 21:00:00,SOLAR_NUERNBERG_03,solar,0.01,4.2,0.0,17.05,28.3,22.0,3.444,8.4
2025-06-25 22:00:00,SOLAR_NUERNBERG_03,solar,0.0,4.2,0.0,13.4,26.5,51.1,3.015,0.0
2025-06-25 23:00:00,SOLAR_NUERNBERG_03,solar,0.0,4.2,0.0,10.81,25.8,25.5,1.651,0.0
2025-06-26 00:00:00,SOLAR_NUERNBERG_03,solar,0.046,4.2,0.0,12.16,26.6,25.6,2.664,37.5
2025-06-26 01:00:00,SOLAR_NUERNBERG_03,solar,0.03,4.2,0.0,11.3,23.7,27.2,2.187,24.7
2025-06-26 02:00:00,SOLAR_NUERNBERG_03,solar,0.0,4.2,0.0,9.63,21.8,10.6,2.213,0.0
2025-06-26 03:00:00,SOLAR_NUERNBERG_03,solar,0.0,4.2,0.0,6.5,18.3,12.5,1.929,0.0
2025-06-26 04:00:00,SOLAR_NUERNBERG_03,solar,0.037,4.2,0.0,10.06,15.0,72.6,2.449,30.5
2025-06-26 05:00:00,SOLAR_NUERNBERG_03,solar,0.147,4.2,27.8,5.18,16.2,54.6,2.19,120.7
2025-06-26 06:00:00,SOLAR_NUERNBERG_03,solar,0.473,4.2,115.2,7.92,8.4,41.2,2.819,388.1
2025-06-26 07:00:00,SOLAR_NUERNBERG_03,solar,1.03,4.2,221.9,8.65,11.2,34.8,3.038,844.5
2025-06-26 08:00:00,SOLAR_NUERNBERG_03,solar,1.854,4.2,428.5,8.7,15.5,25.1,3.56,1520.7
2025-06-26 09:00:00,SOLAR_NUERNBERG_03,solar,2.228,4.2,511.9,6.31,12.1,22.9,3.514,1827.2
2025-06-26 10:00:00,SOLAR_NUERNBERG_03,solar,1.974,4.2,451.2,8.77,12.0,41.0,3.9,1618.4
2025-06-26 11:00:00,SOLAR_NUERNBERG_03,solar,2.078,4.2,477.0,16.7,15.5,52.3,4.28,1704.2
2025-06-26 12:00:00,SOLAR_NUERNBERG_03,solar,29.882,4.2,788.6,9.36,15.8,11.8,4.471,24503.6
2025-06-26 13:00:00,SOLAR_NUERNBERG_03,solar,2.427,4.2,557.3,13.11,15.2,51.4,4.904,1989.9
2025-06-26 14:00:00,SOLAR_NUERNBERG_03,solar,2.968,4.2,704.3,9.22,23.7,31.0,4.999,2434.1
2025-06-26 15:00:00,SOLAR_NUERNBERG_03,solar,3.468,4.2,804.4,4.69,22.8,6.3,4.734,2844.1
2025-06-26 16:00:00,SOLAR_NUERNBERG_03,solar,0.847,4.2,181.2,8.09,23.5,92.7,4.689,694.8
2025-06-26 17:00:00,SOLAR_NUERNBERG_03,solar,1.453,4.2,349.9,10.11,23.4,49.7,4.134,1191.4
2025-06-26 18:00:00,SOLAR_NUERNBERG_03,solar,1.699,4.2,411.1,9.23,26.8,18.7,4.216,1393.6
2025-06-26 19:00:00,SOLAR_NUERNBERG_03,solar,0.418,4.2,99.8,12.87,24.5,61.5,3.495,342.4
2025-06-26 20:00:00,SOLAR_NUERNBERG_03,solar,0.413,4.2,109.5,7.03,30.0,39.9,3.591,338.6
2025-06-26 21:00:00,SOLAR_NUERNBERG_03,solar,0.091,4.2,20.3,10.24,28.9,38.5,2.794,75.0
2025-06-26 22:00:00,SOLAR_NUERNBERG_03,solar,0.071,4.2,0.0,8.25,26.8,11.9,2.744,58.2
2025-06-26 23:00:00,SOLAR_NUERNBERG_03,solar,0.0,4.2,0.0,11.26,27.7,41.3,2.463,0.0
2025-06-27 00:00:00,SOLAR_NUERNBERG_03,solar,0.0,4.2,0.0,10.28,24.6,28.9,2.391,0.0
2025-06-27 01:00:00,SOLAR_NUERNBERG_03,solar,0.0,4.2,0.0,11.25,24.1,80.8,2.749,0.0
2025-06-27 02:00:00,SOLAR_NUERNBERG_03,solar,0.0,4.2,0.0,8.04,21.3,64.0,2.693,0.0
2025-06-27 03:00:00,SOLAR_NUERNBERG_03,solar,0.0,4.2,0.0,9.06,15.3,23.9,2.221,0.0
2025-06-27 04:00:00,SOLAR_NUERNBERG_03,solar,0.054,4.2,0.0,15.61,15.2,43.3,2.487,44.2
2025-06-27 05:00:00,SOLAR_NUERNBERG_03,solar,0.086,4.2,16.5,17.05,11.1,55.5,2.953,70.7
2025-06-27 06:00:00,SOLAR_NUERNBERG_03,solar,0.689,4.2,165.8,7.55,14.9,25.1,3.616,565.2
2025-06-27 07:00:00,SOLAR_NUERNBERG_03,solar,0.935,4.2,196.2,8.02,16.1,50.9,3.368,766.5
2025-06-27 08:00:00,SOLAR_NUERNBERG_03,solar,2.038,4.2,481.1,10.93,11.5,15.4,4.155,1671.4
2025-06-27 09:00:00,SOLAR_NUERNBERG_03,solar,1.36,4.2,314.5,10.89,13.0,62.8,4.156,1114.8
2025-06-27 10:00:00,SOLAR_NUERNBERG_03,solar,1.859,4.2,424.9,18.04,10.3,54.8,3.779,1524.7
2025-06-27 11:00:00,SOLAR_NUERNBERG_03,solar,3.275,4.2,757.5,9.64,18.7,15.7,4.092,2685.7
2025-06-27 12:00:00,SOLAR_NUERNBERG_03,solar,2.938,4.2,671.9,12.27,14.7,31.0,4.275,2409.4
2025-06-27 13:00:00,SOLAR_NUERNBERG_03,solar,1.436,4.2,326.5,8.27,14.5,80.3,4.84,1177.7
2025-06-27 14:00:00,SOLAR_NUERNBERG_03,solar,1.864,4.2,444.9,2.9,19.3,54.0,5.572,1528.4
2025-06-27 15:00:00,SOLAR_NUERNBERG_03,solar,2.674,4.2,629.0,12.17,23.5,21.3,4.475,2192.8
2025-06-27 16:00:00,SOLAR_NUERNBERG_03,solar,1.948,4.2,467.3,10.65,22.9,42.2,4.454,1597.3
2025-06-27 17:00:00,SOLAR_NUERNBERG_03,solar,2.429,4.2,575.4,13.91,21.7,13.3,4.306,1991.5
2025-06-27 18:00:00,SOLAR_NUERNBERG_03,solar,0.954,4.2,235.3,7.83,28.3,64.5,4.132,782.4
2025-06-27 19:00:00,SOLAR_NUERNBERG_03,solar,1.06,4.2,240.6,13.3,28.7,39.7,3.91,868.9
2025-06-27 20:00:00,SOLAR_NUERNBERG_03,solar,0.0,4.2,134.8,14.91,26.2,13.8,3.874,0.0
2025-06-27 21:00:00,SOLAR_NUERNBERG_03,solar,0.144,4.2,30.3,17.14,26.7,2.1,3.16,117.8
2025-06-27 22:00:00,SOLAR_NUERNBERG_03,solar,0.0,4.2,0.0,7.97,31.3,36.9,2.351,0.0
2025-06-27 23:00:00,SOLAR_NUERNBERG_03,solar,0.0,4.2,0.0,11.01,23.4,26.3,2.714,0.0
2025-06-28 00:00:00,SOLAR_NUERNBERG_03,solar,0.0,4.2,0.0,5.83,21.2,63.7,2.325,0.0
2025-06-28 01:00:00,SOLAR_NUERNBERG_03,solar,0.0,4.2,0.0,9.15,22.8,32.9,1.772,0.0
2025-06-28 02:00:00,SOLAR_NUERNBERG_03,solar,0.036,4.2,0.0,13.84,18.0,55.6,1.398,29.3
2025-06-28 03:00:00,SOLAR_NUERNBERG_03,solar,0.035,4.2,0.0,11.89,17.5,30.8,1.866,28.5
2025-06-28 04:00:00,SOLAR_NUERNBERG_03,solar,0.0,4.2,0.0,6.03,18.6,23.8,1.99,0.0
2025-06-28 05:00:00,SOLAR_NUERNBERG_03,solar,0.111,4.2,28.1,5.12,16.6,43.5,2.23,91.3
2025-06-28 06:00:00,SOLAR_NUERNBERG_03,solar,0.691,4.2,164.9,7.16,11.5,28.1,2.15,566.7
2025-06-28 07:00:00,SOLAR_NUERNBERG_03,solar,1.221,4.2,294.9,9.23,15.2,31.0,2.943,1001.0
2025-06-28 08:00:00,SOLAR_NUERNBERG_03,solar,1.326,4.2,305.0,8.98,10.1,61.1,2.614,1086.9
2025-06-28 09:00:00,SOLAR_NUERNBERG_03,solar,1.115,4.2,264.8,9.93,10.6,59.3,2.775,914.0
2025-06-28 10:00:00,SOLAR_NUERNBERG_03,solar,1.356,4.2,304.6,6.0,9.7,72.3,2.756,1111.9
2025-06-28 11:00:00,SOLAR_NUERNBERG_03,solar,1.426,4.2,311.7,12.24,12.9,70.6,3.491,1169.4
2025-06-28 12:00:00,SOLAR_NUERNBERG_03,solar,1.89,4.2,431.5,3.74,17.0,60.9,3.362,1550.1
2025-06-28 13:00:00,SOLAR_NUERNBERG_03,solar,2.545,4.2,585.6,6.77,19.8,43.3,3.784,2086.6
2025-06-28 14:00:00,SOLAR_NUERNBERG_03,solar,3.417,4.2,812.1,15.74,21.9,9.6,3.821,2802.1
2025-06-28 15:00:00,SOLAR_NUERNBERG_03,solar,1.565,4.2,374.0,7.93,23.8,70.2,3.837,1283.1
2025-06-28 16:00:00,SOLAR_NUERNBERG_03,solar,2.372,4.2,552.6,11.1,24.8,39.4,4.316,1945.0
2025-06-28 17:00:00,SOLAR_NUERNBERG_03,solar,0.946,4.2,227.8,7.49,23.7,75.0,4.084,776.1
2025-06-28 18:00:00,SOLAR_NUERNBERG_03,solar,2.033,4.2,478.7,18.83,24.9,13.1,3.543,1667.1
2025-06-28 19:00:00,SOLAR_NUERNBERG_03,solar,1.584,4.2,383.9,11.35,27.4,14.2,3.0,1298.8
2025-06-28 20:00:00,SOLAR_NUERNBERG_03,solar,0.589,4.2,131.0,3.16,28.4,10.8,2.903,483.3
2025-06-28 21:00:00,SOLAR_NUERNBERG_03,solar,0.0,4.2,0.0,11.86,25.2,27.2,2.686,0.0
2025-06-28 22:00:00,SOLAR_NUERNBERG_03,solar,0.0,4.2,0.0,11.55,23.7,30.4,2.673,0.0
2025-06-28 23:00:00,SOLAR_NUERNBERG_03,solar,0.0,4.2,0.0,8.68,27.7,20.4,2.381,0.0
2025-06-29 00:00:00,SOLAR_NUERNBERG_03,solar,0.0,4.2,0.0,8.55,28.4,46.5,2.12,0.0
2025-06-29 01:00:00,SOLAR_NUERNBERG_03,solar,0.055,4.2,0.0,12.48,21.6,7.3,2.09,44.9
2025-06-29 02:00:00,SOLAR_NUERNBERG_03,solar,0.0,4.2,0.0,9.8,22.6,30.3,1.654,0.0
2025-06-29 03:00:00,SOLAR_NUERNBERG_03,solar,0.0,4.2,0.0,14.51,16.6,19.2,1.649,0.0
2025-06-29 04:00:00,SOLAR_NUERNBERG_03,solar,0.017,4.2,0.0,8.19,18.8,56.8,2.067,14.0
2025-06-29 05:00:00,SOLAR_NUERNBERG_03,solar,0.0,4.2,0.0,11.73,12.7,52.0,2.542,0.0
2025-06-29 06:00:00,SOLAR_NUERNBERG_03,solar,0.637,4.2,158.7,4.77,12.5,6.5,2.282,521.9
2025-06-29 07:00:00,SOLAR_NUERNBERG_03,solar,0.888,4.2,202.9,7.31,12.7,49.4,2.343,728.2
2025-06-29 08:00:00,SOLAR_NUERNBERG_03,solar,2.08,4.2,475.3,6.88,11.1,0.9,2.994,1705.7
2025-06-29 09:00:00,SOLAR_NUERNBERG_03,solar,1.872,4.2,421.3,11.42,13.6,47.8,3.039,1535.3
2025-06-29 10:00:00,SOLAR_NUERNBERG_03,solar,1.818,4.2,419.3,4.44,13.9,49.3,3.746,1490.7
2025-06-29 11:00:00,SOLAR_NUERNBERG_03,solar,2.205,4.2,511.0,7.67,12.7,47.4,3.43,1808.0
2025-06-29 12:00:00,SOLAR_NUERNBERG_03,solar,3.525,4.2,820.0,11.59,17.3,11.7,4.04,2890.7
2025-06-29 13:00:00,SOLAR_NUERNBERG_03,solar,26.219,4.2,697.8,11.38,15.2,27.9,4.035,21499.5
2025-06-29 14:00:00,SOLAR_NUERNBERG_03,solar,1.308,4.2,297.7,7.26,19.6,78.7,4.061,1072.6
2025-06-29 15:00:00,SOLAR_NUERNBERG_03,solar,3.176,4.2,777.2,13.37,25.0,8.9,3.654,2604.5
2025-06-29 16:00:00,SOLAR_NUERNBERG_03,solar,2.194,4.2,522.2,8.37,23.6,40.9,4.208,1798.7
2025-06-29 17:00:00,SOLAR_NUERNBERG_03,solar,1.67,4.2,399.1,6.09,25.8,52.8,4.1,1369.6
2025-06-29 18:00:00,SOLAR_NUERNBERG_03,solar,1.197,4.2,289.3,3.97,27.5,51.5,3.353,981.3
2025-06-29 19:00:00,SOLAR_NUERNBERG_03,solar,0.922,4.2,228.9,6.08,31.1,39.4,3.373,756.3
2025-06-29 20:00:00,SOLAR_NUERNBERG_03,solar,0.525,4.2,114.0,5.34,27.0,69.6,3.018,430.4
2025-06-29 21:00:00,SOLAR_NUERNBERG_03,solar,0.04,4.2,3.8,16.28,27.4,48.6,2.983,32.9
2025-06-29 22:00:00,SOLAR_NUERNBERG_03,solar,0.017,4.2,0.0,8.2,29.9,42.1,2.081,14.3
2025-06-29 23:00:00,SOLAR_NUERNBERG_03,solar,0.053,4.2,0.0,7.84,24.4,52.3,2.037,43.5
2025-06-30 00:00:00,SOLAR_NUERNBERG_03,solar,0.007,4.2,0.0,5.71,24.0,38.2,2.441,5.5
2025-06-30 01:00:00,SOLAR_NUERNBERG_03,solar,0.0,4.2,0.0,6.64,24.6,73.8,2.004,0.0
2025-06-30 02:00:00,SOLAR_NUERNBERG_03,solar,0.035,4.2,0.0,8.7,18.9,23.4,2.389,28.7
2025-06-30 03:00:00,SOLAR_NUERNBERG_03,solar,0.04,4.2,0.0,11.2,16.9,41.7,1.656,32.7
2025-06-30 04:00:00,SOLAR_NUERNBERG_03,solar,0.006,4.2,0.0,5.39,18.0,27.2,2.657,4.8
2025-06-30 05:00:00,SOLAR_NUERNBERG_03,solar,0.0,4.2,0.0,3.76,16.9,39.9,2.155,0.0
2025-06-30 06:00:00,SOLAR_NUERNBERG_03,solar,0.422,4.2,121.8,9.48,15.6,25.6,2.84,345.7
2025-06-30 07:00:00,SOLAR_NUERNBERG_03,solar,0.778,4.2,162.6,6.62,10.3,69.5,2.708,638.3
2025-06-30 08:00:00,SOLAR_NUERNBERG_03,solar,0.0,4.2,308.9,9.35,10.8,51.2,3.562,0.0
2025-06-30 09:00:00,SOLAR_NUERNBERG_03,solar,1.443,4.2,316.7,11.78,11.6,54.1,4.287,1183.6
2025-06-30 10:00:00,SOLAR_NUERNBERG_03,solar,3.251,4.2,724.0,11.7,12.4,6.6,3.899,2665.7
2025-06-30 11:00:00,SOLAR_NUERNBERG_03,solar,1.433,4.2,325.8,10.99,15.9,71.2,3.9,1174.8
2025-06-30 12:00:00,SOLAR_NUERNBERG_03,solar,2.348,4.2,532.4,4.14,17.0,42.7,4.621,1925.7
2025-06-30 13:00:00,SOLAR_NUERNBERG_03,solar,2.033,4.2,455.5,8.34,18.3,62.3,4.718,1667.1
2025-06-30 14:00:00,SOLAR_NUERNBERG_03,solar,2.946,4.2,706.7,6.5,21.1,29.1,4.641,2415.9
2025-06-30 15:00:00,SOLAR_NUERNBERG_03,solar,2.755,4.2,641.9,11.53,23.5,28.9,4.476,2258.9
2025-06-30 16:00:00,SOLAR_NUERNBERG_03,solar,2.045,4.2,476.2,15.29,22.7,44.1,4.787,1677.2
2025-06-30 17:00:00,SOLAR_NUERNBERG_03,solar,1.753,4.2,428.8,9.82,22.8,42.9,4.293,1437.3
2025-06-30 18:00:00,SOLAR_NUERNBERG_03,solar,1.367,4.2,329.6,6.37,25.9,41.7,4.01,1121.1
2025-06-30 19:00:00,SOLAR_NUERNBERG_03,solar,1.137,4.2,256.4,5.34,25.4,23.9,3.172,932.2
2025-06-30 20:00:00,SOLAR_NUERNBERG_03,solar,0.448,4.2,134.6,7.17,25.3,48.1,3.684,367.4
2025-06-30 21:00:00,SOLAR_NUERNBERG_03,solar,0.268,4.2,43.8,12.89,26.2,58.4,3.055,219.9
2025-06-30 22:00:00,SOLAR_NUERNBERG_03,solar,0.0,4.2,0.0,13.21,21.9,53.3,3.039,0.0
2025-06-30 23:00:00,SOLAR_NUERNBERG_03,solar,0.0,4.2,0.0,10.04,24.9,59.6,2.86,0.0
