Date,Market,Product,Seasonality,Base_Price,Weather_Index,Marketing_Spend,Competitor_Price,Actual_Price,Demand,Is_Viral_Event
2024-01-01,A,Premium_Kopfhoerer,1.0051640068467504,150.0,57.45071229516849,965.343092116701,148.31360208153862,152.23521368855054,69,0
2024-01-02,A,Premium_Kopfhoerer,1.0103264834868237,150.0,47.92603548243223,701.0811160307321,143.03405938910657,149.37781064472966,50,0
2024-01-03,A,Premium_Kopfhoerer,1.015485900166976,150.0,59.715328071510385,939.8845789833756,172.01743426745836,152.91459842145312,69,0
2024-01-04,A,Premium_Kopfhoerer,1.020640728040696,150.0,72.84544784612038,338.94676668616506,141.95003975832827,156.85363435383613,58,0
2024-01-05,A,Premium_Kopfhoerer,1.025789439621234,150.0,46.48769937914996,650.3172501030948,146.78364055795444,148.946309813745,62,0
2024-01-06,A,Premium_Kopfhoerer,1.0309305092342305,150.0,46.487945645762295,710.6499714633741,153.11877627214545,148.94638369372868,60,0
2024-01-07,A,Premium_Kopfhoerer,1.0360624134698058,150.0,73.68819223261087,385.7947302318296,154.50159724308207,157.10645766978325,64,0
2024-01-08,A,Premium_Kopfhoerer,1.0411836316339795,150.0,61.51152093729363,863.2983115140671,157.18449041411762,153.4534562811881,82,0
2024-01-09,A,Premium_Kopfhoerer,1.0462926461992843,150.0,42.95788421097572,952.445316610223,163.55706380826948,147.8873652632927,86,0
2024-01-10,A,Premium_Kopfhoerer,1.0513879432544433,150.0,58.13840065378947,896.3696059264039,153.79618241595534,152.44152019613685,70,0
2024-01-11,A,Premium_Kopfhoerer,1.0564680129529733,150.0,43.04873460781307,765.1602783454352,142.07976900025,147.9146203823439,70,0
2024-01-12,A,Premium_Kopfhoerer,1.0615313499605858,150.0,43.01405369644615,349.7182117524586,148.07291156158664,147.90421610893384,53,0
2024-01-13,A,Premium_Kopfhoerer,1.0665764539012497,150.0,53.629434073490515,353.45443789506857,152.30874279385412,151.08883022204716,61,0
2024-01-14,A,Premium_Kopfhoerer,1.071601829801785,150.0,21.300796330133032,967.0242884014341,165.51169531129366,141.3902388990399,118,0
2024-01-15,A,Premium_Kopfhoerer,1.076605988534856,150.0,24.126232512304508,109.25604634212283,139.51645891181778,142.23786975369134,45,0
2024-01-16,A,Premium_Kopfhoerer,1.0815874472602316,150.0,41.56568706138541,744.44497591793,159.0193237891892,147.46970611841562,93,0
2024-01-17,A,Premium_Kopfhoerer,1.0865447298641826,150.0,34.80753319498364,735.621546299736,151.34935777159814,145.4422599584951,85,0
2024-01-18,A,Premium_Kopfhoerer,1.0914763673968868,150.0,54.71370998892911,660.4205868548177,156.2837290142211,151.41411299667874,69,0
2024-01-19,A,Premium_Kopfhoerer,1.0963808985077093,150.0,36.37963886718183,991.0979614781792,149.2350396252305,145.91389166015455,84,0
2024-01-20,A,Premium_Kopfhoerer,1.101256869878234,150.0,28.815444479970623,380.6914921873527,143.68175527405256,143.6446333439912,64,0
2024-01-21,A,Premium_Kopfhoerer,1.1061028366529115,150.0,71.98473153382331,405.97467741392336,155.63154584550998,156.59541946014699,92,0
2024-01-22,A,Premium_Kopfhoerer,1.110917362867202,150.0,46.61335549270196,171.04546265189998,154.90823270329216,148.9840066478106,69,0
2024-01-23,A,Premium_Kopfhoerer,1.1156990218730822,150.0,51.012923070318855,498.51832288936373,157.2904272430479,150.30387692109565,67,0
2024-01-24,A,Premium_Kopfhoerer,1.120446396761792,150.0,28.628777206798148,334.9436736113633,149.90021523466024,143.58863316203946,90,0
2024-01-25,A,Premium_Kopfhoerer,1.125158080783695,150.0,41.83425913212226,409.0480319598798,145.50133482510114,147.55027773963667,81,0
2024-01-26,A,Premium_Kopfhoerer,1.1298326777651293,150.0,51.663838845647994,851.114611230065,138.30909753732118,150.4991516536944,70,0
2024-01-27,A,Premium_Kopfhoerer,1.1344688025221232,150.0,32.73509633866546,941.9360621747462,156.14529951104555,144.82052890159963,95,0
2024-01-28,A,Premium_Kopfhoerer,1.1390650812708554,150.0,55.63547027518508,267.1597648046671,153.1791711183299,151.69064108255552,63,0
2024-01-29,A,Premium_Kopfhoerer,1.1436201520347364,150.0,40.99041965121793,435.2580383981193,142.7566302535203,147.29712589536538,60,0
2024-01-30,A,Premium_Kopfhoerer,1.148132665047993,150.0,45.62459375310085,935.7675059038546,145.96069745027532,148.68737812593025,68,0
2024-01-31,A,Premium_Kopfhoerer,1.1526012831556314,150.0,40.97440081655905,155.62761462030036,146.4993089103642,147.29232024496773,86,0
2024-02-01,A,Premium_Kopfhoerer,1.157024682209665,150.0,77.78417276763406,183.12447530024068,138.87761676013187,158.33525183029022,55,0
2024-02-02,A,Premium_Kopfhoerer,1.16140155146149,150.0,49.79754162893099,246.51189028560643,143.8673820254615,149.9392624886793,63,0
2024-02-03,A,Premium_Kopfhoerer,1.1657305939502858,150.0,34.1343360656615,635.6915507141873,141.49627232395235,145.24030081969846,87,0
2024-02-04,A,Premium_Kopfhoerer,1.1700105268873353,150.0,62.338173681547836,235.42504390539773,146.90640741084047,153.70145210446435,50,0
2024-02-05,A,Premium_Kopfhoerer,1.1742400820361403,150.0,31.687345250434667,971.2687433056601,144.45976876252828,144.5062035751304,107,0
2024-02-06,A,Premium_Kopfhoerer,1.178418006088229,150.0,53.132953925071334,502.0430745326683,137.7974630934994,150.9398861775214,68,0
2024-02-07,A,Premium_Kopfhoerer,1.1825430610345378,150.0,20.604948141803366,551.3661643151497,165.1694267292711,141.181484442541,107,0
2024-02-08,A,Premium_Kopfhoerer,1.1866140245322603,150.0,30.077209266523543,321.99275422486585,159.39405548271924,144.02316277995706,79,0
2024-02-09,A,Premium_Kopfhoerer,1.1906296902670532,150.0,52.952918538036855,523.8642271912602,144.1573543386001,150.88587556141107,71,0
2024-02-10,A,Premium_Kopfhoerer,1.1945888683104944,150.0,61.07699869993116,695.7222693733104,152.04316047490207,153.32309960997935,69,0
2024-02-11,A,Premium_Kopfhoerer,1.1984903854726836,150.0,52.57052421784956,776.0594232586385,153.13098817365972,150.77115726535487,67,0
2024-02-12,A,Premium_Kopfhoerer,1.2023330856498837,150.0,48.265275764176394,778.4812744389217,158.93314391080108,149.4795827292529,77,0
2024-02-13,A,Premium_Kopfhoerer,1.2061158301671,150.0,45.48344456616067,620.1020014246795,143.8604623000494,148.6450333698482,79,0
2024-02-14,A,Premium_Kopfhoerer,1.209837498115494,150.0,27.822170144488588,913.9237974944715,158.1908008798682,143.34665104334658,124,0
2024-02-15,A,Premium_Kopfhoerer,1.2134969866845324,150.0,39.20233687407937,835.6670625754984,145.890710218448,146.7607010622238,79,0
2024-02-16,A,Premium_Kopfhoerer,1.2170932114887738,150.0,43.09041843560319,781.3433032287629,139.9810319687354,147.92712553068097,76,0
2024-02-17,A,Premium_Kopfhoerer,1.2206251068891956,150.0,65.85683339328374,150.04496951241455,155.43102419485874,154.7570500179851,61,0
2024-02-18,A,Premium_Kopfhoerer,1.2240916263089665,150.0,55.15427434352692,106.19016599768439,159.68068818091822,151.54628230305806,55,0
2024-02-19,A,Premium_Kopfhoerer,1.2274917425435687,150.0,23.55439766955899,291.20254947592565,169.40931730148014,142.0663193008677,101,0
2024-02-20,A,Premium_Kopfhoerer,1.2308244480651813,150.0,54.86125954092193,697.171234522107,141.0020605118234,151.4583778622766,79,0
2024-02-21,A,Premium_Kopfhoerer,1.2340887553212325,150.0,44.22376579375525,470.0777399942912,155.2418976381059,148.26712973812658,77,0
2024-02-22,A,Premium_Kopfhoerer,1.2372836970270331,150.0,39.84616999541062,462.16563336938054,146.9264906715485,146.95385099862318,80,0
2024-02-23,A,Premium_Kopfhoerer,1.2404083264524028,150.0,59.175144332613016,896.1281994066524,155.87519032893024,152.7525432997839,73,0
2024-02-24,A,Premium_Kopfhoerer,1.2434617177022083,150.0,65.46499283743927,906.0065633186549,138.97132836576563,154.6394978512318,346,1
2024-02-25,A,Premium_Kopfhoerer,1.2464429659907243,150.0,63.96920178674298,918.2577376482271,140.52922668226077,154.1907605360229,77,0
2024-02-26,A,Premium_Kopfhoerer,1.2493511879097423,150.0,37.411737151660425,382.4902688635246,144.18093882625138,146.22352114549813,79,0
2024-02-27,A,Premium_Kopfhoerer,1.2521855216903435,150.0,45.36181436223178,721.9502314653356,150.59223034251065,148.60854430866954,95,0
2024-02-28,A,Premium_Kopfhoerer,1.2549451274582584,150.0,54.96895147105346,344.46986314693265,145.19189050096233,151.49068544131603,72,0
2024-02-29,A,Premium_Kopfhoerer,1.2576291874827408,150.0,64.63317690683539,271.5488497670048,154.94290757935065,154.38995307205062,61,0
2024-03-01,A,Premium_Kopfhoerer,1.260236906418879,150.0,42.81238643232065,266.1692116126323,157.70170963693437,147.8437159296962,80,0
2024-03-02,A,Premium_Kopfhoerer,1.2627675115432728,150.0,47.215115350042744,407.8968587772346,154.49683155934017,149.16453460501282,74,0
2024-03-03,A,Premium_Kopfhoerer,1.265220252983009,150.0,33.40497538990958,486.9618578018395,162.14090729745652,145.02149261697286,109,0
2024-03-04,A,Premium_Kopfhoerer,1.2675944039378646,150.0,32.05690063878994,847.8542539495616,153.1186997209151,144.61707019163697,106,0
2024-03-05,A,Premium_Kopfhoerer,1.2698892608956729,150.0,62.18788733591297,207.9019841254409,140.87327467244876,153.6563662007739,50,0
2024-03-06,A,Premium_Kopfhoerer,1.2721041438407907,150.0,70.34360042856234,761.4332626554047,160.22532385153755,156.1030801285687,102,0
2024-03-07,A,Premium_Kopfhoerer,1.2742383964556,150.0,48.91984817629499,578.3094227703748,145.46132823295503,149.6759544528885,81,0
2024-03-08,A,Premium_Kopfhoerer,1.2762913863149903,150.0,65.05299346838036,359.15080840839323,156.8281387476418,154.51589804051412,72,0
2024-03-09,A,Premium_Kopfhoerer,1.278262505073759,150.0,55.424540375714514,543.5376260795422,161.80300662416332,151.62736211271437,81,0
2024-03-10,A,Premium_Kopfhoerer,1.2801511686468776,150.0,40.323203680923136,369.9478627993204,153.425160080478,147.09696110427694,60,0
2024-03-11,A,Premium_Kopfhoerer,1.2819568173825686,150.0,55.42093408262621,636.4737597144754,138.77880890126514,151.62628022478788,77,0
2024-03-12,A,Premium_Kopfhoerer,1.2836789162281428,150.0,73.07054849698955,490.4595305697198,143.11340875117656,156.92116454909686,95,0
2024-03-13,A,Premium_Kopfhoerer,1.285316954888546,150.0,49.46260941335073,247.96497617099087,159.9205835016385,149.83878282400522,77,0
2024-03-14,A,Premium_Kopfhoerer,1.2868704479775717,150.0,73.46965483721009,204.92476710012704,148.73157985767887,157.04089645116304,85,0
2024-03-15,A,Premium_Kopfhoerer,1.2883389351616903,150.0,10.703823438653835,592.0261138649172,150.59680151206626,138.21114703159614,100,0
2024-03-16,A,Premium_Kopfhoerer,1.2897219812964564,150.0,62.32853756562836,912.1717299574931,155.69118312122706,153.6985612696885,80,0
2024-03-17,A,Premium_Kopfhoerer,1.2910191765554522,150.0,51.30570602357257,409.561917901917,155.22242146560242,150.39171180707177,85,0
2024-03-18,A,Premium_Kopfhoerer,1.2922301365517261,150.0,45.514889743011985,759.7000965003609,152.09099859289094,148.6544669229036,94,0
2024-03-19,A,Premium_Kopfhoerer,1.293354502451697,150.0,51.37641164803254,692.7952194457903,148.4349872158465,150.41292349440977,89,0
2024-03-20,A,Premium_Kopfhoerer,1.2943919410814828,150.0,20.186466280986608,938.399422878533,147.65498665700733,141.05593988429598,112,0
2024-03-21,A,Premium_Kopfhoerer,1.2953421450256277,150.0,46.70492168243732,838.8829155692267,156.43424118968508,149.0114765047312,108,0
2024-03-22,A,Premium_Kopfhoerer,1.2962048327181959,150.0,55.3566885726762,609.9447330149167,154.15177148300845,151.60700657180286,81,0
2024-03-23,A,Premium_Kopfhoerer,1.2969797485262058,150.0,72.16841067112274,691.3274484106965,148.07024999536657,156.65052320133682,100,0
2024-03-24,A,Premium_Kopfhoerer,1.2976666628253797,150.0,42.22594672589529,908.5478199256314,158.11584234744856,147.66778401776858,117,0
2024-03-25,A,Premium_Kopfhoerer,1.2982653720681856,150.0,37.87259595660218,459.5669061282413,149.03224413652663,146.36177878698066,94,0
2024-03-26,A,Premium_Kopfhoerer,1.2987756988441537,150.0,42.47364434623195,394.1152352719996,143.61253369249204,147.74209330386958,98,0
2024-03-27,A,Premium_Kopfhoerer,1.2991974919324467,150.0,63.731031765531114,109.72997527167671,144.30771975822492,154.11930952965935,54,0
2024-03-28,A,Premium_Kopfhoerer,1.2995306263466693,150.0,54.93126664489527,843.8959667723178,142.65944372767675,151.47937999346857,74,0
2024-03-29,A,Premium_Kopfhoerer,1.299775003371905,150.0,42.05359694349442,820.8826303630284,147.95692487547234,147.61607908304833,93,0
2024-03-30,A,Premium_Kopfhoerer,1.2999305505939671,150.0,57.699011496700344,194.00906629013625,159.25293208752146,152.3097034490101,58,0
2024-03-31,A,Premium_Kopfhoerer,1.299997221920857,150.0,51.456163240220604,619.1716430194302,143.9617861422712,150.43684897206617,84,0
2024-04-01,A,Premium_Kopfhoerer,1.2999749975964214,150.0,64.52967485799334,517.5835283501987,151.41356820763576,154.35890245739802,87,0
2024-04-02,A,Premium_Kopfhoerer,1.2998638842062071,150.0,39.469203591839715,206.8381859582003,145.0748299077944,146.84076107755192,67,0
2024-04-03,A,Premium_Kopfhoerer,1.29966391467551,150.0,45.085067801033475,982.5114043546512,148.0476821904642,148.52552034031004,89,0
2024-04-04,A,Premium_Kopfhoerer,1.2993751482596176,150.0,44.118377703017636,293.2262987170199,138.67469091011063,148.2355133109053,71,0
2024-04-05,A,Premium_Kopfhoerer,1.298997670526251,150.0,28.04727577801822,160.51076208150502,148.34596328132596,143.41418273340545,85,0
2024-04-06,A,Premium_Kopfhoerer,1.2985315933302093,150.0,54.44180415596864,635.3626415517186,148.5472096514628,151.33254124679058,75,0
2024-04-07,A,Premium_Kopfhoerer,1.2979770547802243,150.0,53.91582908269834,764.9800094197294,154.0521595802677,151.1747487248095,72,0
2024-04-08,A,Premium_Kopfhoerer,1.2973342191980364,150.0,50.07670184963691,129.19910144246828,151.67460684941528,150.02301055489107,74,0
2024-04-09,A,Premium_Kopfhoerer,1.296603277069702,150.0,46.48119299937279,692.84587485432,141.01205906285966,148.94435789981185,96,0
2024-04-10,A,Premium_Kopfhoerer,1.2957844449891491,150.0,28.769438869243785,579.062688356309,158.13148683032657,143.63083166077314,110,0
2024-04-11,A,Premium_Kopfhoerer,1.2948779655939946,150.0,43.69032015851961,192.93850798754357,151.57727280166498,148.10709604755587,68,0
2024-04-12,A,Premium_Kopfhoerer,1.2938841074936471,150.0,44.85928225209846,255.27148925172585,151.48795137883116,148.45778467562954,64,0
2024-04-13,A,Premium_Kopfhoerer,1.2928031651897105,150.0,37.96584096167572,611.1768675844725,149.93113234961146,146.3897522885027,89,0
2024-04-14,A,Premium_Kopfhoerer,1.2916354589887185,150.0,47.580714325009865,366.72185216195953,146.11681914583335,149.27421429750297,74,0
2024-04-15,A,Premium_Kopfhoerer,1.2903813349072193,150.0,56.060762852218076,944.4841557861845,151.63351754811544,151.8182288556654,86,0
2024-04-16,A,Premium_Kopfhoerer,1.2890411645692446,150.0,78.29278851815795,836.8662065356457,153.56691326946438,158.4878365554474,83,0
2024-04-17,A,Premium_Kopfhoerer,1.287615345096189,150.0,52.61866719247758,985.2104858622968,136.89828231490833,150.78560015774326,84,0
2024-04-18,A,Premium_Kopfhoerer,1.2861042989891338,150.0,53.86325586084146,333.7037550553726,145.95929371990428,151.15897675825244,77,0
2024-04-19,A,Premium_Kopfhoerer,1.2845084740036514,150.0,48.883311263507494,972.7512695181794,148.0878977219731,149.66499337905225,85,0
2024-04-20,A,Premium_Kopfhoerer,1.2828283430171261,150.0,21.21843177051438,488.1104828124021,151.92127954270708,141.36552953115432,115,0
2024-04-21,A,Premium_Kopfhoerer,1.2810644038886294,150.0,49.602291868261744,412.76691578237916,158.94983254445344,149.88068756047852,86,0
2024-04-22,A,Premium_Kopfhoerer,1.2792171793113938,150.0,50.9034531491154,145.31457427241793,144.21194389052414,150.27103594473462,47,0
2024-04-23,A,Premium_Kopfhoerer,1.2772872166579279,150.0,86.94863168727929,147.48873207364235,146.26528614886618,161.0845895061838,57,0
2024-04-24,A,Premium_Kopfhoerer,1.275275087817818,150.0,47.114585528283165,722.8101303519892,146.15599417015088,149.13437565848494,87,0
2024-04-25,A,Premium_Kopfhoerer,1.2731813890282648,150.0,54.523210135004184,512.1360949906251,143.98854307421593,151.35696304050126,70,0
2024-04-26,A,Premium_Kopfhoerer,1.2710067406974053,150.0,49.47932345442135,303.86946343249514,147.39610128665805,149.8437970363264,399,1
2024-04-27,A,Premium_Kopfhoerer,1.2687517872204728,150.0,32.46982943570702,652.5732756927093,155.7810166499098,144.7409488307121,108,0
2024-04-28,A,Premium_Kopfhoerer,1.266417196788848,150.0,67.14234221772531,327.57230642510007,142.0962337847674,155.1427026653176,60,0
2024-04-29,A,Premium_Kopfhoerer,1.2640036611920606,150.0,61.27899549030161,619.8685789099803,153.20860796364676,153.38369864709048,66,0
2024-04-30,A,Premium_Kopfhoerer,1.2615118956127964,150.0,61.865479205645705,423.2878722844213,137.2357332748625,153.5596437616937,58,0
2024-05-01,A,Premium_Kopfhoerer,1.2589426384149733,150.0,36.35918817807892,841.1970039506372,145.78996502668346,145.90775645342367,108,0
2024-05-02,A,Premium_Kopfhoerer,1.256296650924948,150.0,71.04191466404149,838.6265446901014,147.5288302483651,156.31257439921245,85,0
2024-05-03,A,Premium_Kopfhoerer,1.253574717205919,150.0,28.972234058115788,529.6153583101612,162.5614475468555,143.69167021743473,101,0
2024-05-04,A,Premium_Kopfhoerer,1.250777643825591,150.0,58.80285640700406,415.73719840151404,147.93898271435484,152.64085692210122,72,0
2024-05-05,A,Premium_Kopfhoerer,1.2479062596171728,150.0,82.85683438714968,426.30381690318507,133.4906739491181,159.8570503161449,78,0
2024-05-06,A,Premium_Kopfhoerer,1.244961415433775,150.0,35.14195512303967,825.1430731013961,135.00833319854064,145.5425865369119,72,0
2024-05-07,A,Premium_Kopfhoerer,1.2419439838962834,150.0,41.50553405595842,395.36153451785077,150.2552218976001,147.45166021678753,81,0
2024-05-08,A,Premium_Kopfhoerer,1.2388548591347848,150.0,51.49477047631462,288.1534363361614,154.6032814184243,150.44843114289438,65,0
2024-05-09,A,Premium_Kopfhoerer,1.2356949565236144,150.0,42.44786518825701,176.21950768777614,152.8159189322044,147.7343595564771,362,1
2024-05-10,A,Premium_Kopfhoerer,1.232465212410112,150.0,26.74004853400801,520.0238087959675,151.25677579350744,143.0220145602024,102,0
2024-05-11,A,Premium_Kopfhoerer,1.2291665838371628,150.0,51.02844462209041,533.9188890278577,158.7169469812925,150.30853338662712,85,0
2024-05-12,A,Premium_Kopfhoerer,1.2258000482596025,150.0,34.065444294108424,856.8178393626165,145.9530658444715,145.21963328823253,90,0
2024-05-13,A,Premium_Kopfhoerer,1.2223666032545788,150.0,57.10388645952772,299.1148268014576,156.7118291702012,152.13116593785833,63,0
2024-05-14,A,Premium_Kopfhoerer,1.2188672662259463,150.0,36.20863648649295,442.89214630155993,137.75988836230187,145.8625909459479,90,0
2024-05-15,A,Premium_Kopfhoerer,1.2153030741027886,150.0,73.2490160752631,827.5651650043219,143.2128912529645,156.97470482257893,100,0
2024-05-16,A,Premium_Kopfhoerer,1.2116750830321534,150.0,38.251200614956446,841.2612496740761,136.44718953801137,146.47536018448693,75,0
2024-05-17,A,Premium_Kopfhoerer,1.2079843680660933,150.0,45.16907725691487,446.1499683808914,147.93866024497655,148.55072317707447,73,0
2024-05-18,A,Premium_Kopfhoerer,1.204232022843105,150.0,62.202758260545046,513.2116209580128,149.65304087050242,153.66082747816353,67,0
2024-05-19,A,Premium_Kopfhoerer,1.20041915926406,150.0,31.53703525349067,372.9573017643546,150.85576119169892,144.4611105760472,83,0
2024-05-20,A,Premium_Kopfhoerer,1.1965469071627255,150.0,53.41189901906194,939.2993905773809,150.46412514665352,151.0235697057186,92,0
2024-05-21,A,Premium_Kopfhoerer,1.1926164139709692,150.0,69.60714131423642,206.77938916742227,143.04335001891204,155.88214239427091,53,0
2024-05-22,A,Premium_Kopfhoerer,1.1886288443787503,150.0,25.88775148158159,940.374480701323,148.57319366690086,142.7663254444745,104,0
2024-05-23,A,Premium_Kopfhoerer,1.1845853799889983,150.0,52.769507877984566,715.4798066518089,138.7691499854569,150.83085236339537,81,0
2024-05-24,A,Premium_Kopfhoerer,1.1804872189674769,150.0,53.89824191372635,578.4149374180581,160.22421731349186,151.16947257411792,383,1
2024-05-25,A,Premium_Kopfhoerer,1.176335575687742,150.0,61.72734307665965,129.3931547060463,147.722804453265,153.5182029229979,61,0
2024-05-26,A,Premium_Kopfhoerer,1.1721316803712973,150.0,31.445739336828773,528.0365726398074,146.3333541071723,144.43372180104862,73,0
2024-05-27,A,Premium_Kopfhoerer,1.1678767787230528,150.0,30.193150803735854,466.97329450245905,161.9170524633306,144.05794524112076,94,0
2024-05-28,A,Premium_Kopfhoerer,1.1635721315621952,150.0,57.829123484253465,245.0969307776103,140.68315099838077,152.34873704527604,49,0
2024-05-29,A,Premium_Kopfhoerer,1.1592190144485799,150.0,54.45477009849779,690.7686431505912,141.55809664476024,151.33643102954935,66,0
2024-05-30,A,Premium_Kopfhoerer,1.154818717304756,150.0,53.75739275518815,974.0358166314572,141.77834756348577,151.12721782655643,70,0
2024-05-31,A,Premium_Kopfhoerer,1.1503725440337327,150.0,55.19672314245464,605.9699299580726,149.49096463725388,151.55901694273638,78,0
2024-06-01,A,Premium_Kopfhoerer,1.145881812132607,150.0,39.79962917632264,743.2779487995513,153.23723722228198,146.9398887528968,91,0
2024-06-02,A,Premium_Kopfhoerer,1.1413478523021592,150.0,53.48380545741505,161.6054073094151,155.54756601088377,151.0451416372245,78,0
2024-06-03,A,Premium_Kopfhoerer,1.1367720080525376,150.0,54.39608709948022,475.9002962352953,169.28996488121226,151.31882612984407,94,0
2024-06-04,A,Premium_Kopfhoerer,1.1321556353051485,150.0,39.28472872960448,204.7226366480463,133.12925659349426,146.78541861888135,60,0
2024-06-05,A,Premium_Kopfhoerer,1.1275001019908664,150.0,77.98661766717134,651.5162519828593,154.56551691843313,158.3959853001514,76,0
2024-06-06,A,Premium_Kopfhoerer,1.1228067876446863,150.0,57.10749381367681,944.6339423927392,145.82152070570828,152.13224814410304,57,0
2024-06-07,A,Premium_Kopfhoerer,1.11807708299694,150.0,32.13044754196027,695.5999592244747,145.6018863833342,144.63913426258807,84,0
2024-06-08,A,Premium_Kopfhoerer,1.1133123895611894,150.0,59.84830412950745,169.1227434829794,145.35170903809592,152.95449123885223,54,0
2024-06-09,A,Premium_Kopfhoerer,1.1085141192189303,150.0,35.37977494659018,419.19958448657457,143.1842274689402,145.61393248397707,72,0
2024-06-10,A,Premium_Kopfhoerer,1.10368369380122,150.0,61.80626905613678,595.5970414967663,162.6339362595259,153.54188071684104,90,0
2024-06-11,A,Premium_Kopfhoerer,1.0988225446673592,150.0,67.37893368511106,462.886980519927,156.31722995260427,155.2136801055333,88,0
2024-06-12,A,Premium_Kopfhoerer,1.0939321122807482,150.0,37.68976522472434,850.2796094276551,150.1739698391803,146.3069295674173,76,0
2024-06-13,A,Premium_Kopfhoerer,1.0890138457820473,150.0,64.45064193866483,833.2039042389903,160.1326181436525,154.33519258159944,77,0
2024-06-14,A,Premium_Kopfhoerer,1.0840692025597647,150.0,56.191713904047475,650.6479180928993,138.65603276025843,151.85751417121423,60,0
2024-06-15,A,Premium_Kopfhoerer,1.079099647818402,150.0,62.33090239991735,436.1121506194347,140.01971151501806,153.6992707199752,58,0
2024-06-16,A,Premium_Kopfhoerer,1.0741066541442807,150.0,78.4518947398092,329.8027363869197,133.66524200853985,158.53556842194277,56,0
2024-06-17,A,Premium_Kopfhoerer,1.0690917010691836,150.0,46.31917825995694,195.28688639181638,144.75439094907534,148.89575347798709,47,0
2024-06-18,A,Premium_Kopfhoerer,1.0640562746319389,150.0,38.693957534637654,419.4079151378986,151.21273895028565,146.6081872603913,68,0
2024-06-19,A,Premium_Kopfhoerer,1.059001866938073,150.0,36.65728355561715,471.8552654869476,150.7714393344925,145.99718506668515,80,0
2024-06-20,A,Premium_Kopfhoerer,1.0539299757176688,150.0,37.762845725518424,708.2406325936662,151.1200643329491,146.32885371765553,74,0
2024-06-21,A,Premium_Kopfhoerer,1.0488421038815552,150.0,48.84347435878844,692.3438418678161,139.41707376700438,149.65304230763653,69,0
2024-06-22,A,Premium_Kopfhoerer,1.0437397590759625,150.0,55.117279622249654,163.09732567713127,156.02366056960517,151.5351838866749,48,0
2024-06-23,A,Premium_Kopfhoerer,1.0386244532357745,150.0,54.150361989950284,455.733383888042,151.79720638679248,151.2451085969851,54,0
2024-06-24,A,Premium_Kopfhoerer,1.0334977021365086,150.0,62.40774873554036,263.6009804956257,155.497907110995,153.7223246206621,49,0
2024-06-25,A,Premium_Kopfhoerer,1.0283610249451598,150.0,50.19502837816861,241.13143478512512,135.80428366807462,150.0585085134506,47,0
2024-06-26,A,Premium_Kopfhoerer,1.023215943770039,150.0,71.80301115735975,844.5719347635213,152.3361814409834,156.54090334720792,82,0
2024-06-27,A,Premium_Kopfhoerer,1.018063983209738,150.0,46.03014750143066,137.72369504463177,141.09176070061855,148.8090442504292,46,0
2024-06-28,A,Premium_Kopfhoerer,1.0129066699013591,150.0,90.80253749884429,477.2645883119092,147.02007560586478,162.24076124965327,63,0
2024-06-29,A,Premium_Kopfhoerer,1.0077455320681399,150.0,59.385010216475095,251.38329018986636,154.00773673977287,152.81550306494253,239,1
2024-06-30,A,Premium_Kopfhoerer,1.0025820990666066,150.0,37.14263665375576,891.3971941106266,150.68320204691935,146.14279099612673,67,0
2024-07-01,A,Premium_Kopfhoerer,0.9974179009333936,150.0,33.93661252908331,601.3364619475316,143.61345015165512,145.180983758725,64,0
2024-07-02,A,Premium_Kopfhoerer,0.9922544679318602,150.0,57.237086228647776,308.2425727391632,150.04704867138312,152.17112586859434,37,0
2024-07-03,A,Premium_Kopfhoerer,0.9870933300986409,150.0,46.64805822011224,552.1845584497388,138.51348513567268,148.99441746603367,61,0
2024-07-04,A,Premium_Kopfhoerer,0.9819360167902622,150.0,60.710007411381376,758.3377237328042,158.62700546923722,153.2130022234144,73,0
2024-07-05,A,Premium_Kopfhoerer,0.976784056229961,150.0,57.09856436860317,962.3062080274904,148.4603698537781,152.12956931058096,64,0
2024-07-06,A,Premium_Kopfhoerer,0.9716389750548402,150.0,48.90756631014691,298.401403820877,158.38912458191496,149.67226989304407,60,0
2024-07-07,A,Premium_Kopfhoerer,0.9665022978634916,150.0,37.29809422897392,897.5635949164106,146.0510123467797,146.18942826869218,69,0
2024-07-08,A,Premium_Kopfhoerer,0.9613755467642258,150.0,27.277291629712032,940.8737027507412,146.07318008695063,143.1831874889136,74,0
2024-07-09,A,Premium_Kopfhoerer,0.9562602409240377,150.0,43.302275718994686,924.7784900788596,144.26859910021616,147.9906827156984,58,0
2024-07-10,A,Premium_Kopfhoerer,0.951157896118445,150.0,62.84598191485208,671.8729211757188,156.57130448769806,153.85379457445563,55,0
2024-07-11,A,Premium_Kopfhoerer,0.9460700242823313,150.0,53.21140616195306,666.838588991237,144.67926632003645,150.9634218485859,64,0
2024-07-12,A,Premium_Kopfhoerer,0.9409981330619271,150.0,31.31391831932018,462.8895698654405,154.83446574311384,144.39417549579605,92,0
2024-07-13,A,Premium_Kopfhoerer,0.9359437253680613,150.0,52.59771388776773,777.1580940734091,147.13160701748032,150.77931416633032,72,0
2024-07-14,A,Premium_Kopfhoerer,0.9309082989308164,150.0,55.77976069593255,578.1646165158387,135.18027525081285,151.73392820877976,53,0
2024-07-15,A,Premium_Kopfhoerer,0.9258933458557195,150.0,36.74213845698301,709.694264105465,145.7226444916015,146.0226415370949,58,0
2024-07-16,A,Premium_Kopfhoerer,0.9209003521815978,150.0,52.305876589182915,485.61211346391593,141.15668839227862,150.6917629767549,56,0
2024-07-17,A,Premium_Kopfhoerer,0.9159307974402352,150.0,50.87313077669,758.3468176388252,150.25427042761754,150.261939233007,68,0
2024-07-18,A,Premium_Kopfhoerer,0.9109861542179529,150.0,32.85544553254066,842.0243658440942,141.07194198244133,144.8566336597622,73,0
2024-07-19,A,Premium_Kopfhoerer,0.906067887719252,150.0,55.36681040522425,231.79263094253452,156.9448132553596,151.6100431215673,43,0
2024-07-20,A,Premium_Kopfhoerer,0.9011774553326409,150.0,58.41176789552352,849.6367440168052,149.31693104735228,152.52353036865705,54,0
2024-07-21,A,Premium_Kopfhoerer,0.89631630619878,150.0,66.24576864762915,586.2668786112765,148.66803003930946,154.87373059428876,55,0
2024-07-22,A,Premium_Kopfhoerer,0.8914858807810697,150.0,65.80703078052355,860.1993181812019,154.9191910334069,154.74210923415706,52,0
2024-07-23,A,Premium_Kopfhoerer,0.8866876104388106,150.0,29.334959480643633,488.1715357069132,157.229302005569,143.8004878441931,64,0
2024-07-24,A,Premium_Kopfhoerer,0.88192291700306,150.0,35.93262440127316,441.1364368447315,149.8492593617276,145.77978732038196,67,0
2024-07-25,A,Premium_Kopfhoerer,0.8771932123553137,150.0,57.7255290081299,923.5546592655002,144.21599775338032,152.31765870243896,56,0
2024-07-26,A,Premium_Kopfhoerer,0.8724998980091339,150.0,57.706789263683135,326.05234079356114,136.69522787915903,152.31203677910494,45,0
2024-07-27,A,Premium_Kopfhoerer,0.8678443646948515,150.0,57.725715294590714,859.7910927575288,144.85462682223616,152.3177145883772,63,0
2024-07-28,A,Premium_Kopfhoerer,0.8632279919474624,150.0,107.79097235982081,535.6185152584637,145.37090815014028,167.33729170794624,40,0
2024-07-29,A,Premium_Kopfhoerer,0.8586521476978408,150.0,58.56335766039751,562.6858982961337,150.80293089744222,152.56900729811926,51,0
2024-07-30,A,Premium_Kopfhoerer,0.8541181878673929,150.0,67.03348460270898,377.6214533405356,147.4113983914648,155.1100453808127,59,0
2024-07-31,A,Premium_Kopfhoerer,0.8496274559662673,150.0,64.31002645239803,615.7379805571142,155.1594972903857,154.2930079357194,56,0
2024-08-01,A,Premium_Kopfhoerer,0.8451812826952443,150.0,59.77086876958697,392.6900766485902,145.4026254654698,152.9312606308761,53,0
2024-08-02,A,Premium_Kopfhoerer,0.8407809855514201,150.0,45.27096133039482,135.34247281748708,149.57219124860293,148.58128839911845,37,0
2024-08-03,A,Premium_Kopfhoerer,0.8364278684378048,150.0,61.384538307399005,344.79874480992044,158.87990582397669,153.4153614922197,46,0
2024-08-04,A,Premium_Kopfhoerer,0.8321232212769472,150.0,38.40762178193642,105.7411390659316,152.56368910466225,146.52228653458093,45,0
2024-08-05,A,Premium_Kopfhoerer,0.8278683196287027,150.0,46.44772089889987,980.5193083511709,149.54971843733577,148.93431626966995,62,0
2024-08-06,A,Premium_Kopfhoerer,0.823664424312258,150.0,42.71954678256345,969.1724888377728,145.48541668548617,147.81586403476902,67,0
2024-08-07,A,Premium_Kopfhoerer,0.8195127810325232,150.0,51.22811209079484,455.63976772507453,145.25076452463767,150.36843362723846,56,0
2024-08-08,A,Premium_Kopfhoerer,0.8154146200110017,150.0,84.71987850010262,755.5337689056814,143.6204006028604,160.4159635500308,56,0
2024-08-09,A,Premium_Kopfhoerer,0.8113711556212496,150.0,21.991022111123776,411.2254885693825,145.94244850662824,141.59730663333713,74,0
2024-08-10,A,Premium_Kopfhoerer,0.8073835860290309,150.0,60.2939028556177,703.9838413773784,155.66749379058234,153.0881708566853,52,0
2024-08-11,A,Premium_Kopfhoerer,0.8034530928372745,150.0,25.809261932155223,824.8870387413812,148.335837965308,142.74277857964657,68,0
2024-08-12,A,Premium_Kopfhoerer,0.79958084073594,150.0,42.9210220131585,952.0806202230167,139.87670197964079,147.87630660394754,47,0
2024-08-13,A,Premium_Kopfhoerer,0.7957679771568953,150.0,66.33425895451049,460.1910482647048,163.2612696979484,154.90027768635315,53,0
2024-08-14,A,Premium_Kopfhoerer,0.7920156319339069,150.0,50.96420028643194,804.968184660443,152.3997389335887,150.28926008592958,61,0
2024-08-15,A,Premium_Kopfhoerer,0.7883249169678468,150.0,33.83382833106041,339.3356055689069,139.44792449615122,145.15014849931814,62,0
2024-08-16,A,Premium_Kopfhoerer,0.7846969258972115,150.0,39.27044436110047,991.2990734142835,146.68613304569382,146.78113330833014,46,0
2024-08-17,A,Premium_Kopfhoerer,0.7811327337740537,150.0,60.19396623402014,123.19263888791603,150.83164787121314,153.05818987020604,35,0
2024-08-18,A,Premium_Kopfhoerer,0.7776333967454213,150.0,39.04450052424295,643.1759258510089,162.78444069973034,146.71335015727288,47,0
2024-08-19,A,Premium_Kopfhoerer,0.7741999517403975,150.0,53.246878843729625,693.5553834861944,141.68915656305848,150.9740636531189,47,0
2024-08-20,A,Premium_Kopfhoerer,0.7708334161628372,150.0,50.68357759855721,719.241001366716,157.3203053951696,150.20507327956716,66,0
2024-08-21,A,Premium_Kopfhoerer,0.7675347875898878,150.0,40.22599478591275,208.3488209101801,160.4961482022926,147.06779843577382,48,0
2024-08-22,A,Premium_Kopfhoerer,0.7643050434763856,150.0,82.15916133987989,944.6768051258174,145.28509271194073,159.64774840196395,52,0
2024-08-23,A,Premium_Kopfhoerer,0.7611451408652155,150.0,59.50878533477017,263.06495114507453,147.91864785854824,152.85263560043106,36,0
2024-08-24,A,Premium_Kopfhoerer,0.7580560161037166,150.0,19.622861200135894,660.478062915857,142.22768064469673,140.88685836004078,59,0
2024-08-25,A,Premium_Kopfhoerer,0.7550385845662253,150.0,52.796814721541416,300.40847121077644,148.4740414418977,150.83904441646243,28,0
2024-08-26,A,Premium_Kopfhoerer,0.7520937403828272,150.0,40.07320302847418,376.4947753191438,149.725575192428,147.02196090854227,55,0
2024-08-27,A,Premium_Kopfhoerer,0.7492223561744091,150.0,62.78650002194336,591.8126875553119,154.94737498561778,153.835950006583,54,0
2024-08-28,A,Premium_Kopfhoerer,0.7464252827940809,150.0,38.11218892350949,475.47407670811884,158.17637603265337,146.43365667705285,63,0
2024-08-29,A,Premium_Kopfhoerer,0.743703349075052,150.0,48.278953377996515,244.20304087885566,144.38927951533765,149.48368601339897,41,0
2024-08-30,A,Premium_Kopfhoerer,0.7410573615850266,150.0,57.57480918470686,253.84276217876345,135.24506201830502,152.27244275541204,22,0
2024-08-31,A,Premium_Kopfhoerer,0.7384881043872035,150.0,62.98632791255182,476.3303093465197,149.8406641554282,153.89589837376553,32,0
2024-09-01,A,Premium_Kopfhoerer,0.7359963388079394,150.0,31.995553894163358,781.5546804479507,152.2015314747648,144.598666168249,58,0
2024-09-02,A,Premium_Kopfhoerer,0.7335828032111521,150.0,44.98248146238578,908.1681821630096,151.8706326576378,148.49474443871574,60,0
2024-09-03,A,Premium_Kopfhoerer,0.7312482127795273,150.0,42.875820332585654,175.71489603344455,147.54995064368217,147.8627460997757,41,0
2024-09-04,A,Premium_Kopfhoerer,0.7289932593025947,150.0,40.200061511394324,453.79351680346093,150.9356407474795,147.0600184534183,48,0
2024-09-05,A,Premium_Kopfhoerer,0.7268186109717352,150.0,76.48181360421646,190.22100735058896,161.36583606264188,157.94454408126495,57,0
2024-09-06,A,Premium_Kopfhoerer,0.7247249121821819,150.0,56.07472566441433,114.93323256933809,152.86300626721882,151.8224176993243,41,0
2024-09-07,A,Premium_Kopfhoerer,0.722712783342072,150.0,31.086740684974323,695.5468143795609,147.19973681247686,144.3260222054923,43,0
2024-09-08,A,Premium_Kopfhoerer,0.7207828206886062,150.0,63.767929205821645,642.204497769929,146.24851637178003,154.1303787617465,42,0
2024-09-09,A,Premium_Kopfhoerer,0.7189355961113706,150.0,81.8323429551895,246.71720243339757,148.72610731741702,159.54970288655684,47,0
2024-09-10,A,Premium_Kopfhoerer,0.7171716569828739,150.0,65.4869789082672,310.4315497837577,162.27554971372982,154.64609367248016,38,0
2024-09-11,A,Premium_Kopfhoerer,0.7154915259963486,150.0,27.2094505106898,121.33697828006655,148.6252446785535,143.16283515320694,46,0
2024-09-12,A,Premium_Kopfhoerer,0.7138957010108664,150.0,42.736488907006226,851.4524851249633,149.8515424160947,147.82094667210185,59,0
2024-09-13,A,Premium_Kopfhoerer,0.7123846549038111,150.0,69.00366723779933,977.2215364436963,146.38264821797773,155.7011001713398,42,0
2024-09-14,A,Premium_Kopfhoerer,0.7109588354307554,150.0,39.38495801571829,221.9135831152217,158.24237518081472,146.8154874047155,54,0
2024-09-15,A,Premium_Kopfhoerer,0.7096186650927807,150.0,56.657291422193424,308.3276923887683,164.69877941058508,151.99718742665803,38,0
2024-09-16,A,Premium_Kopfhoerer,0.7083645410112817,150.0,61.61951080144005,881.5685715522407,153.3795978707354,153.48585324043202,44,0
2024-09-17,A,Premium_Kopfhoerer,0.7071968348102895,150.0,36.09604292632876,933.8174181605664,150.62079677839068,145.82881287789863,66,0
2024-09-18,A,Premium_Kopfhoerer,0.706115892506353,150.0,49.107119659073,477.6646445261293,150.27587124880677,149.7321358977219,22,0
2024-09-19,A,Premium_Kopfhoerer,0.7051220344060054,150.0,1.3809898989639113,145.5602250421667,132.1176990841069,135.4142969696892,46,0
2024-09-20,A,Premium_Kopfhoerer,0.7042155550108509,150.0,34.63418537998565,135.45265032353745,155.58863148213612,145.3902556139957,38,0
2024-09-21,A,Premium_Kopfhoerer,0.703396722930298,150.0,46.2114777291026,616.5548794621094,151.00624811996883,148.8634433187308,44,0
2024-09-22,A,Premium_Kopfhoerer,0.7026657808019636,150.0,31.283252270527257,453.60559800386113,153.21256537995544,144.38497568115818,44,0
2024-09-23,A,Premium_Kopfhoerer,0.7020229452197757,150.0,74.48616955897452,125.78718481988906,144.66403354437222,157.34585086769235,32,0
2024-09-24,A,Premium_Kopfhoerer,0.7014684066697907,150.0,28.54787933059051,624.9271530813011,147.1165734076718,143.56436379917716,50,0
2024-09-25,A,Premium_Kopfhoerer,0.7010023294737491,150.0,43.39933269954524,110.17228293012022,146.9173129762262,148.01979980986357,35,0
2024-09-26,A,Premium_Kopfhoerer,0.7006248517403824,150.0,51.96110865929137,808.6347623343456,157.66217238054782,150.5883325977874,46,0
2024-09-27,A,Premium_Kopfhoerer,0.70033608532449,150.0,71.61909933599173,375.7895404330344,147.1593012254768,156.48572980079751,47,0
2024-09-28,A,Premium_Kopfhoerer,0.7001361157937929,150.0,28.46206773230841,136.2322027083089,165.6199524158235,143.5386203196925,58,0
2024-09-29,A,Premium_Kopfhoerer,0.7000250024035786,150.0,67.4474562823244,629.516998884838,153.23146814261278,155.2342368846973,33,0
2024-09-30,A,Premium_Kopfhoerer,0.7000027780791429,150.0,50.1534959152938,457.9159729897492,140.432380050032,150.04604877458814,42,0
2024-10-01,A,Premium_Kopfhoerer,0.7000694494060328,150.0,35.27737023428074,976.4203720214346,149.03590280061033,145.58321107028422,51,0
2024-10-02,A,Premium_Kopfhoerer,0.7002249966280949,150.0,56.93155211394906,589.778796253332,145.11243658382688,152.07946563418471,35,0
2024-10-03,A,Premium_Kopfhoerer,0.7004693736533307,150.0,52.98589543360205,347.71526293330743,133.54213147634982,150.89576863008062,38,0
2024-10-04,A,Premium_Kopfhoerer,0.7008025080675533,150.0,40.99674684261808,738.4949781705773,161.99603205085342,147.29902405278543,71,0
2024-10-05,A,Premium_Kopfhoerer,0.7012243011558463,150.0,51.04703127485028,344.3428022884402,155.27356906665005,150.3141093824551,42,0
2024-10-06,A,Premium_Kopfhoerer,0.7017346279318144,150.0,44.2202960470736,913.8189622668086,153.99905488424483,148.26608881412207,56,0
2024-10-07,A,Premium_Kopfhoerer,0.7023333371746203,150.0,51.70276017876872,437.24977345663876,151.24052745224776,150.5108280536306,52,0
2024-10-08,A,Premium_Kopfhoerer,0.7030202514737941,150.0,59.9319601178157,594.8817064985847,139.63486823480673,152.9795880353447,33,0
2024-10-09,A,Premium_Kopfhoerer,0.7037951672818041,150.0,73.79025224218029,145.51579344180598,146.37287145333423,157.13707567265408,23,0
2024-10-10,A,Premium_Kopfhoerer,0.7046578549743723,150.0,31.432767517597263,483.50911415700773,156.3133558108801,144.42983025527917,63,0
2024-10-11,A,Premium_Kopfhoerer,0.7056080589185172,150.0,81.995500619844,849.1271856948955,142.11584977663122,159.5986501859532,51,0
2024-10-12,A,Premium_Kopfhoerer,0.706645497548303,150.0,20.718683007162472,825.0839248270078,131.0117301281189,141.21560490214875,58,0
2024-10-13,A,Premium_Kopfhoerer,0.7077698634482739,150.0,47.72322357446625,301.8867029681736,148.29670494164304,149.31696707233988,49,0
2024-10-14,A,Premium_Kopfhoerer,0.7089808234445478,150.0,58.82475809726864,303.4711639095064,148.93681834479347,152.6474274291806,48,0
2024-10-15,A,Premium_Kopfhoerer,0.7102780187035436,150.0,54.21487801602549,835.5747809919131,151.01672562311032,151.26446340480766,41,0
2024-10-16,A,Premium_Kopfhoerer,0.7116610648383097,150.0,40.65950720269109,937.358578152393,155.463889826359,147.19785216080732,56,0
2024-10-17,A,Premium_Kopfhoerer,0.7131295520224283,150.0,46.87816624464087,185.8248291457032,154.78204359173407,149.06344987339227,42,0
2024-10-18,A,Premium_Kopfhoerer,0.7146830451114539,150.0,42.604985980117505,505.0527754836027,151.9407735393294,147.78149579403527,51,0
2024-10-19,A,Premium_Kopfhoerer,0.7163210837718572,150.0,41.15952864583682,403.70885106780605,158.96648541065034,147.34785859375106,54,0
2024-10-20,A,Premium_Kopfhoerer,0.7180431826174314,150.0,62.74403145531537,883.6196099116954,138.60772664390015,153.82320943659462,39,0
2024-10-21,A,Premium_Kopfhoerer,0.7198488313531224,150.0,55.35523228947571,175.1724232120169,153.78436360858043,151.6065696868427,52,0
2024-10-22,A,Premium_Kopfhoerer,0.7217374949262411,150.0,39.60635607109019,290.0133483022337,154.69903772502707,146.88190682132705,45,0
2024-10-23,A,Premium_Kopfhoerer,0.7237086136850096,150.0,63.49399813149876,777.2215038278449,140.7032828543982,154.04819943944963,43,0
2024-10-24,A,Premium_Kopfhoerer,0.7257616035443999,150.0,54.60949281314914,146.16446408309403,138.72847043488207,151.38284784394475,40,0
2024-10-25,A,Premium_Kopfhoerer,0.7278958561592092,150.0,62.1929317825844,543.2818426428603,144.405434051433,153.65787953477533,39,0
2024-10-26,A,Premium_Kopfhoerer,0.730110739104327,150.0,59.44443262885418,497.896331211748,145.03843918113532,152.83332978865624,170,1
2024-10-27,A,Premium_Kopfhoerer,0.7324055960621354,150.0,37.56507483616891,400.9610610898738,155.6506459762682,146.26952245085067,59,0
2024-10-28,A,Premium_Kopfhoerer,0.7347797470169909,150.0,41.597284397045456,455.1150837870314,145.3909591223168,147.47918531911364,41,0
2024-10-29,A,Premium_Kopfhoerer,0.737232488456727,150.0,61.20940407684893,576.9465282372097,143.57738611289096,153.36282122305468,39,0
2024-10-30,A,Premium_Kopfhoerer,0.7397630935811209,150.0,59.155553981501974,245.23062254954482,145.41274697479082,152.7466661944506,38,0
2024-10-31,A,Premium_Kopfhoerer,0.7423708125172591,150.0,49.68647609053778,614.7962904552335,158.3897425061566,149.90594282716134,65,0
2024-11-01,A,Premium_Kopfhoerer,0.7450548725417416,150.0,51.75991074963173,824.8890963699877,150.09782530782715,150.5279732248895,51,0
2024-11-02,A,Premium_Kopfhoerer,0.7478144783096565,150.0,69.16497343682637,784.1448368111431,148.65561730982316,155.7494920310479,54,0
2024-11-03,A,Premium_Kopfhoerer,0.7506488120902577,150.0,41.126429167462554,238.5099142243963,149.1749587597421,147.33792875023877,41,0
2024-11-04,A,Premium_Kopfhoerer,0.7535570340092757,150.0,58.20646071755056,234.32452276732653,159.69045250744892,152.46193821526518,26,0
2024-11-05,A,Premium_Kopfhoerer,0.7565382822977917,150.0,46.96711021349159,341.356930970422,144.38121205047568,149.09013306404748,41,0
2024-11-06,A,Premium_Kopfhoerer,0.7595916735475969,150.0,46.73478195159169,424.9672537069335,159.8663121820508,149.02043458547752,55,0
2024-11-07,A,Premium_Kopfhoerer,0.7627163029729668,150.0,66.48165277980786,467.61002326763435,151.5787222419113,154.94449583394237,35,0
2024-11-08,A,Premium_Kopfhoerer,0.7659112446787673,150.0,62.38124523482045,711.7274951500108,148.7968546351849,153.71437357044613,50,0
2024-11-09,A,Premium_Kopfhoerer,0.7691755519348186,150.0,62.20264454000958,151.01238894925186,168.75675373450713,153.66079336200286,50,0
2024-11-10,A,Premium_Kopfhoerer,0.7725082574564313,150.0,69.58218210731494,131.20543380345975,142.08270382651054,155.87465463219448,14,0
2024-11-11,A,Premium_Kopfhoerer,0.7759083736910335,150.0,50.31505762449139,452.7195066495181,147.34735680324746,150.09451728734743,31,0
2024-11-12,A,Premium_Kopfhoerer,0.7793748931108042,150.0,60.22929456942446,727.4473229241825,140.75676570627,153.06878837082735,43,0
2024-11-13,A,Premium_Kopfhoerer,0.7829067885112263,150.0,45.34599865109816,274.0918086608343,157.14346477902126,148.60379959532943,44,0
2024-11-14,A,Premium_Kopfhoerer,0.7865030133154675,150.0,54.86249528732663,677.3540331306265,162.6689170023876,151.458748586198,53,0
2024-11-15,A,Premium_Kopfhoerer,0.7901625018845059,150.0,48.047854184484734,333.8453241462695,162.5244208605348,149.4143562553454,48,0
2024-11-16,A,Premium_Kopfhoerer,0.7938841698328998,150.0,51.45493947489077,897.4774979321647,159.17961564859505,150.43648184246723,56,0
2024-11-17,A,Premium_Kopfhoerer,0.7976669143501163,150.0,58.9273553815537,906.1209498399548,148.51784649153026,152.67820661446612,41,0
2024-11-18,A,Premium_Kopfhoerer,0.8015096145273163,150.0,37.726689751497915,367.5584838531938,147.26069266882615,146.31800692544937,48,0
2024-11-19,A,Premium_Kopfhoerer,0.8054111316895054,150.0,81.3858091352819,306.99437856691645,137.46622670629452,159.41574274058456,49,0
2024-11-20,A,Premium_Kopfhoerer,0.8093703097329468,150.0,34.90973927750447,470.17357485960815,165.26905151386345,145.47292178325134,78,0
2024-11-21,A,Premium_Kopfhoerer,0.8133859754677396,150.0,31.78717080818402,316.47842666213387,153.51733558611352,144.53615124245522,55,0
2024-11-22,A,Premium_Kopfhoerer,0.8174569389654621,150.0,67.37166310250102,705.1454589625333,146.31032321347888,155.2114989307503,28,0
2024-11-23,A,Premium_Kopfhoerer,0.8215819939117708,150.0,61.87494040944404,843.4582160934569,159.96042666740223,153.56248212283322,55,0
2024-11-24,A,Premium_Kopfhoerer,0.8257599179638596,150.0,59.36179725578233,705.7829178200953,142.7042661243,152.8085391767347,51,0
2024-11-25,A,Premium_Kopfhoerer,0.8299894731126645,150.0,59.4251826389642,841.9154025244145,153.04966525667004,152.82755479168927,48,0
2024-11-26,A,Premium_Kopfhoerer,0.8342694060497139,150.0,49.81629840729628,457.2929459867267,148.70528149281876,149.94488952218887,56,0
2024-11-27,A,Premium_Kopfhoerer,0.8385984485385103,150.0,36.54118442771253,240.68527363797477,154.79007854910225,145.96235532831375,59,0
2024-11-28,A,Premium_Kopfhoerer,0.842975317790335,150.0,51.137068372905894,764.155852657833,149.5231984561041,150.34112051187176,62,0
2024-11-29,A,Premium_Kopfhoerer,0.8473987168443687,150.0,39.842574327318324,424.4270546273985,139.11804081666583,146.9527722981955,45,0
2024-11-30,A,Premium_Kopfhoerer,0.8518673349520067,150.0,64.62679600126627,704.1437427062192,150.5668227950253,154.3880388003799,53,0
2024-12-01,A,Premium_Kopfhoerer,0.8563798479652636,150.0,47.79413927746792,343.5795477835891,157.86648106406523,149.33824178324036,56,0
2024-12-02,A,Premium_Kopfhoerer,0.8609349187291446,150.0,37.61754204811233,173.1066713260054,149.7808769560951,146.2852626144337,62,0
2024-12-03,A,Premium_Kopfhoerer,0.8655311974778768,150.0,45.1792123752051,993.323615938987,155.81336341191815,148.55376371256153,72,0
2024-12-04,A,Premium_Kopfhoerer,0.8701673222348705,150.0,56.193971814134365,240.58135713753936,142.1585288574446,151.8581915442403,47,0
2024-12-05,A,Premium_Kopfhoerer,0.8748419192163049,150.0,41.54413170794037,989.5788945671329,149.8030440504761,147.4632395123821,61,0
2024-12-06,A,Premium_Kopfhoerer,0.8795536032382079,150.0,37.66669406650353,979.5519393098026,145.31617158683565,146.30000821995105,73,0
2024-12-07,A,Premium_Kopfhoerer,0.8843009781269178,150.0,53.65530817237868,814.4362935172356,155.60235630078535,151.0965924517136,60,0
2024-12-08,A,Premium_Kopfhoerer,0.889082637132798,150.0,53.674498566630845,693.4806658737979,150.23618671696497,151.10234956998926,63,0
2024-12-09,A,Premium_Kopfhoerer,0.8938971633470884,150.0,42.39585236943305,620.0263452259762,155.1755525725246,147.71875571082992,60,0
2024-12-10,A,Premium_Kopfhoerer,0.898743130121766,150.0,42.93442541572516,879.4913908400512,158.15782819618397,147.88032762471755,71,0
2024-12-11,A,Premium_Kopfhoerer,0.9036191014922904,150.0,53.480749060364545,360.49556945753915,155.18713931341043,151.04422471810938,50,0
2024-12-12,A,Premium_Kopfhoerer,0.9085236326031132,150.0,28.27873487754014,520.9130912363894,152.0483882572023,143.48362046326204,62,0
2024-12-13,A,Premium_Kopfhoerer,0.9134552701358171,150.0,28.888043384351672,657.4509724298517,142.51340806116445,143.6664130153055,64,0
2024-12-14,A,Premium_Kopfhoerer,0.9184125527397684,150.0,39.22333668121346,470.071428282542,149.97910416999824,146.76700100436403,59,0
2024-12-15,A,Premium_Kopfhoerer,0.9233940114651435,150.0,46.798292724322295,484.7378086812412,146.00182198488125,149.03948781729667,65,0
2024-12-16,A,Premium_Kopfhoerer,0.928398170198215,150.0,54.66361348397007,397.25620075187595,147.41952032471832,151.39908404519102,67,0
2024-12-17,A,Premium_Kopfhoerer,0.93342354609875,150.0,72.13034325424329,607.8086350160825,147.1909938693731,156.639102976273,72,0
2024-12-18,A,Premium_Kopfhoerer,0.9384686500394143,150.0,62.86489434803029,865.5170752136044,142.65055818913316,153.8594683044091,47,0
2024-12-19,A,Premium_Kopfhoerer,0.9435319870470268,150.0,47.60092205054859,281.37554020568155,135.31996058149508,149.28027661516458,54,0
2024-12-20,A,Premium_Kopfhoerer,0.9486120567455567,150.0,49.71475688145967,940.9897348780972,144.98892713754174,149.9144270644379,58,0
2024-12-21,A,Premium_Kopfhoerer,0.9537073538007157,150.0,34.96205953043287,720.1788883734067,151.4503458894312,145.48861785912987,55,0
2024-12-22,A,Premium_Kopfhoerer,0.9588163683660205,150.0,49.72230296011415,840.9458914120272,139.88867215929383,149.91669088803425,58,0
2024-12-23,A,Premium_Kopfhoerer,0.9639375865301942,150.0,45.67012041619793,600.5716233670105,150.11761677353718,148.70103612485937,73,0
2024-12-24,A,Premium_Kopfhoerer,0.9690694907657693,150.0,54.84077840507134,801.5650312816572,164.25201318233223,151.4522335215214,89,0
2024-12-25,A,Premium_Kopfhoerer,0.974210560378766,150.0,37.59153584671515,114.58035760552049,157.6729241643918,146.27746075401456,70,0
2024-12-26,A,Premium_Kopfhoerer,0.9793592719593038,150.0,57.79019771361759,836.5423823015817,162.32656131840398,152.33705931408528,73,0
2024-12-27,A,Premium_Kopfhoerer,0.9845140998330237,150.0,72.99108369503867,136.12497317682985,152.93345907699546,156.8973251085116,66,0
2024-12-28,A,Premium_Kopfhoerer,0.9896735165131763,150.0,48.36859777314714,900.9220387265763,158.75632367239837,149.51057933194414,60,0
2024-12-29,A,Premium_Kopfhoerer,0.9948359931532494,150.0,56.02567583148412,992.766472514779,144.5702645214916,151.80770274944524,57,0
2024-12-30,A,Premium_Kopfhoerer,1.0000000000000002,150.0,60.352159875666686,364.66071595910006,145.16744799733513,153.1056479627,54,0
2024-12-31,A,Premium_Kopfhoerer,1.0051640068467502,150.0,43.98169292171246,289.2867006572143,129.45644845396896,148.19450787651374,41,0
2025-01-01,A,Premium_Kopfhoerer,1.0051640068467504,150.0,53.36138722715625,788.8270274722366,158.89609105531724,151.00841616814688,60,0
2025-01-02,A,Premium_Kopfhoerer,1.0103264834868237,150.0,50.18888601172692,327.7237068282279,161.55242984864915,150.0566658035181,74,0
2025-01-03,A,Premium_Kopfhoerer,1.015485900166976,150.0,51.465141478232475,879.0061448549831,145.85117065989547,150.43954244346975,65,0
2025-01-04,A,Premium_Kopfhoerer,1.020640728040696,150.0,38.404853242168,192.55833294172905,148.09536220202074,146.52145597265041,51,0
2025-01-05,A,Premium_Kopfhoerer,1.025789439621234,150.0,50.36765261388414,213.35967674142242,144.3460341473178,150.11029578416523,54,0
2025-01-06,A,Premium_Kopfhoerer,1.0309305092342305,150.0,57.46997436868174,981.236399590554,152.86990163608118,152.24099231060453,76,0
2025-01-07,A,Premium_Kopfhoerer,1.0360624134698058,150.0,71.76715411692562,706.4550084430042,158.43699408977432,156.5301462350777,75,0
2025-01-08,A,Premium_Kopfhoerer,1.0411836316339795,150.0,64.3890623912781,862.1985019860575,136.92921019589218,154.31671871738342,58,0
2025-01-09,A,Premium_Kopfhoerer,1.0462926461992843,150.0,82.29773686267335,391.8964396163662,153.0707889798169,159.689321058802,80,0
2025-01-10,A,Premium_Kopfhoerer,1.0513879432544433,150.0,38.489786556679256,708.835374568544,147.9249617121064,146.54693596700378,72,0
2025-01-11,A,Premium_Kopfhoerer,1.0564680129529733,150.0,63.08480955081017,634.8176445777375,150.85045793975016,153.92544286524304,60,0
2025-01-12,A,Premium_Kopfhoerer,1.0615313499605858,150.0,52.75013008607527,642.8351081106523,153.44245501255716,150.82503902582258,53,0
2025-01-13,A,Premium_Kopfhoerer,1.0665764539012497,150.0,82.84704399826508,714.2792135839494,148.58848170920385,159.8541131994795,73,0
2025-01-14,A,Premium_Kopfhoerer,1.071601829801785,150.0,37.87552571967273,617.8232558161887,149.22309859945665,146.36265771590183,69,0
2025-01-15,A,Premium_Kopfhoerer,1.076605988534856,150.0,37.40417236728836,486.1561323723993,148.3959362433402,146.22125171018652,81,0
2025-01-16,A,Premium_Kopfhoerer,1.0815874472602316,150.0,41.009110318339665,348.33042494249213,157.2773715134121,147.3027330955019,61,0
2025-01-17,A,Premium_Kopfhoerer,1.0865447298641826,150.0,18.141564135352898,791.7231978218819,153.14069970095622,140.44246924060587,87,0
2025-01-18,A,Premium_Kopfhoerer,1.0914763673968868,150.0,42.113674674788584,303.6451870028676,151.6543765330302,147.63410240243658,68,0
2025-01-19,A,Premium_Kopfhoerer,1.0963808985077093,150.0,38.61301007669453,723.1188755389728,140.46786209180786,146.58390302300836,71,0
2025-01-20,A,Premium_Kopfhoerer,1.101256869878234,150.0,52.25590679714311,309.999540384394,147.16065192590133,150.67677203914295,54,0
2025-01-21,A,Premium_Kopfhoerer,1.1061028366529115,150.0,55.12633963665739,662.7971529590085,156.7400187025438,151.5379018909972,64,0
2025-01-22,A,Premium_Kopfhoerer,1.110917362867202,150.0,78.14256258823829,772.370440416126,150.28272429842943,158.4427687764715,74,0
2025-01-23,A,Premium_Kopfhoerer,1.1156990218730822,150.0,64.25635757279075,296.84250001588526,154.94648602191853,154.27690727183722,59,0
2025-01-24,A,Premium_Kopfhoerer,1.120446396761792,150.0,41.346445165063955,153.94897077517746,163.24883850245726,147.4039335495192,65,0
2025-01-25,A,Premium_Kopfhoerer,1.125158080783695,150.0,36.52377992977463,217.87636869475668,157.7895455190661,145.9571339789324,74,0
2025-01-26,A,Premium_Kopfhoerer,1.1298326777651293,150.0,57.37878757259759,645.3972705439229,150.69868753274807,152.21363627177928,65,0
2025-01-27,A,Premium_Kopfhoerer,1.1344688025221232,150.0,30.196501894690368,864.501765603162,146.16758122353204,144.0589505684071,101,0
2025-01-28,A,Premium_Kopfhoerer,1.1390650812708554,150.0,77.47188148781531,140.49713911188192,130.84837802958077,158.2415644463446,47,0
2025-01-29,A,Premium_Kopfhoerer,1.1436201520347364,150.0,67.69160181081931,760.7361331374816,148.7371130814536,155.3074805432458,68,0
2025-01-30,A,Premium_Kopfhoerer,1.148132665047993,150.0,42.962365218429426,407.1867813550469,147.55490628137363,147.8887095655288,76,0
2025-01-31,A,Premium_Kopfhoerer,1.1526012831556314,150.0,24.302982063636833,530.6755329275703,152.92774645796533,142.29089461909106,110,0
2025-02-01,A,Premium_Kopfhoerer,1.157024682209665,150.0,70.3080856124812,935.973594861009,148.84571079768986,156.09242568374435,82,0
2025-02-02,A,Premium_Kopfhoerer,1.16140155146149,150.0,48.28190232121073,398.77435426226094,147.59711205422406,149.48457069636322,70,0
2025-02-03,A,Premium_Kopfhoerer,1.1657305939502858,150.0,68.56724467960193,518.8032405455374,136.65450802119585,155.57017340388057,45,0
2025-02-04,A,Premium_Kopfhoerer,1.1700105268873353,150.0,26.083585118084493,112.31417328461299,142.9502412813745,142.82507553542536,57,0
2025-02-05,A,Premium_Kopfhoerer,1.1742400820361403,150.0,41.00937465569341,173.43884800435453,153.57488280600415,147.30281239670802,76,0
2025-02-06,A,Premium_Kopfhoerer,1.178418006088229,150.0,50.07865549577275,332.7324320213056,162.86930723349522,150.02359664873183,71,0
2025-02-07,A,Premium_Kopfhoerer,1.1825430610345378,150.0,50.70470890647113,125.06701673896697,149.26855962190783,150.21141267194133,78,0
2025-02-08,A,Premium_Kopfhoerer,1.1866140245322603,150.0,43.249017927811344,668.2377934434259,152.45858305180593,147.9747053783434,96,0
2025-02-09,A,Premium_Kopfhoerer,1.1906296902670532,150.0,59.34274898521248,483.75852112146026,157.14358617714606,152.80282469556374,92,0
2025-02-10,A,Premium_Kopfhoerer,1.1945888683104944,150.0,33.98569355926109,593.3306824552199,143.91829547849812,145.19570806777833,80,0
2025-02-11,A,Premium_Kopfhoerer,1.1984903854726836,150.0,47.8643077246806,257.1824673066966,152.7511053246408,149.35929231740417,72,0
2025-02-12,A,Premium_Kopfhoerer,1.2023330856498837,150.0,51.804434475678484,366.3388264929545,144.4463242025088,150.54133034270353,67,0
2025-02-13,A,Premium_Kopfhoerer,1.2061158301671,150.0,57.71658251088124,697.4420273674526,156.48618328868258,152.31497475326438,57,0
2025-02-14,A,Premium_Kopfhoerer,1.209837498115494,150.0,60.674223171333345,968.7724512673599,151.135522859638,153.2022669514,76,0
2025-02-15,A,Premium_Kopfhoerer,1.2134969866845324,150.0,33.130368622431966,145.37509624198827,152.2383886048608,144.93911058672958,75,0
2025-02-16,A,Premium_Kopfhoerer,1.2170932114887738,150.0,26.988287438965667,901.3458887697395,144.13051051936057,143.0964862316897,92,0
2025-02-17,A,Premium_Kopfhoerer,1.2206251068891956,150.0,69.16515232847763,619.1930811800876,155.3027426970809,155.7495456985433,72,0
2025-02-18,A,Premium_Kopfhoerer,1.2240916263089665,150.0,54.98471017969388,607.5276100800613,165.63534690923262,151.49541305390815,110,0
2025-02-19,A,Premium_Kopfhoerer,1.2274917425435687,150.0,38.7727019516517,550.2506816869843,142.44066228428846,146.63181058549551,84,0
2025-02-20,A,Premium_Kopfhoerer,1.2308244480651813,150.0,73.26727963283784,162.45467731376505,147.45180744264357,156.98018388985136,59,0
2025-02-21,A,Premium_Kopfhoerer,1.2340887553212325,150.0,51.73511951439288,180.8891665625446,151.73705605626068,150.52053585431787,64,0
2025-02-22,A,Premium_Kopfhoerer,1.2372836970270331,150.0,67.6894577609574,640.8208050931775,155.89804658996863,155.30683732828723,92,0
2025-02-23,A,Premium_Kopfhoerer,1.2404083264524028,150.0,51.01277722115164,406.86271429200247,145.803402860329,150.3038331663455,73,0
2025-02-24,A,Premium_Kopfhoerer,1.2434617177022083,150.0,80.91121887322981,925.5412599199126,128.75227282392945,159.27336566196894,71,0
2025-02-25,A,Premium_Kopfhoerer,1.2464429659907243,150.0,76.33011263664807,465.931483623525,160.1939212062302,157.89903379099442,99,0
2025-02-26,A,Premium_Kopfhoerer,1.2493511879097423,150.0,46.2655377728139,228.95331283237698,155.70379589688105,148.87966133184418,67,0
2025-02-27,A,Premium_Kopfhoerer,1.2521855216903435,150.0,64.57356426431534,743.2469501518324,136.92789352135,154.3720692792946,81,0
2025-02-28,A,Premium_Kopfhoerer,1.2549451274582584,150.0,59.680639243777215,364.01807929690887,145.44323406165333,152.90419177313316,64,0
2025-03-01,A,Premium_Kopfhoerer,1.2576291874827408,150.0,70.52947336298523,572.9232766203039,161.76136822145494,156.15884200889556,118,0
2025-03-02,A,Premium_Kopfhoerer,1.260236906418879,150.0,35.52614809129843,728.049506954653,160.858473138434,145.65784442738953,115,0
2025-03-03,A,Premium_Kopfhoerer,1.2627675115432728,150.0,60.29077189997659,910.2377000818634,157.03980017009206,153.08723156999298,98,0
2025-03-04,A,Premium_Kopfhoerer,1.265220252983009,150.0,65.87636730274382,812.9720753215084,148.67915674530101,154.76291019082313,64,0
2025-03-05,A,Premium_Kopfhoerer,1.2675944039378646,150.0,23.618907703653285,708.7249610854517,150.62240564109382,142.08567231109598,98,0
2025-03-06,A,Premium_Kopfhoerer,1.2698892608956729,150.0,32.25112231001337,711.6698641556293,149.01805646155404,144.675336693004,108,0
2025-03-07,A,Premium_Kopfhoerer,1.2721041438407907,150.0,19.411517333598493,951.3321796288778,158.46179837451626,140.82345520007954,119,0
2025-03-08,A,Premium_Kopfhoerer,1.2742383964556,150.0,45.95889748333163,366.24168774688246,143.43118195128667,148.78766924499948,70,0
2025-03-09,A,Premium_Kopfhoerer,1.2762913863149903,150.0,60.76313383693943,101.00088477656867,143.95650258836847,153.22894015108182,48,0
2025-03-10,A,Premium_Kopfhoerer,1.278262505073759,150.0,72.53535578144042,344.75910345837883,157.5770594012701,156.76060673443212,115,0
2025-03-11,A,Premium_Kopfhoerer,1.2801511686468776,150.0,51.111421706296625,296.1022416640696,149.6672890836633,150.333426511889,63,0
2025-03-12,A,Premium_Kopfhoerer,1.2819568173825686,150.0,74.42923318356938,695.6511266025983,160.33850516590354,157.3287699550708,104,0
2025-03-13,A,Premium_Kopfhoerer,1.2836789162281428,150.0,29.29847812677663,670.3404397889761,144.9636584476459,143.78954343803298,87,0
2025-03-14,A,Premium_Kopfhoerer,1.285316954888546,150.0,24.44926340967268,634.1152444342514,149.5891622974588,142.3347790229018,112,0
2025-03-15,A,Premium_Kopfhoerer,1.2868704479775717,150.0,49.16678451655072,114.61909888850833,143.08190261367034,149.7500353549652,63,0
2025-03-16,A,Premium_Kopfhoerer,1.2883389351616903,150.0,55.76098173408961,755.9002490055827,150.05522011067674,151.72829452022688,89,0
2025-03-17,A,Premium_Kopfhoerer,1.2897219812964564,150.0,49.509578778588605,391.17737123694235,138.91089797250902,149.8528736335766,76,0
2025-03-18,A,Premium_Kopfhoerer,1.2910191765554522,150.0,18.98836849940185,698.550390105968,146.34274934283778,140.69651054982054,97,0
2025-03-19,A,Premium_Kopfhoerer,1.2922301365517261,150.0,48.66319940730818,600.920585651938,139.2280960130391,149.59895982219246,73,0
2025-03-20,A,Premium_Kopfhoerer,1.293354502451697,150.0,30.432957492427203,408.45783288511643,155.20442424893443,144.12988724772816,92,0
2025-03-21,A,Premium_Kopfhoerer,1.2943919410814828,150.0,60.045088232450574,221.11864039369698,155.37442004819738,153.01352646973518,84,0
2025-03-22,A,Premium_Kopfhoerer,1.2953421450256277,150.0,55.498973691452726,184.97700789443286,137.02302952136742,151.6496921074358,64,0
2025-03-23,A,Premium_Kopfhoerer,1.2962048327181959,150.0,35.90180320508967,848.3664998010012,160.0041430912543,145.7705409615269,126,0
2025-03-24,A,Premium_Kopfhoerer,1.2969797485262058,150.0,42.2919962399496,926.5577878734022,168.73061344814892,147.68759887198487,120,0
2025-03-25,A,Premium_Kopfhoerer,1.2976666628253797,150.0,34.11179717166573,684.8092420878696,150.34504790052253,145.2335391514997,88,0
2025-03-26,A,Premium_Kopfhoerer,1.2982653720681856,150.0,49.059813540902425,193.09070337443504,145.19164304831517,149.71794406227073,64,0
2025-03-27,A,Premium_Kopfhoerer,1.2987756988441537,150.0,64.32713480751858,461.8244951994167,171.18247943252285,154.29814044225557,90,0
2025-03-28,A,Premium_Kopfhoerer,1.2991974919324467,150.0,35.21410930496685,756.0452800946415,140.10773626273118,145.56423279149004,81,0
2025-03-29,A,Premium_Kopfhoerer,1.2995306263466693,150.0,57.560697732767665,801.8387956090613,150.1507985015182,152.2682093198303,86,0
2025-03-30,A,Premium_Kopfhoerer,1.299775003371905,150.0,42.04613572441339,206.39676006197973,151.34716704473945,147.61384071732402,83,0
2025-03-31,A,Premium_Kopfhoerer,1.2999305505939671,150.0,38.10690751606484,100.02764696084418,160.0886071533931,146.43207225481945,80,0
2025-04-01,A,Premium_Kopfhoerer,1.299997221920857,150.0,48.394544600681634,740.9233412925445,152.6980423134509,149.51836338020448,84,0
2025-04-02,A,Premium_Kopfhoerer,1.2999749975964214,150.0,34.471365163709386,420.9365583875851,146.2602457815866,145.34140954911283,75,0
2025-04-03,A,Premium_Kopfhoerer,1.2998638842062071,150.0,41.69526041979227,329.0331984564342,142.86611722209034,147.50857812593767,87,0
2025-04-04,A,Premium_Kopfhoerer,1.29966391467551,150.0,32.03183161116727,111.6077228105729,147.436336348154,144.60954948335018,79,0
2025-04-05,A,Premium_Kopfhoerer,1.2993751482596176,150.0,79.47087699374583,586.2694660853497,142.44804479291142,158.84126309812376,76,0
2025-04-06,A,Premium_Kopfhoerer,1.298997670526251,150.0,50.52895327957593,866.0356618833836,150.35868989838514,150.15868598387277,88,0
2025-04-07,A,Premium_Kopfhoerer,1.2985315933302093,150.0,39.50411738011122,961.8684816453291,145.76852865104635,146.85123521403335,80,0
2025-04-08,A,Premium_Kopfhoerer,1.2979770547802243,150.0,53.20969866101333,609.1704555519603,138.79471655032688,150.962909598304,57,0
2025-04-09,A,Premium_Kopfhoerer,1.2973342191980364,150.0,48.31507925463755,563.0151949659047,159.41359341281176,149.49452377639128,89,0
2025-04-10,A,Premium_Kopfhoerer,1.296603277069702,150.0,46.68545600700166,176.550746940317,146.2674560742822,149.0056368021005,81,0
2025-04-11,A,Premium_Kopfhoerer,1.2957844449891491,150.0,59.21250050065138,593.9855213883397,140.48897396268515,152.76375015019542,76,0
2025-04-12,A,Premium_Kopfhoerer,1.2948779655939946,150.0,61.36261565070958,441.98117106885513,148.73805649134346,153.4087846952129,76,0
2025-04-13,A,Premium_Kopfhoerer,1.2938841074936471,150.0,42.04248278584209,646.4217527952193,150.51278674475742,147.61274483575264,109,0
2025-04-14,A,Premium_Kopfhoerer,1.2928031651897105,150.0,41.3627263903298,449.85371308889205,136.90149955815724,147.40881791709893,83,0
2025-04-15,A,Premium_Kopfhoerer,1.2916354589887185,150.0,45.87422454272534,316.2692111053301,152.48735750344323,148.7622673628176,65,0
2025-04-16,A,Premium_Kopfhoerer,1.2903813349072193,150.0,15.471182528966228,185.46874770553885,142.146318234823,139.64135475868986,74,0
2025-04-17,A,Premium_Kopfhoerer,1.2890411645692446,150.0,27.27213406702172,383.42660013000614,162.83271606893092,143.18164022010652,115,0
2025-04-18,A,Premium_Kopfhoerer,1.287615345096189,150.0,70.50311401166786,186.98035085897706,153.9297038405755,156.15093420350036,83,0
2025-04-19,A,Premium_Kopfhoerer,1.2861042989891338,150.0,74.67451570251926,259.2072557415855,147.00075007418013,157.4023547107558,93,0
2025-04-20,A,Premium_Kopfhoerer,1.2845084740036514,150.0,46.264459406654325,988.6025427215914,144.41124172261988,148.8793378219963,80,0
2025-04-21,A,Premium_Kopfhoerer,1.2828283430171261,150.0,58.648354445836496,499.6932012159568,149.21274219327282,152.59450633375096,66,0
2025-04-22,A,Premium_Kopfhoerer,1.2810644038886294,150.0,54.66875231815304,578.6845898545149,154.5959305618747,151.4006256954459,82,0
2025-04-23,A,Premium_Kopfhoerer,1.2792171793113938,150.0,96.18321212682856,886.2566758634938,149.80879403561102,163.85496363804856,99,0
2025-04-24,A,Premium_Kopfhoerer,1.2772872166579279,150.0,66.79362367151865,996.012010441619,148.37130894647356,155.0380871014556,67,0
2025-04-25,A,Premium_Kopfhoerer,1.275275087817818,150.0,48.0812361277885,624.4430044102133,150.4377771811342,149.42437083833656,82,0
2025-04-26,A,Premium_Kopfhoerer,1.2731813890282648,150.0,35.666893390993614,831.2264389397545,145.47105801572283,145.7000680172981,107,0
2025-04-27,A,Premium_Kopfhoerer,1.2710067406974053,150.0,25.90330519613641,394.2469219030077,147.42595554867722,142.77099155884093,82,0
2025-04-28,A,Premium_Kopfhoerer,1.2687517872204728,150.0,53.051954538008346,375.169561702562,134.35655670821248,150.91558636140252,65,0
2025-04-29,A,Premium_Kopfhoerer,1.266417196788848,150.0,38.65473882073545,462.4333488951042,157.30294673139275,146.59642164622065,96,0
2025-04-30,A,Premium_Kopfhoerer,1.2640036611920606,150.0,28.666194356034886,705.2565364062842,152.24098335241322,143.59985830681046,88,0
2025-05-01,A,Premium_Kopfhoerer,1.2615118956127964,150.0,40.3014067363621,713.9725203295889,144.19908116974926,147.09042202090862,76,0
2025-05-02,A,Premium_Kopfhoerer,1.2589426384149733,150.0,33.77677994578407,383.7154911845057,164.2405123601643,145.13303398373523,78,0
2025-05-03,A,Premium_Kopfhoerer,1.256296650924948,150.0,75.30712452608847,219.88893172296582,150.6526236029429,157.59213735782654,84,0
2025-05-04,A,Premium_Kopfhoerer,1.253574717205919,150.0,63.224596354241754,669.1566308189578,142.22892321018603,153.96737890627253,70,0
2025-05-05,A,Premium_Kopfhoerer,1.250777643825591,150.0,49.88041038025074,215.49327596988806,156.42553066102843,149.96412311407522,67,0
2025-05-06,A,Premium_Kopfhoerer,1.2479062596171728,150.0,72.19916208335039,620.6432574063971,152.98536162381947,156.6597486250051,100,0
2025-05-07,A,Premium_Kopfhoerer,1.244961415433775,150.0,51.16052461471428,724.0799152506781,152.95934989113164,150.3481573844143,85,0
2025-05-08,A,Premium_Kopfhoerer,1.2419439838962834,150.0,37.08073698007605,730.5503467550064,146.80683296511307,146.1242210940228,78,0
2025-05-09,A,Premium_Kopfhoerer,1.2388548591347848,150.0,72.84686115904486,778.1248995936371,153.37871792833525,156.85405834771345,95,0
2025-05-10,A,Premium_Kopfhoerer,1.2356949565236144,150.0,58.08365065526988,885.5734794090981,148.0368128233418,152.42509519658097,84,0
2025-05-11,A,Premium_Kopfhoerer,1.232465212410112,150.0,34.441307685103155,549.9630927683096,154.1695608873438,145.33239230553096,111,0
2025-05-12,A,Premium_Kopfhoerer,1.2291665838371628,150.0,47.14491982874588,757.2242705766141,135.71291659492022,149.14347594862377,70,0
2025-05-13,A,Premium_Kopfhoerer,1.2258000482596025,150.0,36.86572619922864,657.255461829253,146.74594902765608,146.0597178597686,87,0
2025-05-14,A,Premium_Kopfhoerer,1.2223666032545788,150.0,29.258004035534956,267.9759458179143,162.91616323356146,143.77740121066049,71,0
2025-05-15,A,Premium_Kopfhoerer,1.2188672662259463,150.0,63.89266321297462,123.12068038246736,144.24699408449774,154.16779896389238,45,0
2025-05-16,A,Premium_Kopfhoerer,1.2153030741027886,150.0,78.64124960705196,356.08724710924037,145.4712127688011,158.5923748821156,81,0
2025-05-17,A,Premium_Kopfhoerer,1.2116750830321534,150.0,29.02148639271288,498.73033570385746,146.64028996162517,143.70644591781385,87,0
2025-05-18,A,Premium_Kopfhoerer,1.2079843680660933,150.0,58.444538550358565,655.3953499857906,140.88895398083517,152.53336156510758,78,0
2025-05-19,A,Premium_Kopfhoerer,1.204232022843105,150.0,40.24036146317259,864.9633974528848,133.4378941782881,147.07210843895177,70,0
2025-05-20,A,Premium_Kopfhoerer,1.20041915926406,150.0,42.69311924352956,276.6211450355491,148.2706020110729,147.80793577305886,81,0
2025-05-21,A,Premium_Kopfhoerer,1.1965469071627255,150.0,41.11409113641696,212.99481090862938,151.01894568061243,147.33422734092508,76,0
2025-05-22,A,Premium_Kopfhoerer,1.1926164139709692,150.0,37.04013845480276,967.1319527268947,149.6062119859601,146.1120415364408,87,0
2025-05-23,A,Premium_Kopfhoerer,1.1886288443787503,150.0,50.72782441917241,197.2401034387664,148.91341078539085,150.21834732575172,67,0
2025-05-24,A,Premium_Kopfhoerer,1.1845853799889983,150.0,37.535748253834434,530.6419630964702,150.3228065313779,146.26072447615033,88,0
2025-05-25,A,Premium_Kopfhoerer,1.1804872189674769,150.0,54.056852386697585,627.0073559139717,157.67131103663075,151.21705571600927,71,0
2025-05-26,A,Premium_Kopfhoerer,1.176335575687742,150.0,49.246428358262946,587.2369788166944,148.57165360553088,149.77392850747887,76,0
2025-05-27,A,Premium_Kopfhoerer,1.1721316803712973,150.0,46.41577929700385,177.4289413296489,145.6943806718455,148.92473378910117,49,0
2025-05-28,A,Premium_Kopfhoerer,1.1678767787230528,150.0,36.386545069376034,151.32422260325743,147.89155886333936,145.91596352081282,65,0
2025-05-29,A,Premium_Kopfhoerer,1.1635721315621952,150.0,41.34843004147501,194.93508471493212,154.34510069817583,147.4045290124425,95,0
2025-05-30,A,Premium_Kopfhoerer,1.1592190144485799,150.0,61.33086838738634,627.0289154853513,160.59020158907435,153.3992605162159,89,0
2025-05-31,A,Premium_Kopfhoerer,1.154818717304756,150.0,57.51375781436571,589.910398870889,145.28892195623118,152.25412734430972,64,0
2025-06-01,A,Premium_Kopfhoerer,1.1503725440337327,150.0,35.33667132802174,310.3667128330698,150.74200340271665,145.6010013984065,89,0
2025-06-02,A,Premium_Kopfhoerer,1.145881812132607,150.0,51.489984581438385,673.9967276610324,152.5376808145197,150.4469953744315,78,0
2025-06-03,A,Premium_Kopfhoerer,1.1413478523021592,150.0,61.27080685057683,838.0607518500844,142.55566494953382,153.38124205517306,74,0
2025-06-04,A,Premium_Kopfhoerer,1.1367720080525376,150.0,24.958920783179423,137.42106386193439,150.15312875409688,142.48767623495382,77,0
2025-06-05,A,Premium_Kopfhoerer,1.1321556353051485,150.0,58.15040288569902,548.3169491932382,139.00744606993428,152.4451208657097,59,0
2025-06-06,A,Premium_Kopfhoerer,1.1275001019908664,150.0,40.0606436158123,720.3793708924212,136.7321227219545,147.0181930847437,70,0
2025-06-07,A,Premium_Kopfhoerer,1.1228067876446863,150.0,58.55898002889739,327.0807343627184,152.75059805919193,152.5676940086692,63,0
2025-06-08,A,Premium_Kopfhoerer,1.11807708299694,150.0,38.55111265186225,376.99381476383417,147.12093944001913,146.56533379555867,62,0
2025-06-09,A,Premium_Kopfhoerer,1.1133123895611894,150.0,22.926768490032213,652.2741126904455,151.51710305715915,141.87803054700967,101,0
2025-06-10,A,Premium_Kopfhoerer,1.1085141192189303,150.0,25.586863431752562,908.1417640993632,149.86578767243736,142.67605902952576,95,0
2025-06-11,A,Premium_Kopfhoerer,1.10368369380122,150.0,50.72127419992073,828.9319782726094,142.67699963502153,150.21638225997623,57,0
2025-06-12,A,Premium_Kopfhoerer,1.0988225446673592,150.0,53.89583752582223,624.8171971896252,149.66059273526747,151.16875125774666,66,0
2025-06-13,A,Premium_Kopfhoerer,1.0939321122807482,150.0,36.43525062343387,757.1995459815242,140.7517402123886,145.93057518703017,85,0
2025-06-14,A,Premium_Kopfhoerer,1.0890138457820473,150.0,59.57888688166061,428.3402231870188,160.43229268501048,152.8736660644982,76,0
2025-06-15,A,Premium_Kopfhoerer,1.0840692025597647,150.0,25.0771990659656,676.868975288882,139.83022241355027,142.52315971978967,65,0
2025-06-16,A,Premium_Kopfhoerer,1.079099647818402,150.0,49.00880302029025,519.5634320148013,148.53161046773565,149.70264090608708,61,0
2025-06-17,A,Premium_Kopfhoerer,1.0741066541442807,150.0,31.834757003563155,270.9425228118048,142.18296308964565,144.55042710106895,51,0
2025-06-18,A,Premium_Kopfhoerer,1.0690917010691836,150.0,40.22245838296761,731.5644464895314,154.27815880020597,147.0667375148903,88,0
2025-06-19,A,Premium_Kopfhoerer,1.0640562746319389,150.0,50.71098006974621,600.8181736139398,147.51426471538872,150.21329402092385,70,0
2025-06-20,A,Premium_Kopfhoerer,1.059001866938073,150.0,37.09379952074072,422.75942375823223,146.10999960284093,146.12813985622222,56,0
2025-06-21,A,Premium_Kopfhoerer,1.0539299757176688,150.0,44.23166683655262,920.2052710707677,156.39901158788666,148.26950005096577,93,0
2025-06-22,A,Premium_Kopfhoerer,1.0488421038815552,150.0,65.0943921382166,118.84070604405994,150.22072943758164,154.52831764146498,47,0
2025-06-23,A,Premium_Kopfhoerer,1.0437397590759625,150.0,41.34662195715277,384.1958361245464,153.87483334451974,147.40398658714582,67,0
2025-06-24,A,Premium_Kopfhoerer,1.0386244532357745,150.0,62.535381680977125,151.1932579998819,142.64005547611902,153.76061450429313,50,0
2025-06-25,A,Premium_Kopfhoerer,1.0334977021365086,150.0,33.05439718013573,789.8745845994645,139.4638729205437,144.9163191540407,70,0
2025-06-26,A,Premium_Kopfhoerer,1.0283610249451598,150.0,57.947062668729245,731.8967087024133,150.804059715301,152.38411880061878,60,0
2025-06-27,A,Premium_Kopfhoerer,1.023215943770039,150.0,71.6235293098685,398.21699686268533,147.6086523337895,156.48705879296054,82,0
2025-06-28,A,Premium_Kopfhoerer,1.018063983209738,150.0,12.925332498090661,708.0966119863657,154.6982600434046,138.8775997494272,96,0
2025-06-29,A,Premium_Kopfhoerer,1.0129066699013591,150.0,38.04657116794285,456.34350357635486,149.40068660503087,146.41397135038287,60,0
2025-06-30,A,Premium_Kopfhoerer,1.0077455320681399,150.0,58.6560819077081,780.6284122801909,151.53806504425972,152.59682457231244,61,0
2025-07-01,A,Premium_Kopfhoerer,1.0025820990666066,150.0,46.95431920935511,508.76529646303544,137.82463102544068,149.08629576280654,73,0
2025-07-02,A,Premium_Kopfhoerer,0.9974179009333936,150.0,55.56718810056963,471.051755048499,164.1632770471069,151.6701564301709,64,0
2025-07-03,A,Premium_Kopfhoerer,0.9922544679318602,150.0,40.94022219926269,941.2569239394709,148.76818511225977,147.28206665977882,68,0
2025-07-04,A,Premium_Kopfhoerer,0.9870933300986409,150.0,51.2988468120935,325.7911899016302,155.231902277544,150.38965404362804,71,0
2025-07-05,A,Premium_Kopfhoerer,0.9819360167902622,150.0,47.664841469118805,208.40260599690887,143.7293124733528,149.29945244073565,46,0
2025-07-06,A,Premium_Kopfhoerer,0.976784056229961,150.0,67.5167309248971,626.0888019335124,152.31007426663007,155.25501927746913,69,0
2025-07-07,A,Premium_Kopfhoerer,0.9716389750548402,150.0,53.816312649518196,972.389631055761,140.2286642735644,151.14489379485545,60,0
2025-07-08,A,Premium_Kopfhoerer,0.9665022978634916,150.0,55.064039931128036,440.055292354468,153.39050878694752,151.51921197933842,44,0
2025-07-09,A,Premium_Kopfhoerer,0.9613755467642258,150.0,43.82184550816299,155.83308726590337,147.33019436710626,148.1465536524489,40,0
2025-07-10,A,Premium_Kopfhoerer,0.9562602409240377,150.0,42.6859066389126,405.3747405786107,150.21892877951674,147.8057719916738,67,0
2025-07-11,A,Premium_Kopfhoerer,0.951157896118445,150.0,43.51162718270569,555.3384888876026,155.23480522597575,148.0534881548117,63,0
2025-07-12,A,Premium_Kopfhoerer,0.9460700242823313,150.0,55.91678213567445,245.73070596899234,140.75594766584788,151.77503464070233,57,0
2025-07-13,A,Premium_Kopfhoerer,0.9409981330619271,150.0,43.68523278769606,692.2919962508429,144.86631202040402,148.10556983630883,57,0
2025-07-14,A,Premium_Kopfhoerer,0.9359437253680613,150.0,54.34662285344619,997.9744501091806,153.42993210815075,151.30398685603384,67,0
2025-07-15,A,Premium_Kopfhoerer,0.9309082989308164,150.0,81.13101197968157,506.5655283832994,165.7366610591006,159.33930359390448,74,0
2025-07-16,A,Premium_Kopfhoerer,0.9258933458557195,150.0,63.06687055147538,419.2557010571914,148.96438249003887,153.9200611654426,49,0
2025-07-17,A,Premium_Kopfhoerer,0.9209003521815978,150.0,45.10964701748238,460.63375015101997,154.4335208844295,148.5328941052447,56,0
2025-07-18,A,Premium_Kopfhoerer,0.9159307974402352,150.0,68.01820883245917,203.63156055568103,149.19771397606138,155.40546264973776,39,0
2025-07-19,A,Premium_Kopfhoerer,0.9109861542179529,150.0,43.87886940467673,894.9462412836015,164.56684196067226,148.16366082140303,71,0
2025-07-20,A,Premium_Kopfhoerer,0.906067887719252,150.0,19.428131972332192,473.3430899692168,136.8958374977606,140.82843959169966,48,0
2025-07-21,A,Premium_Kopfhoerer,0.9011774553326409,150.0,34.87870533623894,448.54697028235717,150.70965783502018,145.46361160087167,74,0
2025-07-22,A,Premium_Kopfhoerer,0.89631630619878,150.0,21.938121184612164,693.7212456374269,137.80841974828454,141.58143635538366,62,0
2025-07-23,A,Premium_Kopfhoerer,0.8914858807810697,150.0,44.72729773938037,497.83007883801116,131.20071322097462,148.4181893218141,50,0
2025-07-24,A,Premium_Kopfhoerer,0.8866876104388106,150.0,50.276275687843274,683.4101219270615,152.23096539838363,150.082882706353,66,0
2025-07-25,A,Premium_Kopfhoerer,0.88192291700306,150.0,75.14655968412924,155.30166111770876,151.04623347110595,157.5439679052388,53,0
2025-07-26,A,Premium_Kopfhoerer,0.8771932123553137,150.0,54.90391060646244,832.3510093500047,147.8637229669335,151.47117318193872,60,0
2025-07-27,A,Premium_Kopfhoerer,0.8724998980091339,150.0,46.71349206786704,946.4535575914623,149.20354432470185,149.01404762036012,57,0
2025-07-28,A,Premium_Kopfhoerer,0.8678443646948515,150.0,62.441083717752335,683.8888475434474,173.23724575553445,153.7323251153257,57,0
2025-07-29,A,Premium_Kopfhoerer,0.8632279919474624,150.0,16.832970364881724,959.1093359729297,148.06368646476426,140.0498911094645,53,0
2025-07-30,A,Premium_Kopfhoerer,0.8586521476978408,150.0,53.53421837162849,236.28908293296698,153.82593270937554,151.06026551148855,43,0
2025-07-31,A,Premium_Kopfhoerer,0.8541181878673929,150.0,61.562977908304504,529.6745705323183,145.1297638528959,153.46889337249135,47,0
2025-08-01,A,Premium_Kopfhoerer,0.8496274559662673,150.0,27.821206313302376,641.6260605509025,152.21424431280454,143.34636189399072,58,0
2025-08-02,A,Premium_Kopfhoerer,0.8451812826952443,150.0,67.15631064810394,623.562982679068,148.21324743708288,155.1468931944312,47,0
2025-08-03,A,Premium_Kopfhoerer,0.8407809855514201,150.0,55.07744611241621,461.3156011801389,146.92111137952702,151.52323383372487,63,0
2025-08-04,A,Premium_Kopfhoerer,0.8364278684378048,150.0,43.77068129148798,404.27596842963527,163.64173899150242,148.1312043874464,56,0
2025-08-05,A,Premium_Kopfhoerer,0.8321232212769472,150.0,59.491727991594274,214.14162029537692,158.82888722388253,152.84751839747827,41,0
2025-08-06,A,Premium_Kopfhoerer,0.8278683196287027,150.0,84.06039286706594,452.5682055060504,151.02559985549422,160.21811786011978,49,0
2025-08-07,A,Premium_Kopfhoerer,0.823664424312258,150.0,52.72799382587743,246.3947335949366,132.71841048042023,150.81839814776322,36,0
2025-08-08,A,Premium_Kopfhoerer,0.8195127810325232,150.0,53.723308794505044,760.9291088429966,147.29243082560572,151.11699263835152,62,0
2025-08-09,A,Premium_Kopfhoerer,0.8154146200110017,150.0,43.109586506896335,287.94784194513096,170.27270673303815,147.9328759520689,49,0
2025-08-10,A,Premium_Kopfhoerer,0.8113711556212496,150.0,37.25233445802812,152.70877475608046,148.2700375002022,146.17570033740844,35,0
2025-08-11,A,Premium_Kopfhoerer,0.8073835860290309,150.0,62.455037248163684,597.1295240355109,158.27413179040244,153.7365111744491,42,0
2025-08-12,A,Premium_Kopfhoerer,0.8034530928372745,150.0,37.15874261136699,635.7067594474614,160.81456801464452,146.1476227834101,61,0
2025-08-13,A,Premium_Kopfhoerer,0.79958084073594,150.0,51.073493558290885,884.721755152455,151.64222936891983,150.32204806748726,64,0
2025-08-14,A,Premium_Kopfhoerer,0.7957679771568953,150.0,42.83513829852325,619.2834511759137,143.68633776098886,147.85054148955697,55,0
2025-08-15,A,Premium_Kopfhoerer,0.7920156319339069,150.0,57.18469738619588,410.9327683511012,131.73515751162833,152.15540921585875,31,0
2025-08-16,A,Premium_Kopfhoerer,0.7883249169678468,150.0,55.00493157930423,822.7106933736885,155.13122406456716,151.50147947379128,40,0
2025-08-17,A,Premium_Kopfhoerer,0.7846969258972115,150.0,65.56309916386849,586.2510038686789,143.88932997882338,154.66892974916055,37,0
2025-08-18,A,Premium_Kopfhoerer,0.7811327337740537,150.0,42.349754017178796,171.35225616807256,151.3211283891577,147.70492620515364,43,0
2025-08-19,A,Premium_Kopfhoerer,0.7776333967454213,150.0,45.95187597059943,609.265504281922,140.62634745307977,148.78556279117984,48,0
2025-08-20,A,Premium_Kopfhoerer,0.7741999517403975,150.0,35.31854426326539,917.2166908794961,148.01071844647348,145.59556327897963,51,0
2025-08-21,A,Premium_Kopfhoerer,0.7708334161628372,150.0,43.33560109885833,456.6813629483985,150.2528929117579,148.00068032965748,40,0
2025-08-22,A,Premium_Kopfhoerer,0.7675347875898878,150.0,55.65950739567278,366.6932217098201,152.01445185783223,151.69785221870183,48,0
2025-08-23,A,Premium_Kopfhoerer,0.7643050434763856,150.0,61.35482924968028,229.12251131621804,141.6388335948569,153.40644877490408,31,0
2025-08-24,A,Premium_Kopfhoerer,0.7611451408652155,150.0,36.16752013733562,236.30096974182158,158.97683211571015,145.85025604120068,50,0
2025-08-25,A,Premium_Kopfhoerer,0.7580560161037166,150.0,63.044088801584905,489.494335907637,145.52328911451022,153.91322664047547,43,0
2025-08-26,A,Premium_Kopfhoerer,0.7550385845662253,150.0,70.33456788207427,636.1118417453766,137.44147904660065,156.10037036462228,56,0
2025-08-27,A,Premium_Kopfhoerer,0.7520937403828272,150.0,56.20152354835551,172.55386465264158,149.18232435027403,151.86045706450665,33,0
2025-08-28,A,Premium_Kopfhoerer,0.7492223561744091,150.0,78.151937188371,945.6117301226492,150.25781481769846,158.4455811565113,66,0
2025-08-29,A,Premium_Kopfhoerer,0.7464252827940809,150.0,38.39316201344641,779.6202557006764,151.2044207487882,146.51794860403393,49,0
2025-08-30,A,Premium_Kopfhoerer,0.743703349075052,150.0,31.330179450328746,627.9615264552964,160.2159930276381,144.3990538350986,62,0
2025-08-31,A,Premium_Kopfhoerer,0.7410573615850266,150.0,23.31919626643582,845.5948038450917,148.22663372448105,141.99575887993075,67,0
2025-09-01,A,Premium_Kopfhoerer,0.7384881043872035,150.0,72.44066467233775,172.16808113090195,149.1028528172342,156.73219940170134,42,0
2025-09-02,A,Premium_Kopfhoerer,0.7359963388079394,150.0,59.81548484531086,529.1549899598119,141.7261171407518,152.94464545359327,49,0
2025-09-03,A,Premium_Kopfhoerer,0.7335828032111521,150.0,49.16622993634317,667.0838141754971,156.1541512716592,149.74986898090296,55,0
2025-09-04,A,Premium_Kopfhoerer,0.7312482127795273,150.0,54.1995293947973,845.7876155064603,151.38231798058578,151.2598588184392,50,0
2025-09-05,A,Premium_Kopfhoerer,0.7289932593025947,150.0,33.11766429052435,805.122604044341,146.84979204529378,144.9352992871573,53,0
2025-09-06,A,Premium_Kopfhoerer,0.7268186109717352,150.0,86.68627969425239,349.3623247420597,135.71493979900902,161.00588390827573,34,0
2025-09-07,A,Premium_Kopfhoerer,0.7247249121821819,150.0,51.938317729628416,946.7921526032839,160.83309146291316,150.58149531888853,48,0
2025-09-08,A,Premium_Kopfhoerer,0.722712783342072,150.0,51.64092191907339,211.91125728778331,140.79240026657956,150.49227657572203,27,0
2025-09-09,A,Premium_Kopfhoerer,0.7207828206886062,150.0,60.886499358480386,887.6202567590369,145.5654149297272,153.2659498075441,51,0
2025-09-10,A,Premium_Kopfhoerer,0.7189355961113706,150.0,57.2151384760507,973.8462246441567,152.68758383307005,152.16454154281521,44,0
2025-09-11,A,Premium_Kopfhoerer,0.7171716569828739,150.0,53.35826036418697,259.438170900363,141.02581553537485,151.00747810925608,39,0
2025-09-12,A,Premium_Kopfhoerer,0.7154915259963486,150.0,38.142883168320324,749.8594577834067,138.79867666310142,146.4428649504961,50,0
2025-09-13,A,Premium_Kopfhoerer,0.7138957010108664,150.0,57.072025357039934,136.25696690019862,134.070393129745,152.12160760711197,35,0
2025-09-14,A,Premium_Kopfhoerer,0.7123846549038111,150.0,78.2303674471255,464.88054262523946,155.40747714679227,158.46911023413764,50,0
2025-09-15,A,Premium_Kopfhoerer,0.7109588354307554,150.0,70.18130069232467,564.6549692779066,145.9111031645526,156.0543902076974,59,0
2025-09-16,A,Premium_Kopfhoerer,0.7096186650927807,150.0,73.89779939959097,622.5807033186707,171.95452569354995,157.16933981987728,64,0
2025-09-17,A,Premium_Kopfhoerer,0.7083645410112817,150.0,42.33176485353222,942.3435234237036,142.54233700776845,147.69952945605968,42,0
2025-09-18,A,Premium_Kopfhoerer,0.7071968348102895,150.0,35.15592769612129,705.0256185647752,143.08911732428308,145.5467783088364,40,0
2025-09-19,A,Premium_Kopfhoerer,0.706115892506353,150.0,48.11319619850528,533.1501560973132,145.7595527228595,149.43395885955158,36,0
2025-09-20,A,Premium_Kopfhoerer,0.7051220344060054,150.0,50.835873684330416,828.7075326393004,151.8235099135387,150.25076210529912,53,0
2025-09-21,A,Premium_Kopfhoerer,0.7042155550108509,150.0,66.41287277706422,955.479538858968,146.47347495911018,154.92386183311928,35,0
2025-09-22,A,Premium_Kopfhoerer,0.703396722930298,150.0,24.61303055427771,119.85953381406176,154.59249160501884,142.3839091662833,38,0
2025-09-23,A,Premium_Kopfhoerer,0.7026657808019636,150.0,72.94325479190921,984.2691450304349,142.6605870750851,156.88297643757275,54,0
2025-09-24,A,Premium_Kopfhoerer,0.7020229452197757,150.0,47.629881521315156,177.5189251573123,139.63806211152314,149.28896445639455,38,0
2025-09-25,A,Premium_Kopfhoerer,0.7014684066697907,150.0,43.5967839507887,832.9481013418853,136.5133894544317,148.07903518523662,55,0
2025-09-26,A,Premium_Kopfhoerer,0.7010023294737491,150.0,34.81843437109748,352.3012772962712,133.32319374047103,145.44553031132924,38,0
2025-09-27,A,Premium_Kopfhoerer,0.7006248517403824,150.0,25.177149922013452,218.96169197848457,146.1144823539371,142.55314497660405,51,0
2025-09-28,A,Premium_Kopfhoerer,0.70033608532449,150.0,62.34755875942872,495.87007574245143,147.74264765705084,153.7042676278286,31,0
2025-09-29,A,Premium_Kopfhoerer,0.7001361157937929,150.0,51.09976950782606,679.5609215028521,145.26422229387612,150.32993085234781,42,0
2025-09-30,A,Premium_Kopfhoerer,0.7000250024035786,150.0,30.650586503884192,442.85666052112754,159.3255434789037,144.19517595116525,55,0
2025-10-01,A,Premium_Kopfhoerer,0.7000027780791429,150.0,30.573818419045757,149.10886745442906,159.210226572061,144.17214552571372,47,0
2025-10-02,A,Premium_Kopfhoerer,0.7000694494060328,150.0,44.96322951064808,639.5150256928449,147.48897759416624,148.48896885319442,186,1
2025-10-03,A,Premium_Kopfhoerer,0.7002249966280949,150.0,75.0353228793409,912.1629484996073,136.54559165106028,157.51059686380228,58,0
2025-10-04,A,Premium_Kopfhoerer,0.7004693736533307,150.0,46.10612972954593,444.89382935252655,145.74971168958712,148.83183891886378,52,0
2025-10-05,A,Premium_Kopfhoerer,0.7008025080675533,150.0,27.45285570322841,294.69949986774435,145.50133954562205,143.23585671096853,41,0
2025-10-06,A,Premium_Kopfhoerer,0.7012243011558463,150.0,46.313854038710836,498.3196113395339,145.07148778291457,148.89415621161325,52,0
2025-10-07,A,Premium_Kopfhoerer,0.7017346279318144,150.0,45.90914645378495,143.52643994390277,144.76710822076316,148.7727439361355,35,0
2025-10-08,A,Premium_Kopfhoerer,0.7023333371746203,150.0,9.546700355876425,838.4388260322473,145.09902828206395,137.86401010676292,64,0
2025-10-09,A,Premium_Kopfhoerer,0.7030202514737941,150.0,49.18557700223282,843.7067298551681,147.1009378807668,149.75567310066984,53,0
2025-10-10,A,Premium_Kopfhoerer,0.7037951672818041,150.0,46.53598204686983,629.2004170866655,145.23344175888332,148.96079461406094,55,0
2025-10-11,A,Premium_Kopfhoerer,0.7046578549743723,150.0,60.44309547220128,417.7926000445505,151.56241881469194,153.13292864166038,244,1
2025-10-12,A,Premium_Kopfhoerer,0.7056080589185172,150.0,77.73434142418017,819.805028001205,152.70276536928645,158.32030242725406,42,0
2025-10-13,A,Premium_Kopfhoerer,0.706645497548303,150.0,66.89847544321636,599.2183223095304,143.17016184613132,155.0695426329649,39,0
2025-10-14,A,Premium_Kopfhoerer,0.7077698634482739,150.0,45.96666964167754,843.3390776950146,159.53298994505275,148.79000089250326,50,0
2025-10-15,A,Premium_Kopfhoerer,0.7089808234445478,150.0,33.40211136887495,668.3129133247186,142.6495327361954,145.02063341066247,56,0
2025-10-16,A,Premium_Kopfhoerer,0.7102780187035436,150.0,88.60039704874791,805.9649258915176,137.86649539638498,161.58011911462438,46,0
2025-10-17,A,Premium_Kopfhoerer,0.7116610648383097,150.0,50.888276510217324,638.706693895984,152.85583553523787,150.2664829530652,47,0
2025-10-18,A,Premium_Kopfhoerer,0.7131295520224283,150.0,50.20893937869419,472.7269613940996,143.86943899189245,150.06268181360826,34,0
2025-10-19,A,Premium_Kopfhoerer,0.7146830451114539,150.0,49.638123693349954,962.1512739335238,152.40968603068043,149.891437108005,55,0
2025-10-20,A,Premium_Kopfhoerer,0.7163210837718572,150.0,52.97127141151783,587.0024423909603,131.97248549174603,150.89138142345536,32,0
2025-10-21,A,Premium_Kopfhoerer,0.7180431826174314,150.0,47.83459382114086,644.5805666864845,160.44341956112302,149.35037814634225,53,0
2025-10-22,A,Premium_Kopfhoerer,0.7198488313531224,150.0,41.39506989679646,298.4388754732743,155.04220056030303,147.41852096903892,50,0
2025-10-23,A,Premium_Kopfhoerer,0.7217374949262411,150.0,41.79711588139412,663.0857104845488,138.7464258812775,147.53913476441824,35,0
2025-10-24,A,Premium_Kopfhoerer,0.7237086136850096,150.0,49.50870094676002,614.4468845346495,138.90917157115285,149.852610284028,38,0
2025-10-25,A,Premium_Kopfhoerer,0.7257616035443999,150.0,41.84862843299353,266.35455815232245,162.54199428073147,147.55458852989807,36,0
2025-10-26,A,Premium_Kopfhoerer,0.7278958561592092,150.0,39.30731325984254,153.62838761782933,144.4696507237653,146.79219397795276,41,0
2025-10-27,A,Premium_Kopfhoerer,0.730110739104327,150.0,51.596453415378456,643.923387743294,143.74361363450532,150.47893602461355,47,0
2025-10-28,A,Premium_Kopfhoerer,0.7324055960621354,150.0,46.17534173868717,787.3230424152885,133.00460929388038,148.85260252160614,46,0
2025-10-29,A,Premium_Kopfhoerer,0.7347797470169909,150.0,72.55989482874033,571.0612338298074,147.36916345798835,156.7679684486221,60,0
2025-10-30,A,Premium_Kopfhoerer,0.737232488456727,150.0,10.23545287410482,304.09536278768115,148.29210288873185,138.07063586223146,56,0
2025-10-31,A,Premium_Kopfhoerer,0.7397630935811209,150.0,66.37260277883692,699.8697790237314,155.36619822577114,154.91178083365108,57,0
2025-11-01,A,Premium_Kopfhoerer,0.7423708125172591,150.0,68.69127788746444,172.095153948642,139.50691178861643,155.60738336623933,25,0
2025-11-02,A,Premium_Kopfhoerer,0.7450548725417416,150.0,18.89914651387776,497.65033432175915,138.5978490581954,140.66974395416332,61,0
2025-11-03,A,Premium_Kopfhoerer,0.7478144783096565,150.0,44.85968608879477,247.03008255857816,153.38221976082357,148.45790582663844,40,0
2025-11-04,A,Premium_Kopfhoerer,0.7506488120902577,150.0,44.428387010063126,266.01314595389505,157.55047553420297,148.32851610301893,46,0
2025-11-05,A,Premium_Kopfhoerer,0.7535570340092757,150.0,28.887324579232683,282.0645542423833,138.21635736661588,143.66619737376982,49,0
2025-11-06,A,Premium_Kopfhoerer,0.7565382822977917,150.0,38.33274968613687,448.0363513395801,158.11135564724808,146.49982490584105,42,0
2025-11-07,A,Premium_Kopfhoerer,0.7595916735475969,150.0,33.34136231801257,146.03518505835785,150.2815638111512,145.00240869540377,41,0
2025-11-08,A,Premium_Kopfhoerer,0.7627163029729668,150.0,76.28405665135433,458.01409683618834,158.18854004305985,157.8852169954063,65,0
2025-11-09,A,Premium_Kopfhoerer,0.7659112446787673,150.0,64.03517589721191,560.5367024032307,149.47334728861787,154.21055276916357,33,0
2025-11-10,A,Premium_Kopfhoerer,0.7691755519348186,150.0,69.07332642491238,534.9648564696927,131.0829156188404,155.72199792747372,25,0
2025-11-11,A,Premium_Kopfhoerer,0.7725082574564313,150.0,60.82508096064852,444.5056903627365,148.8602446326297,153.24752428819457,37,0
2025-11-12,A,Premium_Kopfhoerer,0.7759083736910335,150.0,33.06422343174157,855.2319472636773,157.95107864003452,144.91926702952247,79,0
2025-11-13,A,Premium_Kopfhoerer,0.7793748931108042,150.0,42.132196005803394,230.7940231784537,143.29690485687215,147.639658801741,39,0
2025-11-14,A,Premium_Kopfhoerer,0.7829067885112263,150.0,57.34061841841877,555.1270694032365,147.0902627331941,152.20218552552564,46,0
2025-11-15,A,Premium_Kopfhoerer,0.7865030133154675,150.0,31.668082866620818,155.83727526089888,148.67899872336767,144.50042485998625,46,0
2025-11-16,A,Premium_Kopfhoerer,0.7901625018845059,150.0,60.69497645258582,164.04011099011876,128.25364590098638,153.20849293577575,26,0
2025-11-17,A,Premium_Kopfhoerer,0.7938841698328998,150.0,46.39511902762798,616.4792647093867,162.53510681578106,148.9185357082884,60,0
2025-11-18,A,Premium_Kopfhoerer,0.7976669143501163,150.0,44.37768788675604,609.4165823990388,143.2396824007712,148.3133063660268,60,0
2025-11-19,A,Premium_Kopfhoerer,0.8015096145273163,150.0,60.664399523052374,890.2301615600113,153.793015743546,153.1993198569157,46,0
2025-11-20,A,Premium_Kopfhoerer,0.8054111316895054,150.0,56.6639496722906,602.0863080940659,149.34974147888843,151.9991849016872,38,0
2025-11-21,A,Premium_Kopfhoerer,0.8093703097329468,150.0,44.585507512713804,963.8119183643652,159.4321429226952,148.37565225381414,61,0
2025-11-22,A,Premium_Kopfhoerer,0.8133859754677396,150.0,67.38994705046372,143.8253635599368,153.04542091821062,155.21698411513913,35,0
2025-11-23,A,Premium_Kopfhoerer,0.8174569389654621,150.0,33.78405008600154,188.20691630266697,148.2380679635927,145.13521502580045,47,0
2025-11-24,A,Premium_Kopfhoerer,0.8215819939117708,150.0,59.239034104163956,139.65927541334327,143.2986368061054,152.7717102312492,28,0
2025-11-25,A,Premium_Kopfhoerer,0.8257599179638596,150.0,58.89651886952576,266.749165300186,155.98388026036602,152.66895566085773,46,0
2025-11-26,A,Premium_Kopfhoerer,0.8299894731126645,150.0,45.35680341029015,587.1430998475103,135.94919022034037,148.60704102308705,45,0
2025-11-27,A,Premium_Kopfhoerer,0.8342694060497139,150.0,54.89199533363177,681.0149632846852,154.8441781520692,151.46759860008953,50,0
2025-11-28,A,Premium_Kopfhoerer,0.8385984485385103,150.0,31.233296354220453,141.02664215380193,141.75716436333846,144.36998890626614,34,0
2025-11-29,A,Premium_Kopfhoerer,0.842975317790335,150.0,63.860405288103514,951.3738008610394,159.3921274646748,154.15812158643106,76,0
2025-11-30,A,Premium_Kopfhoerer,0.8473987168443687,150.0,47.22646795335516,857.948838985343,151.2097465699702,149.16794038600653,88,0
2025-12-01,A,Premium_Kopfhoerer,0.8518673349520067,150.0,42.15915469221441,366.9512339413838,154.8309282588758,147.64774640766433,66,0
2025-12-02,A,Premium_Kopfhoerer,0.8563798479652636,150.0,65.73513838755333,169.46877720382116,150.6149161036854,154.720541516266,51,0
2025-12-03,A,Premium_Kopfhoerer,0.8609349187291446,150.0,39.43484464185861,252.89836589715154,136.8571717864425,146.8304533925576,48,0
2025-12-04,A,Premium_Kopfhoerer,0.8655311974778768,150.0,28.873080554546604,214.2499723794754,143.54453127453496,143.66192416636397,46,0
2025-12-05,A,Premium_Kopfhoerer,0.8701673222348705,150.0,26.650562397141442,210.95540136905217,155.04292003208536,142.99516871914244,60,0
2025-12-06,A,Premium_Kopfhoerer,0.8748419192163049,150.0,59.0901492701846,566.7055197991606,151.24991863019883,152.72704478105538,51,0
2025-12-07,A,Premium_Kopfhoerer,0.8795536032382079,150.0,30.793559712555755,321.2626982440603,158.85742428979253,144.2380679137667,85,0
2025-12-08,A,Premium_Kopfhoerer,0.8843009781269178,150.0,76.32191272976547,422.32574487623,153.02455922277878,157.89657381892965,74,0
2025-12-09,A,Premium_Kopfhoerer,0.889082637132798,150.0,18.771058881744167,990.5548000458903,142.74973581973006,140.63131766452324,66,0
2025-12-10,A,Premium_Kopfhoerer,0.8938971633470884,150.0,75.44684552435058,715.8828240328103,144.02951896709524,157.63405365730517,49,0
2025-12-11,A,Premium_Kopfhoerer,0.898743130121766,150.0,53.16526200803928,954.0826003423012,150.77188042892428,150.94957860241178,52,0
2025-12-12,A,Premium_Kopfhoerer,0.9036191014922904,150.0,48.549303321944116,228.30089952980404,132.6446695049992,149.56479099658324,39,0
2025-12-13,A,Premium_Kopfhoerer,0.9085236326031132,150.0,41.826213697865754,443.92552734931235,162.55081414217238,147.54786410935972,65,0
2025-12-14,A,Premium_Kopfhoerer,0.9134552701358171,150.0,55.98704171528106,599.2586229541189,153.3131005228317,151.7961125145843,63,0
2025-12-15,A,Premium_Kopfhoerer,0.9184125527397684,150.0,49.435479463627274,169.08225569986422,159.20275947786652,149.83064383908817,51,0
2025-12-16,A,Premium_Kopfhoerer,0.9233940114651435,150.0,66.54952823024783,103.76869926516208,138.14547044393123,154.96485846907436,33,0
2025-12-17,A,Premium_Kopfhoerer,0.928398170198215,150.0,51.7134147299306,703.3909004172258,159.33423870266444,150.51402441897918,72,0
2025-12-18,A,Premium_Kopfhoerer,0.93342354609875,150.0,52.25452642192816,677.6375651212918,166.73624183270812,150.67635792657845,81,0
2025-12-19,A,Premium_Kopfhoerer,0.9384686500394143,150.0,44.54581681679216,469.7099289996506,140.09341233467012,148.36374504503766,48,0
2025-12-20,A,Premium_Kopfhoerer,0.9435319870470268,150.0,49.14581564418399,540.6796684288294,155.78551346177827,149.7437446932552,65,0
2025-12-21,A,Premium_Kopfhoerer,0.9486120567455567,150.0,54.61702653338089,473.89870053288064,150.0083245851547,151.38510796001427,59,0
2025-12-22,A,Premium_Kopfhoerer,0.9537073538007157,150.0,24.34747411015062,121.60454036039997,138.41674613813817,142.3042422330452,58,0
2025-12-23,A,Premium_Kopfhoerer,0.9588163683660205,150.0,29.777218668414307,401.8344455957162,153.69662978888903,143.9331656005243,76,0
2025-12-24,A,Premium_Kopfhoerer,0.9639375865301942,150.0,61.148961410340725,259.37402985756086,156.25202403628012,153.3446884231022,50,0
2025-12-25,A,Premium_Kopfhoerer,0.9690694907657693,150.0,52.56298157191913,188.58177019123187,145.49155085498364,150.76889447157575,54,0
2025-12-26,A,Premium_Kopfhoerer,0.974210560378766,150.0,47.24024995470981,961.0483905004148,158.74437390191417,149.17207498641295,69,0
2025-12-27,A,Premium_Kopfhoerer,0.9793592719593038,150.0,50.2765089959809,639.4237525379491,137.499274449081,150.08295269879426,59,0
2025-12-28,A,Premium_Kopfhoerer,0.9845140998330237,150.0,55.21372558042506,755.7906558129424,138.78932890162767,151.56411767412752,61,0
2025-12-29,A,Premium_Kopfhoerer,0.9896735165131763,150.0,41.90360479535958,383.82736893950573,151.02448046691563,147.57108143860788,72,0
2025-12-30,A,Premium_Kopfhoerer,0.9948359931532494,150.0,38.32542911896531,453.8324165446137,150.19038958479203,146.4976287356896,56,0
2025-12-31,A,Premium_Kopfhoerer,1.0000000000000002,150.0,52.93767882646522,313.2315945070511,144.6256988368192,150.88130364793957,55,0
2024-01-01,A,Ladekabel_Basic,1.0051640068467504,15.0,35.32440833577452,187.26910386888227,15.607195826978916,14.559732250073235,266,0
2024-01-02,A,Ladekabel_Basic,1.0103264834868237,15.0,56.12379133571708,261.1284736974254,15.398170735661962,15.183713740071513,247,0
2024-01-03,A,Ladekabel_Basic,1.015485900166976,15.0,24.461245936432395,817.7626407668373,15.643604303200512,14.233837378092971,320,0
2024-01-04,A,Ladekabel_Basic,1.020640728040696,15.0,65.43733455988466,709.7912246653982,14.9076476734858,15.46312003679654,245,0
2024-01-05,A,Ladekabel_Basic,1.025789439621234,15.0,57.08896223619565,592.2359883869292,15.451935200983755,15.212668867085869,250,0
2024-01-06,A,Ladekabel_Basic,1.0309305092342305,15.0,53.840446014708135,527.5808855800913,14.665762272727504,15.115213380441244,250,0
2024-01-07,A,Ladekabel_Basic,1.0360624134698058,15.0,64.74036475918271,930.190855290512,16.540364017564947,15.442210942775482,271,0
2024-01-08,A,Ladekabel_Basic,1.0411836316339795,15.0,74.98211666693865,165.46145300080155,14.39059067240851,15.74946350000816,157,0
2024-01-09,A,Ladekabel_Basic,1.0462926461992843,15.0,65.21555097527195,352.54073191412436,16.578973072093735,15.456466529258158,275,0
2024-01-10,A,Ladekabel_Basic,1.0513879432544433,15.0,22.386886530025322,414.94406821364265,15.026165960317057,14.17160659590076,290,0
2024-01-11,A,Ladekabel_Basic,1.0564680129529733,15.0,30.806345498964475,804.183230991509,13.968366832823444,14.424190364968934,263,0
2024-01-12,A,Ladekabel_Basic,1.0615313499605858,15.0,40.62772133456482,993.2631581457742,16.026059512866453,14.718831640036944,313,0
2024-01-13,A,Ladekabel_Basic,1.0665764539012497,15.0,50.3913657531625,316.60346328143777,15.094426041296218,15.011740972594875,253,0
2024-01-14,A,Ladekabel_Basic,1.071601829801785,15.0,57.76488530703685,886.8766007233726,15.638343073785176,15.232946559211106,282,0
2024-01-15,A,Ladekabel_Basic,1.076605988534856,15.0,39.11384280269802,847.5604843886122,15.917891938906944,14.67341528408094,345,0
2024-01-16,A,Ladekabel_Basic,1.0815874472602316,15.0,52.80150146715617,302.19165787758993,15.253466665608768,15.084045044014685,246,0
2024-01-17,A,Ladekabel_Basic,1.0865447298641826,15.0,38.66925601470016,459.3993221793003,14.55581936639039,14.660077680441004,257,0
2024-01-18,A,Ladekabel_Basic,1.0914763673968868,15.0,40.82723295512078,468.7055823632672,15.731785033251937,14.724816988653624,313,0
2024-01-19,A,Ladekabel_Basic,1.0963808985077093,15.0,28.900083547276665,980.3986016739025,15.000566630590948,14.3670025064183,325,0
2024-01-20,A,Ladekabel_Basic,1.101256869878234,15.0,36.151501308336435,262.80271124100847,15.514393363956314,14.584545039250093,250,0
2024-01-21,A,Ladekabel_Basic,1.1061028366529115,15.0,29.724730915754996,819.2421739943038,13.384702069656404,14.39174192747265,260,0
2024-01-22,A,Ladekabel_Basic,1.110917362867202,15.0,35.36190120534001,400.77344275579895,15.33523628775739,14.5608570361602,291,0
2024-01-23,A,Ladekabel_Basic,1.1156990218730822,15.0,65.80462694911759,757.7833111985443,14.521060631141227,15.474138808473528,280,0
2024-01-24,A,Ladekabel_Basic,1.120446396761792,15.0,35.759016667520854,478.0099038660966,16.2399822278839,14.572770500025626,322,0
2024-01-25,A,Ladekabel_Basic,1.125158080783695,15.0,89.48573097256086,620.5237868048861,15.467315510916821,16.184571929176826,252,0
2024-01-26,A,Ladekabel_Basic,1.1298326777651293,15.0,57.39976851321334,849.350595993518,15.179893309386973,15.2219930553964,310,0
2024-01-27,A,Ladekabel_Basic,1.1344688025221232,15.0,52.77254185542311,823.7490084854958,15.364732495012666,15.083176255662693,318,0
2024-01-28,A,Ladekabel_Basic,1.1390650812708554,15.0,37.1246332972818,879.7808651857301,14.25116936034246,14.613738998918453,289,0
2024-01-29,A,Ladekabel_Basic,1.1436201520347364,15.0,60.50464819113487,153.65559281019313,16.21744251789604,15.315139445734046,226,0
2024-01-30,A,Ladekabel_Basic,1.148132665047993,15.0,41.365432606433394,722.8454977357703,16.49352781381268,14.740962978193002,376,0
2024-01-31,A,Ladekabel_Basic,1.1526012831556314,15.0,51.83014721968042,225.9886390495866,15.294685132911162,15.054904416590412,232,0
2024-02-01,A,Ladekabel_Basic,1.157024682209665,15.0,88.40126807403192,474.2367112165699,16.19280267643023,16.15203804222096,281,0
2024-02-02,A,Ladekabel_Basic,1.16140155146149,15.0,48.559101504130254,593.7295735492196,14.5731388509956,14.956773045123908,294,0
2024-02-03,A,Ladekabel_Basic,1.1657305939502858,15.0,67.23909989428513,462.4655362721477,14.402164825331264,15.517172996828554,250,0
2024-02-04,A,Ladekabel_Basic,1.1700105268873353,15.0,39.45235362311169,567.6505082227068,15.030693561546691,14.683570608693351,253,0
2024-02-05,A,Ladekabel_Basic,1.1742400820361403,15.0,49.47517264254557,996.8736779187573,15.326205778775924,14.984255179276367,312,0
2024-02-06,A,Ladekabel_Basic,1.178418006088229,15.0,76.56200953453265,221.69558234156926,14.70450998906766,15.79686028603598,220,0
2024-02-07,A,Ladekabel_Basic,1.1825430610345378,15.0,40.595494133183486,707.910440802783,15.403326142776361,14.717864823995505,313,0
2024-02-08,A,Ladekabel_Basic,1.1866140245322603,15.0,77.18672836995393,456.4008697470537,15.22979211155506,15.815601851098618,1448,1
2024-02-09,A,Ladekabel_Basic,1.1906296902670532,15.0,60.61627903183213,219.7088190165959,14.251269918531708,15.318488370954963,223,0
2024-02-10,A,Ladekabel_Basic,1.1945888683104944,15.0,41.56299836158598,242.86308703687857,15.38909476308879,14.74688995084758,276,0
2024-02-11,A,Ladekabel_Basic,1.1984903854726836,15.0,59.48611608583281,954.3457956210552,15.64764618189114,15.284583482574984,340,0
2024-02-12,A,Ladekabel_Basic,1.2023330856498837,15.0,64.58831674440094,891.6413470405859,15.128601988192793,15.437649502332029,304,0
2024-02-13,A,Ladekabel_Basic,1.2061158301671,15.0,59.327149433257944,916.3377643735197,15.864486077446267,15.279814482997738,368,0
2024-02-14,A,Ladekabel_Basic,1.209837498115494,15.0,26.446629201643155,992.3794982446478,14.086947154877286,14.293398876049295,337,0
2024-02-15,A,Ladekabel_Basic,1.2134969866845324,15.0,39.09294236262697,287.48385100766615,15.35096281659889,14.67278827087881,291,0
2024-02-16,A,Ladekabel_Basic,1.2170932114887738,15.0,46.287220466727426,419.8954036276556,14.122289470202418,14.888616614001823,281,0
2024-02-17,A,Ladekabel_Basic,1.2206251068891956,15.0,48.88349856349931,702.29712693238,14.164438981325183,14.966504956904979,294,0
2024-02-18,A,Ladekabel_Basic,1.2240916263089665,15.0,59.31008146326017,535.4222858745825,14.526801874696657,15.279302443897805,271,0
2024-02-19,A,Ladekabel_Basic,1.2274917425435687,15.0,52.66551501399881,476.55058004050017,14.293454862319317,15.079965450419964,281,0
2024-02-20,A,Ladekabel_Basic,1.2308244480651813,15.0,29.969834619348482,422.0301244020337,14.589003135944147,14.399095038580455,278,0
2024-02-21,A,Ladekabel_Basic,1.2340887553212325,15.0,55.70296776508945,634.402568749107,14.839387266966607,15.171089032952683,317,0
2024-02-22,A,Ladekabel_Basic,1.2372836970270331,15.0,59.15878617925735,618.0340857760738,15.627865864748538,15.27476358537772,327,0
2024-02-23,A,Ladekabel_Basic,1.2404083264524028,15.0,58.396856718965594,245.31205065781606,14.759130720970722,15.251905701568967,262,0
2024-02-24,A,Ladekabel_Basic,1.2434617177022083,15.0,66.21171088331933,524.5658537665952,13.810780719922805,15.48635132649958,291,0
2024-02-25,A,Ladekabel_Basic,1.2464429659907243,15.0,62.50883231823356,598.1245985888648,15.85505088487137,15.375264969547008,320,0
2024-02-26,A,Ladekabel_Basic,1.2493511879097423,15.0,56.88770118842655,613.2582448582514,14.37218239978872,15.206631035652796,310,0
2024-02-27,A,Ladekabel_Basic,1.2521855216903435,15.0,48.94751432812029,289.0964736211166,14.95595967967153,14.96842542984361,273,0
2024-02-28,A,Ladekabel_Basic,1.2549451274582584,15.0,25.085585997260136,768.0442530270581,15.334902380205534,14.252567579917804,371,0
2024-02-29,A,Ladekabel_Basic,1.2576291874827408,15.0,56.44427328698879,122.67918533896267,15.149707813802086,15.193328198609663,220,0
2024-03-01,A,Ladekabel_Basic,1.260236906418879,15.0,53.115315307446664,419.3486699888464,15.820634660641108,15.0934594592234,292,0
2024-03-02,A,Ladekabel_Basic,1.2627675115432728,15.0,54.0736825579306,802.1913836820702,15.359252357544568,15.122210476737918,372,0
2024-03-03,A,Ladekabel_Basic,1.265220252983009,15.0,30.848771362695356,607.5036289498621,14.35401781522717,14.425463140880861,320,0
2024-03-04,A,Ladekabel_Basic,1.2675944039378646,15.0,33.784151893876064,335.0461892597742,16.633921630493745,14.513524556816282,374,0
2024-03-05,A,Ladekabel_Basic,1.2698892608956729,15.0,65.79729279999356,725.457807408743,15.145750097503674,15.473918783999807,326,0
2024-03-06,A,Ladekabel_Basic,1.2721041438407907,15.0,49.406672692150174,610.651849740466,14.88949483003387,14.982200180764504,323,0
2024-03-07,A,Ladekabel_Basic,1.2742383964556,15.0,60.22251046058937,816.6192485107484,15.722944067291678,15.306675313817681,324,0
2024-03-08,A,Ladekabel_Basic,1.2762913863149903,15.0,50.42477564195689,761.522667570841,15.187088209447555,15.012743269258706,311,0
2024-03-09,A,Ladekabel_Basic,1.278262505073759,15.0,50.44634209243615,649.0971298326111,15.299421144704496,15.013390262773084,322,0
2024-03-10,A,Ladekabel_Basic,1.2801511686468776,15.0,64.07425708963997,539.3599077797326,16.869137998950514,15.4222277126892,381,0
2024-03-11,A,Ladekabel_Basic,1.2819568173825686,15.0,42.25932907673939,219.86391310077107,14.793658928808714,14.767779872302182,271,0
2024-03-12,A,Ladekabel_Basic,1.2836789162281428,15.0,51.44181165411475,335.1997160968454,14.761679329486952,15.043254349623442,292,0
2024-03-13,A,Ladekabel_Basic,1.285316954888546,15.0,43.065870669424356,477.18952562537675,15.087433884009348,14.791976120082731,303,0
2024-03-14,A,Ladekabel_Basic,1.2868704479775717,15.0,43.482556588515266,639.3693583057498,15.80363695168578,14.804476697655458,368,0
2024-03-15,A,Ladekabel_Basic,1.2883389351616903,15.0,45.36241814797041,562.3370696937743,13.8700994773572,14.860872544439113,310,0
2024-03-16,A,Ladekabel_Basic,1.2897219812964564,15.0,53.33200657450569,359.36607336357656,13.525833081392621,15.099960197235172,233,0
2024-03-17,A,Ladekabel_Basic,1.2910191765554522,15.0,42.818770675047844,105.8179220107395,14.55966354703489,14.784563120251436,213,0
2024-03-18,A,Ladekabel_Basic,1.2922301365517261,15.0,68.83634188360281,546.6152997107325,13.774557780705535,15.565090256508084,219,0
2024-03-19,A,Ladekabel_Basic,1.293354502451697,15.0,36.580890466707444,357.06338970601877,14.681376489355772,14.597426714001223,320,0
2024-03-20,A,Ladekabel_Basic,1.2943919410814828,15.0,47.196925337579614,761.1474706394815,15.376874772096969,14.91590776012739,377,0
2024-03-21,A,Ladekabel_Basic,1.2953421450256277,15.0,43.40403412588738,121.55163874343515,14.331938352335802,14.802121023776621,254,0
2024-03-22,A,Ladekabel_Basic,1.2962048327181959,15.0,71.704668265306,626.3450301752118,13.929880067413993,15.65114004795918,265,0
2024-03-23,A,Ladekabel_Basic,1.2969797485262058,15.0,52.948321647673616,947.3268137554588,15.05200287128651,15.088449649430208,355,0
2024-03-24,A,Ladekabel_Basic,1.2976666628253797,15.0,65.47766809202952,256.9683404003496,15.64690761346138,15.464330042760885,303,0
2024-03-25,A,Ladekabel_Basic,1.2982653720681856,15.0,27.71659440444542,524.4845416755359,13.728769921112539,14.331497832133362,327,0
2024-03-26,A,Ladekabel_Basic,1.2987756988441537,15.0,54.00575398803888,182.27979263542434,15.615174298729489,15.120172619641167,239,0
2024-03-27,A,Ladekabel_Basic,1.2991974919324467,15.0,63.34446193435156,663.1137210352174,15.612979652803745,15.400333858030546,346,0
2024-03-28,A,Ladekabel_Basic,1.2995306263466693,15.0,51.23425983913136,595.478512536603,15.715563826617473,15.037027795173941,388,0
2024-03-29,A,Ladekabel_Basic,1.299775003371905,15.0,65.98220562598027,466.62897179154913,15.913860161153764,15.479466168779409,362,0
2024-03-30,A,Ladekabel_Basic,1.2999305505939671,15.0,42.24067324849442,569.2393193263671,16.651510443494715,14.767220197454833,388,0
2024-03-31,A,Ladekabel_Basic,1.299997221920857,15.0,71.1402116027837,906.9171926221092,14.73293096353571,15.634206348083511,330,0
2024-04-01,A,Ladekabel_Basic,1.2999749975964214,15.0,84.48347185428875,276.66487207996033,15.082178685058395,16.034504155628664,266,0
2024-04-02,A,Ladekabel_Basic,1.2998638842062071,15.0,44.55742159340512,120.30806053481251,14.687671175063981,14.836722647802153,233,0
2024-04-03,A,Ladekabel_Basic,1.29966391467551,15.0,43.31746217898842,875.4983962291909,15.001482633566859,14.799523865369652,350,0
2024-04-04,A,Ladekabel_Basic,1.2993751482596176,15.0,71.80076715676552,619.4053741491158,16.149655016727234,15.654023014702965,358,0
2024-04-05,A,Ladekabel_Basic,1.298997670526251,15.0,73.69358218596068,901.5926099156582,13.991239137051998,15.71080746557882,261,0
2024-04-06,A,Ladekabel_Basic,1.2985315933302093,15.0,42.15709959270097,637.2507010718554,14.354212745875818,14.76471298778103,320,0
2024-04-07,A,Ladekabel_Basic,1.2979770547802243,15.0,43.697197743562135,829.1449809637322,16.032885702378422,14.810915932306864,381,0
2024-04-08,A,Ladekabel_Basic,1.2973342191980364,15.0,45.77323086709239,486.70602701963315,15.76502738017657,14.873196926012772,351,0
2024-04-09,A,Ladekabel_Basic,1.296603277069702,15.0,29.833242334485846,774.8739381594419,14.727651264887191,14.394997270034576,335,0
2024-04-10,A,Ladekabel_Basic,1.2957844449891491,15.0,36.220220802737025,921.7373202008704,15.64080150084054,14.58660662408211,441,0
2024-04-11,A,Ladekabel_Basic,1.2948779655939946,15.0,34.93788849871898,614.9106673499856,15.255911881869027,14.548136654961569,354,0
2024-04-12,A,Ladekabel_Basic,1.2938841074936471,15.0,38.483036523438074,262.7066355061416,16.12520595675074,14.654491095703142,367,0
2024-04-13,A,Ladekabel_Basic,1.2928031651897105,15.0,49.47972668919828,341.91785352717835,15.05588219537008,14.98439180067595,304,0
2024-04-14,A,Ladekabel_Basic,1.2916354589887185,15.0,53.513220988047806,278.7801192076652,15.769224085404437,15.105396629641435,290,0
2024-04-15,A,Ladekabel_Basic,1.2903813349072193,15.0,73.25750739221115,322.1713248361596,16.981508932869467,15.697725221766335,334,0
2024-04-16,A,Ladekabel_Basic,1.2890411645692446,15.0,35.024689388918134,375.77390441593275,15.4485743662856,14.550740681667545,332,0
2024-04-17,A,Ladekabel_Basic,1.287615345096189,15.0,64.76483597714876,599.6204080778696,15.036996124346132,15.442945079314462,322,0
2024-04-18,A,Ladekabel_Basic,1.2861042989891338,15.0,46.790167336617365,629.1924665174495,15.541835238915734,14.90370502009852,350,0
2024-04-19,A,Ladekabel_Basic,1.2845084740036514,15.0,49.25804435521351,483.84977251767504,14.726039356347087,14.977741330656405,306,0
2024-04-20,A,Ladekabel_Basic,1.2828283430171261,15.0,60.122292382499054,653.8787018387519,16.790975779143547,15.303668771474971,354,0
2024-04-21,A,Ladekabel_Basic,1.2810644038886294,15.0,33.15916967656552,173.41743305022933,15.135053278271986,14.494775090296965,271,0
2024-04-22,A,Ladekabel_Basic,1.2792171793113938,15.0,55.736146192760756,179.00941335234398,14.795300009830866,15.172084385782822,269,0
2024-04-23,A,Ladekabel_Basic,1.2772872166579279,15.0,52.49678312319584,254.6465143218926,14.373233246234973,15.074903493695874,289,0
2024-04-24,A,Ladekabel_Basic,1.275275087817818,15.0,57.38676896012223,566.2697482363103,15.82291514370483,15.221603068803667,332,0
2024-04-25,A,Ladekabel_Basic,1.2731813890282648,15.0,54.33752965861727,292.5952108284822,15.650390559620803,15.130125889758519,286,0
2024-04-26,A,Ladekabel_Basic,1.2710067406974053,15.0,86.82950209866341,354.9559631433196,14.626984221439429,16.1048850629599,264,0
2024-04-27,A,Ladekabel_Basic,1.2687517872204728,15.0,40.43390023623026,460.28155255569465,15.432338508841816,14.713017007086908,346,0
2024-04-28,A,Ladekabel_Basic,1.266417196788848,15.0,42.035045674972736,830.6795116093418,13.868583023840358,14.761051370249183,304,0
2024-04-29,A,Ladekabel_Basic,1.2640036611920606,15.0,40.65289210362853,112.4759223215741,15.138727931304869,14.719586763108856,250,0
2024-04-30,A,Ladekabel_Basic,1.2615118956127964,15.0,41.66784321259618,684.4409382129602,15.33956726405752,14.750035296377886,331,0
2024-05-01,A,Ladekabel_Basic,1.2589426384149733,15.0,40.439193090402235,701.9888779366169,16.280497357169416,14.713175792712066,349,0
2024-05-02,A,Ladekabel_Basic,1.256296650924948,15.0,67.83524796661328,818.7902023209729,14.421885897953482,15.535057438998399,304,0
2024-05-03,A,Ladekabel_Basic,1.253574717205919,15.0,71.30756371984782,939.4776451542818,14.041235528398257,15.639226911595435,273,0
2024-05-04,A,Ladekabel_Basic,1.250777643825591,15.0,41.438805593757856,118.12406405436084,14.32842902930622,14.743164167812736,233,0
2024-05-05,A,Ladekabel_Basic,1.2479062596171728,15.0,37.51466640343657,238.40533496189457,13.99757362476381,14.625439992103097,275,0
2024-05-06,A,Ladekabel_Basic,1.244961415433775,15.0,57.07123334579606,897.5541646503938,16.002493018319235,15.212137000373883,340,0
2024-05-07,A,Ladekabel_Basic,1.2419439838962834,15.0,41.71665433578543,512.6667059683139,16.161479471268027,14.751499630073562,375,0
2024-05-08,A,Ladekabel_Basic,1.2388548591347848,15.0,59.493977266332664,608.1315750401171,15.240162433461622,15.28481931798998,320,0
2024-05-09,A,Ladekabel_Basic,1.2356949565236144,15.0,53.0438453127695,696.7244833508327,15.91597120926386,15.091315359383085,355,0
2024-05-10,A,Ladekabel_Basic,1.232465212410112,15.0,27.263838275041522,711.1599440460736,15.100468785435176,14.317915148251245,380,0
2024-05-11,A,Ladekabel_Basic,1.2291665838371628,15.0,73.21257801995093,938.5663629848574,14.928666264224425,15.696377340598527,294,0
2024-05-12,A,Ladekabel_Basic,1.2258000482596025,15.0,76.93816509643283,997.2544756705026,14.750221785709678,15.808144952892984,258,0
2024-05-13,A,Ladekabel_Basic,1.2223666032545788,15.0,40.80816964273421,748.1417148378462,14.767206756466827,14.724245089282027,321,0
2024-05-14,A,Ladekabel_Basic,1.2188672662259463,15.0,44.18447660096024,358.4990882846357,13.839148832768226,14.825534298028806,287,0
2024-05-15,A,Ladekabel_Basic,1.2153030741027886,15.0,54.287980860873574,891.7771620649092,15.198191072705502,15.128639425826208,295,0
2024-05-16,A,Ladekabel_Basic,1.2116750830321534,15.0,55.01685184980538,144.29882308668545,14.969749567339468,15.150505555494162,237,0
2024-05-17,A,Ladekabel_Basic,1.2079843680660933,15.0,59.878164090092454,307.9727675870466,15.559020543058406,15.296344922702774,272,0
2024-05-18,A,Ladekabel_Basic,1.204232022843105,15.0,80.15306808149525,907.6471457173434,15.070142622328955,15.904592042444857,294,0
2024-05-19,A,Ladekabel_Basic,1.20041915926406,15.0,47.34579158758926,330.57236299541944,14.877972223823182,14.920373747627679,276,0
2024-05-20,A,Ladekabel_Basic,1.1965469071627255,15.0,38.02554133192319,298.58595365957365,14.346605227494276,14.640766239957696,281,0
2024-05-21,A,Ladekabel_Basic,1.1926164139709692,15.0,29.31021157978209,224.31276382622252,15.054114927616322,14.379306347393463,325,0
2024-05-22,A,Ladekabel_Basic,1.1886288443787503,15.0,39.036049400871214,873.2005818822248,15.553677923112122,14.671081482026135,364,0
2024-05-23,A,Ladekabel_Basic,1.1845853799889983,15.0,49.503095406893046,550.0524332719781,14.142495756687104,14.985092862206791,292,0
2024-05-24,A,Ladekabel_Basic,1.1804872189674769,15.0,76.91836795276681,707.4038827487393,15.065605315260555,15.807551038583004,286,0
2024-05-25,A,Ladekabel_Basic,1.176335575687742,15.0,42.235830514457426,315.1597456675267,15.174782213647113,14.767074915433723,286,0
2024-05-26,A,Ladekabel_Basic,1.1721316803712973,15.0,53.35681927458348,782.2363789100948,14.461451412286301,15.100704578237504,304,0
2024-05-27,A,Ladekabel_Basic,1.1678767787230528,15.0,49.753656558908716,784.0049904658887,14.559107771318999,14.99260969676726,294,0
2024-05-28,A,Ladekabel_Basic,1.1635721315621952,15.0,67.82589910172126,381.3382224174701,15.17295813657466,15.534776973051638,223,0
2024-05-29,A,Ladekabel_Basic,1.1592190144485799,15.0,87.90398638810433,469.61436970925456,14.149934236280531,16.13711959164313,233,0
2024-05-30,A,Ladekabel_Basic,1.154818717304756,15.0,42.03696840619519,288.7212496871808,15.262442786437044,14.761109052185855,257,0
2024-05-31,A,Ladekabel_Basic,1.1503725440337327,15.0,42.658408362226666,978.9049209906138,14.3284842197556,14.7797522508668,280,0
2024-06-01,A,Ladekabel_Basic,1.145881812132607,15.0,65.66241315603608,681.0423193525704,15.79714026977491,15.469872394681083,319,0
2024-06-02,A,Ladekabel_Basic,1.1413478523021592,15.0,60.22837234439467,941.0894926439639,16.753370809041225,15.30685117033184,332,0
2024-06-03,A,Ladekabel_Basic,1.1367720080525376,15.0,77.70060988604051,373.04698926621984,14.354432398723635,15.831018296581215,234,0
2024-06-04,A,Ladekabel_Basic,1.1321556353051485,15.0,58.75892277988946,803.7018216972008,15.400655896781007,15.262767683396683,302,0
2024-06-05,A,Ladekabel_Basic,1.1275001019908664,15.0,44.610618638194104,789.2727794962678,14.454943571338484,14.838318559145824,279,0
2024-06-06,A,Ladekabel_Basic,1.1228067876446863,15.0,58.85982246038464,722.4900866798874,15.780715630348341,15.26579467381154,333,0
2024-06-07,A,Ladekabel_Basic,1.11807708299694,15.0,66.63055370874362,969.0750777401204,14.051056193186088,15.498916611262308,260,0
2024-06-08,A,Ladekabel_Basic,1.1133123895611894,15.0,62.30723271796047,454.19980249568397,15.360440068820784,15.369216981538814,252,0
2024-06-09,A,Ladekabel_Basic,1.1085141192189303,15.0,57.609110466609465,217.64559123078158,14.345258274832986,15.228273313998283,233,0
2024-06-10,A,Ladekabel_Basic,1.10368369380122,15.0,66.00012034383731,704.5379733196547,14.844761558176224,15.48000361031512,295,0
2024-06-11,A,Ladekabel_Basic,1.0988225446673592,15.0,67.5394338566851,756.3788204294856,14.22673104363952,15.526183015700553,230,0
2024-06-12,A,Ladekabel_Basic,1.0939321122807482,15.0,70.7323848655629,617.5545161129332,15.616762853171814,15.621971545966888,285,0
2024-06-13,A,Ladekabel_Basic,1.0890138457820473,15.0,59.73064831384464,286.13610382005663,14.37226473417031,15.291919449415339,243,0
2024-06-14,A,Ladekabel_Basic,1.0840692025597647,15.0,47.493228795247184,554.0103475024198,15.413973194498872,14.924796863857415,278,0
2024-06-15,A,Ladekabel_Basic,1.079099647818402,15.0,52.20070529649984,380.97076291221646,14.741926478803249,15.066021158894996,234,0
2024-06-16,A,Ladekabel_Basic,1.0741066541442807,15.0,68.09763449762535,484.7198753500202,14.914145721150852,15.542929034928761,242,0
2024-06-17,A,Ladekabel_Basic,1.0690917010691836,15.0,37.74596493519146,680.6967182601975,15.110816930550095,14.632378948055743,278,0
2024-06-18,A,Ladekabel_Basic,1.0640562746319389,15.0,55.53009963309352,770.6932684217511,14.428631496255864,15.165902988992805,251,0
2024-06-19,A,Ladekabel_Basic,1.059001866938073,15.0,44.09991781508959,309.0022218112088,15.157775335155664,14.822997534452687,239,0
2024-06-20,A,Ladekabel_Basic,1.0539299757176688,15.0,50.431172344022265,464.792824582258,16.14775092326581,15.012935170320668,291,0
2024-06-21,A,Ladekabel_Basic,1.0488421038815552,15.0,69.17677793910948,342.2454138924663,14.416428910625465,15.575303338173285,223,0
2024-06-22,A,Ladekabel_Basic,1.0437397590759625,15.0,52.86648602029855,278.7684524756822,15.878857607455384,15.085994580608956,243,0
2024-06-23,A,Ladekabel_Basic,1.0386244532357745,15.0,50.69654822234223,805.0484979962546,16.123573225115837,15.020896446670267,318,0
2024-06-24,A,Ladekabel_Basic,1.0334977021365086,15.0,29.60215788530121,918.3274249932932,14.387883758228966,14.388064736559036,273,0
2024-06-25,A,Ladekabel_Basic,1.0283610249451598,15.0,61.193803490408314,433.208967116119,13.908709046182087,15.335814104712249,203,0
2024-06-26,A,Ladekabel_Basic,1.023215943770039,15.0,59.68226271711613,776.1510319363902,15.226470675128823,15.290467881513484,286,0
2024-06-27,A,Ladekabel_Basic,1.018063983209738,15.0,82.4488208495819,907.29576042797,14.589444357924844,15.973464625487457,221,0
2024-06-28,A,Ladekabel_Basic,1.0129066699013591,15.0,45.38332647570499,861.5117894772084,16.40145241437225,14.86149979427115,332,0
2024-06-29,A,Ladekabel_Basic,1.0077455320681399,15.0,53.28725491495908,264.5320496853033,15.026105655374874,15.098617647448773,218,0
2024-06-30,A,Ladekabel_Basic,1.0025820990666066,15.0,53.74075525566133,960.6626933620252,14.398350443973614,15.11222265766984,241,0
2024-07-01,A,Ladekabel_Basic,0.9974179009333936,15.0,73.66179919645212,439.0087963865162,14.139630366741217,15.709853975893564,216,0
2024-07-02,A,Ladekabel_Basic,0.9922544679318602,15.0,48.57056701419572,405.3165950564527,15.817428719318123,14.957117010425872,252,0
2024-07-03,A,Ladekabel_Basic,0.9870933300986409,15.0,54.18532288655509,156.1881945500023,14.571612019436861,15.125559686596652,194,0
2024-07-04,A,Ladekabel_Basic,0.9819360167902622,15.0,59.11844764574809,537.5562886943947,15.032871599595321,15.273553429372443,252,0
2024-07-05,A,Ladekabel_Basic,0.976784056229961,15.0,52.79913684734537,198.11225407683582,15.716852058834359,15.083974105420362,234,0
2024-07-06,A,Ladekabel_Basic,0.9716389750548402,15.0,43.30349578174208,323.6858388346834,14.636806236051877,14.799104873452263,207,0
2024-07-07,A,Ladekabel_Basic,0.9665022978634916,15.0,52.911349893474615,385.24835959055326,14.965553378444879,15.087340496804238,212,0
2024-07-08,A,Ladekabel_Basic,0.9613755467642258,15.0,66.10447624789659,827.9436911425156,14.987573692633111,15.483134287436897,224,0
2024-07-09,A,Ladekabel_Basic,0.9562602409240377,15.0,34.602270508834096,887.9397853563069,15.51249338363707,14.538068115265023,307,0
2024-07-10,A,Ladekabel_Basic,0.951157896118445,15.0,51.99454511220314,372.2196857153227,15.443058251632745,15.059836353366094,232,0
2024-07-11,A,Ladekabel_Basic,0.9460700242823313,15.0,39.4981877759124,872.8283091201165,14.834914701558878,14.684945633277373,259,0
2024-07-12,A,Ladekabel_Basic,0.9409981330619271,15.0,67.92569943387264,871.507843632812,15.047736796122388,15.537770983016179,245,0
2024-07-13,A,Ladekabel_Basic,0.9359437253680613,15.0,27.15219642824338,788.1858553463861,14.721165741357382,14.314565892847302,272,0
2024-07-14,A,Ladekabel_Basic,0.9309082989308164,15.0,41.61617229092617,232.02560261366338,13.891790694810418,14.748485168727786,173,0
2024-07-15,A,Ladekabel_Basic,0.9258933458557195,15.0,55.658178125967815,721.290562210656,15.193200643048598,15.169745343779034,209,0
2024-07-16,A,Ladekabel_Basic,0.9209003521815978,15.0,73.4828604385151,950.5216581225119,16.4191438206248,15.704485813155454,245,0
2024-07-17,A,Ladekabel_Basic,0.9159307974402352,15.0,49.01374608390518,714.2864308904414,14.337210644481702,14.970412382517155,233,0
2024-07-18,A,Ladekabel_Basic,0.9109861542179529,15.0,41.67200709960203,398.4551641970506,14.420227717797973,14.75016021298806,202,0
2024-07-19,A,Ladekabel_Basic,0.906067887719252,15.0,78.21735604160885,550.5213856877482,14.346954171267193,15.846520681248265,168,0
2024-07-20,A,Ladekabel_Basic,0.9011774553326409,15.0,28.27979149375634,681.1525390159483,15.543443834042343,14.34839374481269,307,0
2024-07-21,A,Ladekabel_Basic,0.89631630619878,15.0,17.01791065069877,559.5133678556532,15.336364090647331,14.010537319520964,257,0
2024-07-22,A,Ladekabel_Basic,0.8914858807810697,15.0,56.60021675079999,207.95764755787283,14.881096730687657,15.198006502523999,187,0
2024-07-23,A,Ladekabel_Basic,0.8866876104388106,15.0,42.46918663471083,380.85764018681857,14.311485703770776,14.774075599041325,208,0
2024-07-24,A,Ladekabel_Basic,0.88192291700306,15.0,34.681507743039305,822.1564274982693,15.069282593729943,14.540445232291178,253,0
2024-07-25,A,Ladekabel_Basic,0.8771932123553137,15.0,60.6253467094903,875.2762414859657,13.826533404498146,15.31876040128471,193,0
2024-07-26,A,Ladekabel_Basic,0.8724998980091339,15.0,53.65701070656798,223.57002944401322,15.107569925143121,15.10971032119704,193,0
2024-07-27,A,Ladekabel_Basic,0.8678443646948515,15.0,41.538820538949075,957.1480771588522,15.65364328956595,14.746164616168473,272,0
2024-07-28,A,Ladekabel_Basic,0.8632279919474624,15.0,30.795434019936582,395.9403560637484,14.061600647524742,14.423863020598098,222,0
2024-07-29,A,Ladekabel_Basic,0.8586521476978408,15.0,63.08685992420217,696.0823648576479,13.850611292377751,15.392605797726064,201,0
2024-07-30,A,Ladekabel_Basic,0.8541181878673929,15.0,59.753017669379915,776.6426313610131,16.184578418771146,15.292590530081398,253,0
2024-07-31,A,Ladekabel_Basic,0.8496274559662673,15.0,48.51236204330926,830.751611174095,14.54118027037156,14.955370861299278,214,0
2024-08-01,A,Ladekabel_Basic,0.8451812826952443,15.0,77.69955494071499,951.1747320033371,15.851960884457867,15.83098664822145,236,0
2024-08-02,A,Ladekabel_Basic,0.8407809855514201,15.0,33.94872850510771,381.62759322594036,14.884501751101627,14.518461855153232,214,0
2024-08-03,A,Ladekabel_Basic,0.8364278684378048,15.0,27.117122436128916,872.655809096399,14.878533887294005,14.313513673083868,223,0
2024-08-04,A,Ladekabel_Basic,0.8321232212769472,15.0,39.62137895178133,218.51821309258634,15.328809524622484,14.68864136855344,197,0
2024-08-05,A,Ladekabel_Basic,0.8278683196287027,15.0,49.31620975466753,734.5368157182335,14.33700085744017,14.979486292640026,200,0
2024-08-06,A,Ladekabel_Basic,0.823664424312258,15.0,53.65009173984038,767.7799565625872,15.099372857621734,15.109502752195212,230,0
2024-08-07,A,Ladekabel_Basic,0.8195127810325232,15.0,46.38145913215505,709.9509170811884,14.71388293888193,14.891443773964651,199,0
2024-08-08,A,Ladekabel_Basic,0.8154146200110017,15.0,55.28083094771445,327.08326252163766,14.009629917446226,15.158424928431433,155,0
2024-08-09,A,Ladekabel_Basic,0.8113711556212496,15.0,31.226908637143335,885.738832313683,15.2531115560448,14.4368072591143,278,0
2024-08-10,A,Ladekabel_Basic,0.8073835860290309,15.0,71.65646906109889,251.9726170333555,14.802519144841563,15.649694071832966,178,0
2024-08-11,A,Ladekabel_Basic,0.8034530928372745,15.0,48.76773232411147,148.27131236874774,14.88223137866647,14.963031969723344,156,0
2024-08-12,A,Ladekabel_Basic,0.79958084073594,15.0,66.75943747382192,745.718491550721,14.092379292439382,15.502783124214657,156,0
2024-08-13,A,Ladekabel_Basic,0.7957679771568953,15.0,55.14088019566556,527.9281437094603,16.193550275822105,15.154226405869966,228,0
2024-08-14,A,Ladekabel_Basic,0.7920156319339069,15.0,56.85129828730676,864.1882179628085,15.657535639789588,15.205538948619203,225,0
2024-08-15,A,Ladekabel_Basic,0.7883249169678468,15.0,58.546509203483055,445.05742695243305,15.723116913128985,15.256395276104492,190,0
2024-08-16,A,Ladekabel_Basic,0.7846969258972115,15.0,56.715628400259725,251.45072965694155,14.77091647316874,15.201468852007793,164,0
2024-08-17,A,Ladekabel_Basic,0.7811327337740537,15.0,59.64084139801316,852.7979732228828,13.703112832872435,15.289225241940395,191,0
2024-08-18,A,Ladekabel_Basic,0.7776333967454213,15.0,69.93728795198648,594.0186684760645,16.46468803686713,15.598118638559594,216,0
2024-08-19,A,Ladekabel_Basic,0.7741999517403975,15.0,52.94781754552205,270.2762131513194,14.9541768689956,15.088434526365662,187,0
2024-08-20,A,Ladekabel_Basic,0.7708334161628372,15.0,60.63505636382769,748.3455987278012,14.43840015298496,15.319051690914831,175,0
2024-08-21,A,Ladekabel_Basic,0.7675347875898878,15.0,48.6539645856916,560.0022746405505,15.312601180862334,14.959618937570747,191,0
2024-08-22,A,Ladekabel_Basic,0.7643050434763856,15.0,71.6017582317421,643.8816840162879,15.875340591002475,15.648052746952263,220,0
2024-08-23,A,Ladekabel_Basic,0.7611451408652155,15.0,39.85411546911095,514.8085043859237,14.9827120829359,14.695623464073329,174,0
2024-08-24,A,Ladekabel_Basic,0.7580560161037166,15.0,77.01410649366224,845.8380854362058,15.958931375954531,15.810423194809868,185,0
2024-08-25,A,Ladekabel_Basic,0.7550385845662253,15.0,49.39763074033485,846.6064441147448,15.812249953887651,14.981928922210045,232,0
2024-08-26,A,Ladekabel_Basic,0.7520937403828272,15.0,28.538373468229278,738.4499396419476,14.192714109448456,14.356151204046878,228,0
2024-08-27,A,Ladekabel_Basic,0.7492223561744091,15.0,51.92156622366184,194.86123965681605,14.494657420755392,15.057646986709855,142,0
2024-08-28,A,Ladekabel_Basic,0.7464252827940809,15.0,39.78422513787679,854.968475713662,15.718152872459825,14.693526754136304,219,0
2024-08-29,A,Ladekabel_Basic,0.743703349075052,15.0,62.609653234830866,703.9116824796188,12.965540577142173,15.378289597044926,152,0
2024-08-30,A,Ladekabel_Basic,0.7410573615850266,15.0,40.210640310464136,727.3217494038696,14.887908230126259,14.706319209313923,201,0
2024-08-31,A,Ladekabel_Basic,0.7384881043872035,15.0,43.307248501778304,426.6845563634845,13.926876598781496,14.799217455053348,139,0
2024-09-01,A,Ladekabel_Basic,0.7359963388079394,15.0,21.656889035817034,891.3516005413061,14.642584648924856,14.149706671074512,226,0
2024-09-02,A,Ladekabel_Basic,0.7335828032111521,15.0,43.21540521126385,752.8344402113718,14.775884933228097,14.796462156337915,205,0
2024-09-03,A,Ladekabel_Basic,0.7312482127795273,15.0,13.64181010056565,201.33141987627502,14.731316716569369,13.909254303016969,172,0
2024-09-04,A,Ladekabel_Basic,0.7289932593025947,15.0,26.24145764771415,467.0002309655464,14.585804060915542,14.287243729431424,186,0
2024-09-05,A,Ladekabel_Basic,0.7268186109717352,15.0,61.40621984216446,897.7423257641275,14.17714226277839,15.342186595264934,168,0
2024-09-06,A,Ladekabel_Basic,0.7247249121821819,15.0,61.787002379762484,142.4770315276411,16.718933450114015,15.353610071392875,147,0
2024-09-07,A,Ladekabel_Basic,0.722712783342072,15.0,56.38186342677447,965.2749576778446,16.40059650312101,15.191455902803234,230,0
2024-09-08,A,Ladekabel_Basic,0.7207828206886062,15.0,35.495357853061805,711.2463114876065,14.128450634807788,14.564860735591854,179,0
2024-09-09,A,Ladekabel_Basic,0.7189355961113706,15.0,49.2843296578703,668.2383798790389,16.186587563477673,14.978529889736109,201,0
2024-09-10,A,Ladekabel_Basic,0.7171716569828739,15.0,49.945961913641476,343.50333083919224,14.700400882145361,14.998378857409245,155,0
2024-09-11,A,Ladekabel_Basic,0.7154915259963486,15.0,32.62452966211187,323.91260986525936,15.096890604998782,14.478735889863357,189,0
2024-09-12,A,Ladekabel_Basic,0.7138957010108664,15.0,72.55097452650726,947.8523975397359,14.952544530077313,15.676529235795218,180,0
2024-09-13,A,Ladekabel_Basic,0.7123846549038111,15.0,63.16043435863507,368.4452088107105,14.505188519059526,15.394813030759051,143,0
2024-09-14,A,Ladekabel_Basic,0.7109588354307554,15.0,46.68553739255504,797.9547670470994,15.737889257704612,14.90056612177665,214,0
2024-09-15,A,Ladekabel_Basic,0.7096186650927807,15.0,50.40328758491796,453.80961838637126,15.094414897932493,15.01209862754754,173,0
2024-09-16,A,Ladekabel_Basic,0.7083645410112817,15.0,53.125742119213285,225.32866370623358,14.642586432585569,15.0937722635764,160,0
2024-09-17,A,Ladekabel_Basic,0.7071968348102895,15.0,19.373976973635642,109.64376792582306,14.021557917149646,14.08121930920907,130,0
2024-09-18,A,Ladekabel_Basic,0.706115892506353,15.0,46.29233926219105,589.8316033137257,14.32980373971066,14.888770177865732,147,0
2024-09-19,A,Ladekabel_Basic,0.7051220344060054,15.0,39.770236280033025,978.2009366940395,13.768964913298426,14.693107088400991,181,0
2024-09-20,A,Ladekabel_Basic,0.7042155550108509,15.0,34.975699851576266,432.222574428284,15.009167661311377,14.549270995547287,175,0
2024-09-21,A,Ladekabel_Basic,0.703396722930298,15.0,45.78349560671067,421.47310059374036,14.102500805786702,14.87350486820132,150,0
2024-09-22,A,Ladekabel_Basic,0.7026657808019636,15.0,76.96529790274283,409.6824560644979,14.800829615611095,15.808958937082284,158,0
2024-09-23,A,Ladekabel_Basic,0.7020229452197757,15.0,59.61264291900515,568.4894535743725,16.02757639020778,15.288379287570155,199,0
2024-09-24,A,Ladekabel_Basic,0.7014684066697907,15.0,41.432315153258045,496.59839508186417,15.899474679691188,14.742969454597741,193,0
2024-09-25,A,Ladekabel_Basic,0.7010023294737491,15.0,58.58874172034238,891.923164054313,14.975792329423037,15.257662251610272,184,0
2024-09-26,A,Ladekabel_Basic,0.7006248517403824,15.0,70.99033154879004,554.9687125511413,14.934686455392638,15.629709946463702,167,0
2024-09-27,A,Ladekabel_Basic,0.70033608532449,15.0,63.869505243691535,556.9820543697119,16.409905912065756,15.416085157310746,199,0
2024-09-28,A,Ladekabel_Basic,0.7001361157937929,15.0,50.89445554880261,224.53443524850093,15.390567090269034,15.026833666464078,160,0
2024-09-29,A,Ladekabel_Basic,0.7000250024035786,15.0,40.295948334416394,984.4655868193473,14.754145155092608,14.708878450032492,196,0
2024-09-30,A,Ladekabel_Basic,0.7000027780791429,15.0,60.47334970420385,324.9756017819467,13.930486412159661,15.314200491126115,147,0
2024-10-01,A,Ladekabel_Basic,0.7000694494060328,15.0,55.90228078132625,166.0276607136424,15.295404913623559,15.177068423439787,130,0
2024-10-02,A,Ladekabel_Basic,0.7002249966280949,15.0,63.42789830041598,696.8316240776879,15.621992829437147,15.40283694901248,211,0
2024-10-03,A,Ladekabel_Basic,0.7004693736533307,15.0,59.52757702522954,635.8297331411854,14.526261356614768,15.285827310756886,166,0
2024-10-04,A,Ladekabel_Basic,0.7008025080675533,15.0,65.74329072979003,473.63108859347113,15.218402066353523,15.4722987218937,176,0
2024-10-05,A,Ladekabel_Basic,0.7012243011558463,15.0,41.97147182659148,479.97301049261023,14.727320028813727,14.759144154797745,158,0
2024-10-06,A,Ladekabel_Basic,0.7017346279318144,15.0,69.76091098451488,806.5575289417881,14.861975700600748,15.592827329535446,158,0
2024-10-07,A,Ladekabel_Basic,0.7023333371746203,15.0,52.96399407038599,276.1413760896842,13.13413345682825,15.08891982211158,126,0
2024-10-08,A,Ladekabel_Basic,0.7030202514737941,15.0,81.12891308937898,838.2279870504008,14.8336639472129,15.93386739268137,150,0
2024-10-09,A,Ladekabel_Basic,0.7037951672818041,15.0,39.66218272865648,683.8724025055163,15.727026976806043,14.689865481859695,213,0
2024-10-10,A,Ladekabel_Basic,0.7046578549743723,15.0,76.03945704747873,477.07279640157196,14.526448083325082,15.781183711424362,133,0
2024-10-11,A,Ladekabel_Basic,0.7056080589185172,15.0,52.96866175193972,512.2257549254817,15.039394776161487,15.089059852558192,151,0
2024-10-12,A,Ladekabel_Basic,0.706645497548303,15.0,40.22872994578327,330.98248646748624,14.433036969981059,14.706861898373498,169,0
2024-10-13,A,Ladekabel_Basic,0.7077698634482739,15.0,42.741712489185176,776.9028994272774,15.270331257219578,14.782251374675555,202,0
2024-10-14,A,Ladekabel_Basic,0.7089808234445478,15.0,45.1947903770852,561.587268074741,14.83760760184787,14.855843711312556,201,0
2024-10-15,A,Ladekabel_Basic,0.7102780187035436,15.0,56.36248919602875,388.76908847485925,14.295568844488495,15.190874675880863,166,0
2024-10-16,A,Ladekabel_Basic,0.7116610648383097,15.0,57.84253232053249,636.4451041848553,15.999413600748847,15.235275969615975,199,0
2024-10-17,A,Ladekabel_Basic,0.7131295520224283,15.0,41.394499940921314,996.1610068461907,15.69669901014916,14.74183499822764,205,0
2024-10-18,A,Ladekabel_Basic,0.7146830451114539,15.0,49.634681116085254,491.7360516908985,14.546319927053869,14.989040433482558,174,0
2024-10-19,A,Ladekabel_Basic,0.7163210837718572,15.0,82.13405537917795,928.6222607007576,15.373341232063334,15.96402166137534,169,0
2024-10-20,A,Ladekabel_Basic,0.7180431826174314,15.0,75.91314755151068,410.5151559321095,15.403059002115286,15.777394426545321,152,0
2024-10-21,A,Ladekabel_Basic,0.7198488313531224,15.0,56.54485504511048,149.2594362324873,15.481725926258381,15.196345651353315,169,0
2024-10-22,A,Ladekabel_Basic,0.7217374949262411,15.0,50.570052172523006,283.81789573158596,13.729308078003692,15.01710156517569,148,0
2024-10-23,A,Ladekabel_Basic,0.7237086136850096,15.0,51.80046990077392,476.8256289949158,15.75495490577447,15.054014097023218,190,0
2024-10-24,A,Ladekabel_Basic,0.7257616035443999,15.0,59.20276959095625,297.6714357351121,14.5727257778057,15.276083087728688,171,0
2024-10-25,A,Ladekabel_Basic,0.7278958561592092,15.0,34.658111522023916,100.20433439642999,14.73162904991905,14.539743345660717,120,0
2024-10-26,A,Ladekabel_Basic,0.730110739104327,15.0,46.139351938649824,923.5013839727745,16.97841131419515,14.884180558159494,227,0
2024-10-27,A,Ladekabel_Basic,0.7324055960621354,15.0,24.97123889183615,859.4914701078361,15.22640503554076,14.249137166755084,208,0
2024-10-28,A,Ladekabel_Basic,0.7347797470169909,15.0,55.98834683907919,768.0630083382524,14.710258143414618,15.179650405172376,191,0
2024-10-29,A,Ladekabel_Basic,0.737232488456727,15.0,59.707939095541114,251.03313608142577,13.34602922043307,15.291238172866233,127,0
2024-10-30,A,Ladekabel_Basic,0.7397630935811209,15.0,42.75220306550939,208.32721858898745,16.042323100459765,14.782566091965283,168,0
2024-10-31,A,Ladekabel_Basic,0.7423708125172591,15.0,73.60980144935048,160.84427452514484,13.991092746893548,15.708294043480514,111,0
2024-11-01,A,Ladekabel_Basic,0.7450548725417416,15.0,31.613515054964886,751.6262698956291,14.247420822375373,14.448405451648947,194,0
2024-11-02,A,Ladekabel_Basic,0.7478144783096565,15.0,28.0343767968527,935.9271646190967,14.751485775684113,14.34103130390558,230,0
2024-11-03,A,Ladekabel_Basic,0.7506488120902577,15.0,53.36677727839958,487.4822388217333,16.06230884377522,15.101003318351987,208,0
2024-11-04,A,Ladekabel_Basic,0.7535570340092757,15.0,65.70647453918232,207.22660479644335,15.57992998999932,15.471194236175469,152,0
2024-11-05,A,Ladekabel_Basic,0.7565382822977917,15.0,75.25891537186803,561.153538658896,14.881621867619806,15.75776746115604,180,0
2024-11-06,A,Ladekabel_Basic,0.7595916735475969,15.0,43.1167360569659,413.9487167127671,15.231219047729116,14.793502081708978,178,0
2024-11-07,A,Ladekabel_Basic,0.7627163029729668,15.0,66.18021250146944,437.3424319149979,14.549710730346671,15.485406375044084,165,0
2024-11-08,A,Ladekabel_Basic,0.7659112446787673,15.0,49.422372957489394,659.1975617401365,15.104740267174012,14.982671188724682,213,0
2024-11-09,A,Ladekabel_Basic,0.7691755519348186,15.0,47.41059050088771,746.8463019359822,15.055002558583602,14.922317715026631,214,0
2024-11-10,A,Ladekabel_Basic,0.7725082574564313,15.0,63.25489906230008,199.54323898584477,15.726577421761016,15.397646971869003,150,0
2024-11-11,A,Ladekabel_Basic,0.7759083736910335,15.0,59.78484317620129,132.03120772582875,15.72538359182921,15.29354529528604,158,0
2024-11-12,A,Ladekabel_Basic,0.7793748931108042,15.0,26.354117645236258,994.8972724171434,15.370483036654235,14.290623529357088,244,0
2024-11-13,A,Ladekabel_Basic,0.7829067885112263,15.0,72.14810524588843,309.45551402399667,14.728239331840422,15.664443157376652,152,0
2024-11-14,A,Ladekabel_Basic,0.7865030133154675,15.0,70.70137031221178,148.44747241761317,15.556366720792594,15.621041109366354,150,0
2024-11-15,A,Ladekabel_Basic,0.7901625018845059,15.0,40.61655947735706,270.887796186328,14.931023650347715,14.718496784320712,197,0
2024-11-16,A,Ladekabel_Basic,0.7938841698328998,15.0,55.93705300156113,135.0620617136178,14.18856422346515,15.178111590046834,146,0
2024-11-17,A,Ladekabel_Basic,0.7976669143501163,15.0,57.41045279424108,452.6298051554545,14.697534156066796,15.222313583827232,186,0
2024-11-18,A,Ladekabel_Basic,0.8015096145273163,15.0,53.910106487358604,822.1616060061918,15.063395237838243,15.117303194620758,222,0
2024-11-19,A,Ladekabel_Basic,0.8054111316895054,15.0,41.7454226923187,407.1200047819486,15.68266183774856,14.752362680769561,229,0
2024-11-20,A,Ladekabel_Basic,0.8093703097329468,15.0,39.92564948092922,499.7650661905299,14.862353870882135,14.697769484427877,195,0
2024-11-21,A,Ladekabel_Basic,0.8133859754677396,15.0,49.61668893512832,708.0280962106949,14.093100966570296,14.988500668053849,194,0
2024-11-22,A,Ladekabel_Basic,0.8174569389654621,15.0,67.59093528889046,558.0046630628922,15.042556262472615,15.527728058666714,185,0
2024-11-23,A,Ladekabel_Basic,0.8215819939117708,15.0,58.15400231891648,875.3011174191918,15.085092030042414,15.244620069567494,208,0
2024-11-24,A,Ladekabel_Basic,0.8257599179638596,15.0,44.44078501870841,879.4321075411808,15.139378221677065,14.833223550561252,229,0
2024-11-25,A,Ladekabel_Basic,0.8299894731126645,15.0,61.57548065972517,108.91962594203828,15.689903636965822,15.347264419791756,144,0
2024-11-26,A,Ladekabel_Basic,0.8342694060497139,15.0,7.271860690548868,800.2416758348793,15.764192430067423,13.718155820716467,267,0
2024-11-27,A,Ladekabel_Basic,0.8385984485385103,15.0,67.23148550558155,514.6602402175065,14.55434184571375,15.516944565167446,213,0
2024-11-28,A,Ladekabel_Basic,0.842975317790335,15.0,23.904293318328506,989.9564871732968,14.537892406463293,14.217128799549855,260,0
2024-11-29,A,Ladekabel_Basic,0.8473987168443687,15.0,44.56338587895302,534.9088682878917,14.219850966783396,14.836901576368591,196,0
2024-11-30,A,Ladekabel_Basic,0.8518673349520067,15.0,33.20495158060784,988.2063508494678,15.524111752710358,14.496148547418235,258,0
2024-12-01,A,Ladekabel_Basic,0.8563798479652636,15.0,30.57977786418642,779.112425085163,16.08661508125329,14.417393335925592,268,0
2024-12-02,A,Ladekabel_Basic,0.8609349187291446,15.0,67.41240181067779,323.7443961519757,14.763688554068306,15.522372054320334,173,0
2024-12-03,A,Ladekabel_Basic,0.8655311974778768,15.0,42.98448198032163,584.5554813582619,14.818927076456255,14.78953445940965,248,0
2024-12-04,A,Ladekabel_Basic,0.8701673222348705,15.0,55.197558225960734,992.9220755307244,16.100086917674233,15.155926746778823,246,0
2024-12-05,A,Ladekabel_Basic,0.8748419192163049,15.0,49.29619131681224,871.7775469767313,15.379168389911257,14.978885739504367,266,0
2024-12-06,A,Ladekabel_Basic,0.8795536032382079,15.0,57.15561240834682,187.63020441209898,15.327176778600792,15.214668372250404,183,0
2024-12-07,A,Ladekabel_Basic,0.8843009781269178,15.0,51.15232836590383,735.7347971289964,14.106812620519705,15.034569850977114,210,0
2024-12-08,A,Ladekabel_Basic,0.889082637132798,15.0,30.755116637171454,411.02162728373173,15.509046051959563,14.422653499115144,217,0
2024-12-09,A,Ladekabel_Basic,0.8938971633470884,15.0,64.9440022917071,106.28403569231331,14.303147744617682,15.448320068751213,136,0
2024-12-10,A,Ladekabel_Basic,0.898743130121766,15.0,42.593651252580315,463.13287212429964,14.149484860548782,14.77780953757741,228,0
2024-12-11,A,Ladekabel_Basic,0.9036191014922904,15.0,26.651271520103734,311.27897955247414,14.739921317424967,14.299538145603112,215,0
2024-12-12,A,Ladekabel_Basic,0.9085236326031132,15.0,43.578272585511314,836.9823434684243,14.560655457413482,14.80734817756534,255,0
2024-12-13,A,Ladekabel_Basic,0.9134552701358171,15.0,72.51139685951466,403.5975479611889,14.83380022921122,15.67534190578544,196,0
2024-12-14,A,Ladekabel_Basic,0.9184125527397684,15.0,62.753326131702394,844.7713245584354,13.91926377410631,15.382599783951072,203,0
2024-12-15,A,Ladekabel_Basic,0.9233940114651435,15.0,44.77021798388211,100.53814495131577,15.719112229850754,14.843106539516464,188,0
2024-12-16,A,Ladekabel_Basic,0.928398170198215,15.0,44.76113443522357,377.0372350235072,15.84576472088732,14.842834033056707,245,0
2024-12-17,A,Ladekabel_Basic,0.93342354609875,15.0,45.17547423173926,317.04869287698574,13.53949314439439,14.855264226952178,182,0
2024-12-18,A,Ladekabel_Basic,0.9384686500394143,15.0,81.15121975341262,310.2106249617499,15.733843354249911,15.93453659260238,209,0
2024-12-19,A,Ladekabel_Basic,0.9435319870470268,15.0,55.7290317834733,161.3679577889164,14.392103527633779,15.171870953504198,185,0
2024-12-20,A,Ladekabel_Basic,0.9486120567455567,15.0,56.45062470786605,268.41184336945156,15.642731652737089,15.193518741235982,215,0
2024-12-21,A,Ladekabel_Basic,0.9537073538007157,15.0,65.45425181047763,599.9946128970579,14.948665130500189,15.463627554314328,266,0
2024-12-22,A,Ladekabel_Basic,0.9588163683660205,15.0,53.581837385397705,362.22496555397004,15.021581673060748,15.107455121561932,229,0
2024-12-23,A,Ladekabel_Basic,0.9639375865301942,15.0,46.11436781268945,475.6553040962332,14.861176762934086,14.883431034380683,240,0
2024-12-24,A,Ladekabel_Basic,0.9690694907657693,15.0,47.05475226372533,439.18019231246967,15.909096903175113,14.911642567911759,273,0
2024-12-25,A,Ladekabel_Basic,0.974210560378766,15.0,48.92598110878904,888.3144324999051,14.070308990606229,14.96777943326367,244,0
2024-12-26,A,Ladekabel_Basic,0.9793592719593038,15.0,49.44166645235238,914.7690991094639,15.455880254051257,14.98324999357057,256,0
2024-12-27,A,Ladekabel_Basic,0.9845140998330237,15.0,60.9144431545547,543.6612744902741,15.825997623667162,15.327433294636641,250,0
2024-12-28,A,Ladekabel_Basic,0.9896735165131763,15.0,50.77918828710949,397.14035528404395,15.537255060405307,15.023375648613285,256,0
2024-12-29,A,Ladekabel_Basic,0.9948359931532494,15.0,60.98960115823369,196.12063360212727,16.74352418574256,15.329688034747011,232,0
2024-12-30,A,Ladekabel_Basic,1.0000000000000002,15.0,48.78925129837126,958.0625914438855,14.603289927956476,14.963677538951139,265,0
2024-12-31,A,Ladekabel_Basic,1.0051640068467502,15.0,51.17952785474136,154.20425041026772,15.717978616945148,15.035385835642241,237,0
2025-01-01,A,Ladekabel_Basic,1.0051640068467504,15.0,20.026989732018386,367.8852498114524,14.920432023493934,14.100809691960551,290,0
2025-01-02,A,Ladekabel_Basic,1.0103264834868237,15.0,63.74491512053722,368.2595810530037,15.9250545572645,15.412347453616116,267,0
2025-01-03,A,Ladekabel_Basic,1.015485900166976,15.0,55.19732713846989,388.36115752619344,14.994233253208973,15.155919814154096,240,0
2025-01-04,A,Ladekabel_Basic,1.020640728040696,15.0,64.97015164789478,247.85815894516836,14.709093163603148,15.449104549436843,208,0
2025-01-05,A,Ladekabel_Basic,1.025789439621234,15.0,6.556169327094661,804.8452878313275,15.979554152903724,13.69668507981284,385,0
2025-01-06,A,Ladekabel_Basic,1.0309305092342305,15.0,81.32562057171091,210.24807576939028,14.631328545735803,15.939768617151328,184,0
2025-01-07,A,Ladekabel_Basic,1.0360624134698058,15.0,47.90615557767239,671.4159932378465,13.940455680824583,14.937184667330172,211,0
2025-01-08,A,Ladekabel_Basic,1.0411836316339795,15.0,66.62274225106275,211.46142403523572,14.612364837619628,15.498682267531882,219,0
2025-01-09,A,Ladekabel_Basic,1.0462926461992843,15.0,34.401411093117034,163.4820738336609,15.4642747099414,14.53204233279351,235,0
2025-01-10,A,Ladekabel_Basic,1.0513879432544433,15.0,59.191608575938545,918.4865533172889,16.04402906369032,15.275748257278156,302,0
2025-01-11,A,Ladekabel_Basic,1.0564680129529733,15.0,34.198766552395156,271.1158896868351,15.083347031472382,14.525962996571854,252,0
2025-01-12,A,Ladekabel_Basic,1.0615313499605858,15.0,40.64346558956292,839.1251391037339,15.98864780042552,14.719303967686887,334,0
2025-01-13,A,Ladekabel_Basic,1.0665764539012497,15.0,78.71047030800179,590.1677839964223,13.981368808891805,15.861314109240054,217,0
2025-01-14,A,Ladekabel_Basic,1.071601829801785,15.0,47.1397639885498,170.07086764789264,14.667552401386573,14.914192919656495,217,0
2025-01-15,A,Ladekabel_Basic,1.076605988534856,15.0,53.26149309769584,959.9033722942607,14.783568662134424,15.097844792930875,293,0
2025-01-16,A,Ladekabel_Basic,1.0815874472602316,15.0,63.051015960331306,322.2650502927033,14.914080429395609,15.391530478809939,238,0
2025-01-17,A,Ladekabel_Basic,1.0865447298641826,15.0,57.435228319589065,873.6808108173459,15.063070791187648,15.223056849587673,269,0
2025-01-18,A,Ladekabel_Basic,1.0914763673968868,15.0,52.256283577153646,251.92900520610775,15.518183218044147,15.067688507314609,241,0
2025-01-19,A,Ladekabel_Basic,1.0963808985077093,15.0,55.47441503699338,868.5485939276676,14.666394871372132,15.164232451109802,269,0
2025-01-20,A,Ladekabel_Basic,1.101256869878234,15.0,86.05123377857413,111.90593161476458,15.104271515214844,16.081537013357224,184,0
2025-01-21,A,Ladekabel_Basic,1.1061028366529115,15.0,49.13571804449622,560.6024109125326,14.966157832256961,14.974071541334887,303,0
2025-01-22,A,Ladekabel_Basic,1.110917362867202,15.0,53.016485700724516,792.4983214794012,14.305582572081637,15.090494571021736,270,0
2025-01-23,A,Ladekabel_Basic,1.1156990218730822,15.0,65.75981594011418,941.315965743505,14.914749983188923,15.472794478203426,290,0
2025-01-24,A,Ladekabel_Basic,1.120446396761792,15.0,66.58288899436975,918.2819225858383,14.892255352577163,15.497486669831092,280,0
2025-01-25,A,Ladekabel_Basic,1.125158080783695,15.0,67.8054545834057,837.6623825928804,14.876189576247715,15.534163637502171,297,0
2025-01-26,A,Ladekabel_Basic,1.1298326777651293,15.0,59.58095333043777,899.3722146951736,15.023819592436089,15.287428599913133,262,0
2025-01-27,A,Ladekabel_Basic,1.1344688025221232,15.0,32.854926309042746,279.29771725336883,15.05675515546004,14.485647789271283,272,0
2025-01-28,A,Ladekabel_Basic,1.1390650812708554,15.0,74.50147298451644,355.7658661405559,14.675778615669502,15.735044189535493,241,0
2025-01-29,A,Ladekabel_Basic,1.1436201520347364,15.0,32.804819104719684,360.07167242895264,15.954536050478447,14.48414457314159,317,0
2025-01-30,A,Ladekabel_Basic,1.148132665047993,15.0,54.5395319785855,439.3485379015289,14.122889528097737,15.136185959357565,267,0
2025-01-31,A,Ladekabel_Basic,1.1526012831556314,15.0,38.68586224970963,453.98860334666983,14.459272418647577,14.66057586749129,246,0
2025-02-01,A,Ladekabel_Basic,1.157024682209665,15.0,49.03792480110511,590.099792189208,17.084972718167666,14.971137744033154,340,0
2025-02-02,A,Ladekabel_Basic,1.16140155146149,15.0,54.93143615455221,243.89178702979726,14.221506483758079,15.147943084636566,216,0
2025-02-03,A,Ladekabel_Basic,1.1657305939502858,15.0,54.8203582317541,722.1219974073904,13.98468399396768,15.144610746952623,245,0
2025-02-04,A,Ladekabel_Basic,1.1700105268873353,15.0,56.32881131352927,250.80988537405585,15.550857558750913,15.189864339405878,259,0
2025-02-05,A,Ladekabel_Basic,1.1742400820361403,15.0,74.20566903587971,379.2776338940928,13.442160109669594,15.72617007107639,247,0
2025-02-06,A,Ladekabel_Basic,1.178418006088229,15.0,56.803014522709695,553.0106175455386,14.82354456752067,15.204090435681291,283,0
2025-02-07,A,Ladekabel_Basic,1.1825430610345378,15.0,46.33765047064027,816.7965053711296,16.60936869380737,14.890129514119208,406,0
2025-02-08,A,Ladekabel_Basic,1.1866140245322603,15.0,64.46130752432536,765.5223099148545,13.841298058384949,15.433839225729761,235,0
2025-02-09,A,Ladekabel_Basic,1.1906296902670532,15.0,67.8420573338696,680.98092076947,13.513526635695964,15.535261720016088,242,0
2025-02-10,A,Ladekabel_Basic,1.1945888683104944,15.0,31.585882772945112,240.19593452215315,13.875614098531727,14.447576483188353,260,0
2025-02-11,A,Ladekabel_Basic,1.1984903854726836,15.0,58.96100104774787,592.3408110540199,15.673769676260239,15.268830031432437,309,0
2025-02-12,A,Ladekabel_Basic,1.2023330856498837,15.0,60.517591134663476,178.7018516198969,15.84358253998936,15.315527734039904,316,0
2025-02-13,A,Ladekabel_Basic,1.2061158301671,15.0,45.53654744960012,439.6268591169857,14.61555840226612,14.866096423488004,325,0
2025-02-14,A,Ladekabel_Basic,1.209837498115494,15.0,70.6356021996743,472.16487726096324,15.512409303000803,15.619068065990229,270,0
2025-02-15,A,Ladekabel_Basic,1.2134969866845324,15.0,47.74916619451209,135.83029550117845,16.042691495633992,14.932474985835363,269,0
2025-02-16,A,Ladekabel_Basic,1.2170932114887738,15.0,51.88364680207314,346.58928952297464,16.34050981082237,15.056509404062194,334,0
2025-02-17,A,Ladekabel_Basic,1.2206251068891956,15.0,47.40392263574196,960.0845205398405,14.815248539115114,14.922117679072258,354,0
2025-02-18,A,Ladekabel_Basic,1.2240916263089665,15.0,50.23368571372201,958.2693470467206,13.273896211747509,15.00701057141166,275,0
2025-02-19,A,Ladekabel_Basic,1.2274917425435687,15.0,33.55587369657197,417.0943488272854,14.384340808192736,14.50667621089716,302,0
2025-02-20,A,Ladekabel_Basic,1.2308244480651813,15.0,28.399236761085586,138.79009805349165,14.679896853798557,14.351977102832567,295,0
2025-02-21,A,Ladekabel_Basic,1.2340887553212325,15.0,73.91757594837458,261.1854453953634,14.805795902566208,15.717527278451238,248,0
2025-02-22,A,Ladekabel_Basic,1.2372836970270331,15.0,37.295579775225086,452.9960140901861,14.859105449243462,14.618867393256753,268,0
2025-02-23,A,Ladekabel_Basic,1.2404083264524028,15.0,35.129114758155396,953.0017281723068,15.839170948448002,14.553873442744662,372,0
2025-02-24,A,Ladekabel_Basic,1.2434617177022083,15.0,17.699148295944276,227.07915718346644,15.955821320015687,14.030974448878329,328,0
2025-02-25,A,Ladekabel_Basic,1.2464429659907243,15.0,40.41557378465747,787.164259301391,14.871244759556411,14.712467213539725,337,0
2025-02-26,A,Ladekabel_Basic,1.2493511879097423,15.0,30.15365309888752,197.81428543722288,15.823863657038865,14.404609592966626,313,0
2025-02-27,A,Ladekabel_Basic,1.2521855216903435,15.0,74.63022740204553,983.1318196521491,15.268246024973317,15.738906822061367,329,0
2025-02-28,A,Ladekabel_Basic,1.2549451274582584,15.0,65.1472563401395,443.4548491982215,15.048379479646927,15.454417690204185,286,0
2025-03-01,A,Ladekabel_Basic,1.2576291874827408,15.0,39.67774482233414,797.7110850091505,15.679908117832474,14.690332344670024,370,0
2025-03-02,A,Ladekabel_Basic,1.260236906418879,15.0,83.78653708016463,408.3319745300186,15.054189036178439,16.01359611240494,250,0
2025-03-03,A,Ladekabel_Basic,1.2627675115432728,15.0,64.72648230487391,664.9019894429279,16.54335838282332,15.441794469146217,393,0
2025-03-04,A,Ladekabel_Basic,1.265220252983009,15.0,45.12752924737066,272.81447626603307,13.92119162490408,14.85382587742112,248,0
2025-03-05,A,Ladekabel_Basic,1.2675944039378646,15.0,12.50891427689641,231.4189173672663,14.613621825680987,13.875267428306893,329,0
2025-03-06,A,Ladekabel_Basic,1.2698892608956729,15.0,84.36413858886112,944.2577256113182,14.905110827284537,16.030924157665833,318,0
2025-03-07,A,Ladekabel_Basic,1.2721041438407907,15.0,29.15641299854606,925.8825501139901,15.329589517843491,14.374692389956381,383,0
2025-03-08,A,Ladekabel_Basic,1.2742383964556,15.0,25.319018795646624,898.7220461915941,15.950970365327317,14.2595705638694,427,0
2025-03-09,A,Ladekabel_Basic,1.2762913863149903,15.0,65.3385564801446,662.8901051499341,14.981701074572882,15.460156694404338,341,0
2025-03-10,A,Ladekabel_Basic,1.278262505073759,15.0,86.5962860950891,827.4413900946504,13.933327762870343,16.097888582852672,262,0
2025-03-11,A,Ladekabel_Basic,1.2801511686468776,15.0,70.76409227765777,162.13324322023743,15.631885422341252,15.622922768329733,239,0
2025-03-12,A,Ladekabel_Basic,1.2819568173825686,15.0,58.45863680078539,401.3101377016112,15.566219074606472,15.253759104023562,355,0
2025-03-13,A,Ladekabel_Basic,1.2836789162281428,15.0,58.92131512497929,382.3328122814406,13.543606005465445,15.267639453749378,269,0
2025-03-14,A,Ladekabel_Basic,1.285316954888546,15.0,62.80123338170461,672.0807897573519,14.9971468997469,15.384037001451139,306,0
2025-03-15,A,Ladekabel_Basic,1.2868704479775717,15.0,61.383928846801474,420.36199612357643,13.807393626989777,15.341517865404045,262,0
2025-03-16,A,Ladekabel_Basic,1.2883389351616903,15.0,54.21787135954064,233.65610347931272,14.501511676873452,15.12653614078622,249,0
2025-03-17,A,Ladekabel_Basic,1.2897219812964564,15.0,51.56301655927814,636.8203678721893,14.322893304777901,15.046890496778344,301,0
2025-03-18,A,Ladekabel_Basic,1.2910191765554522,15.0,49.06110308150716,832.9455286021733,15.606948523681488,14.971833092445214,381,0
2025-03-19,A,Ladekabel_Basic,1.2922301365517261,15.0,38.690531166999854,443.91114501397584,15.087622630629138,14.660715935009996,315,0
2025-03-20,A,Ladekabel_Basic,1.293354502451697,15.0,45.78987384699839,219.04184358863353,14.035806749432979,14.873696215409952,239,0
2025-03-21,A,Ladekabel_Basic,1.2943919410814828,15.0,24.605647787069216,277.01937758154077,15.660049472218006,14.238169433612077,324,0
2025-03-22,A,Ladekabel_Basic,1.2953421450256277,15.0,48.52490559807875,313.7349746524456,13.92464563205369,14.955747167942363,260,0
2025-03-23,A,Ladekabel_Basic,1.2962048327181959,15.0,35.17113339273624,369.9078336950826,15.247585342853206,14.555134001782086,317,0
2025-03-24,A,Ladekabel_Basic,1.2969797485262058,15.0,33.44616024176343,678.5155634556783,14.389491998031334,14.503384807252903,322,0
2025-03-25,A,Ladekabel_Basic,1.2976666628253797,15.0,52.698412267302174,640.8509360839471,14.72574218810211,15.080952368019066,334,0
2025-03-26,A,Ladekabel_Basic,1.2982653720681856,15.0,70.880034295169,726.4718754103352,15.378203061028787,15.62640102885507,321,0
2025-03-27,A,Ladekabel_Basic,1.2987756988441537,15.0,63.774749090034696,426.2517860783619,15.391087049294645,15.413242472701041,364,0
2025-03-28,A,Ladekabel_Basic,1.2991974919324467,15.0,26.442490945652338,841.5978866919805,16.00272680516697,14.29327472836957,407,0
2025-03-29,A,Ladekabel_Basic,1.2995306263466693,15.0,35.15557795144494,283.6788950401842,14.93830972524641,14.554667338543348,282,0
2025-03-30,A,Ladekabel_Basic,1.299775003371905,15.0,64.11156781982324,522.1366727663385,15.229838147222504,15.423347034594697,319,0
2025-03-31,A,Ladekabel_Basic,1.2999305505939671,15.0,35.26268909692536,820.8448493872872,14.671697008196755,14.55788067290776,349,0
2025-04-01,A,Ladekabel_Basic,1.299997221920857,15.0,46.630502750044634,262.1427829593573,15.1364924119671,14.89891508250134,341,0
2025-04-02,A,Ladekabel_Basic,1.2999749975964214,15.0,58.25078148536828,198.87680236670465,15.329614536006384,15.247523444561049,283,0
2025-04-03,A,Ladekabel_Basic,1.2998638842062071,15.0,35.47483317704547,895.3155709191908,14.926267614409218,14.564244995311364,335,0
2025-04-04,A,Ladekabel_Basic,1.29966391467551,15.0,51.580632592189396,408.6366964832763,13.647187136930627,15.047418977765682,245,0
2025-04-05,A,Ladekabel_Basic,1.2993751482596176,15.0,29.989617576226934,715.4831124181288,15.24860317224817,14.399688527286807,359,0
2025-04-06,A,Ladekabel_Basic,1.298997670526251,15.0,40.97948534073179,122.81374383754464,15.273421108016594,14.729384560221954,277,0
2025-04-07,A,Ladekabel_Basic,1.2985315933302093,15.0,54.79672901213806,721.0421995685047,14.489869892739037,15.143901870364141,327,0
2025-04-08,A,Ladekabel_Basic,1.2979770547802243,15.0,26.105093997024962,384.49118039227346,14.036709722945615,14.283152819910748,314,0
2025-04-09,A,Ladekabel_Basic,1.2973342191980364,15.0,56.607121069405984,150.16676822869758,16.106909362877975,15.19821363208218,316,0
2025-04-10,A,Ladekabel_Basic,1.296603277069702,15.0,49.70543301609978,648.8314853933053,15.368584133170803,14.991162990482993,375,0
2025-04-11,A,Ladekabel_Basic,1.2957844449891491,15.0,58.28734931625722,316.7234344658559,14.828189226808718,15.248620479487716,323,0
2025-04-12,A,Ladekabel_Basic,1.2948779655939946,15.0,53.358712010969924,448.12651784669197,14.147225337639384,15.100761360329098,280,0
2025-04-13,A,Ladekabel_Basic,1.2938841074936471,15.0,70.46210644960766,172.52273105786225,14.38363887868399,15.61386319348823,210,0
2025-04-14,A,Ladekabel_Basic,1.2928031651897105,15.0,51.87836753971861,232.4469259854508,15.976942797589674,15.056351026191559,345,0
2025-04-15,A,Ladekabel_Basic,1.2916354589887185,15.0,43.558916883121206,368.17951194625937,15.103246455651036,14.806767506493637,328,0
2025-04-16,A,Ladekabel_Basic,1.2903813349072193,15.0,51.83446254548426,180.78355050414143,14.587059699749469,15.055033876364528,244,0
2025-04-17,A,Ladekabel_Basic,1.2890411645692446,15.0,58.14947043554582,919.7436382176837,15.382266923418493,15.244484113066374,339,0
2025-04-18,A,Ladekabel_Basic,1.287615345096189,15.0,50.732901054885566,105.44233886558058,14.389201359415257,15.021987031646567,209,0
2025-04-19,A,Ladekabel_Basic,1.2861042989891338,15.0,50.608875368058236,535.4741969778803,16.125632272710284,15.018266261041747,391,0
2025-04-20,A,Ladekabel_Basic,1.2845084740036514,15.0,39.470124682898664,210.9227123192963,16.014600401172544,14.68410374048696,319,0
2025-04-21,A,Ladekabel_Basic,1.2828283430171261,15.0,40.05648623673577,376.9111805301537,14.650069446597918,14.701694587102073,1639,1
2025-04-22,A,Ladekabel_Basic,1.2810644038886294,15.0,28.960920923004597,933.4536038364389,14.528497314726854,14.368827627690138,354,0
2025-04-23,A,Ladekabel_Basic,1.2792171793113938,15.0,76.24365114780409,245.52509794658818,13.03640010098079,15.787309534434122,202,0
2025-04-24,A,Ladekabel_Basic,1.2772872166579279,15.0,31.342051469130723,969.2490877464993,13.888814421336475,14.440261544073921,341,0
2025-04-25,A,Ladekabel_Basic,1.275275087817818,15.0,39.60642203306139,285.21493929047955,13.995397668781683,14.688192660991842,273,0
2025-04-26,A,Ladekabel_Basic,1.2731813890282648,15.0,39.22389101646204,767.4094976201466,15.10139275574054,14.676716730493862,351,0
2025-04-27,A,Ladekabel_Basic,1.2710067406974053,15.0,63.42386565416662,592.0095384075805,14.755324721668979,15.402715969624998,285,0
2025-04-28,A,Ladekabel_Basic,1.2687517872204728,15.0,45.57575482561958,896.0308548370832,13.990998384438567,14.867272644768587,330,0
2025-04-29,A,Ladekabel_Basic,1.266417196788848,15.0,68.716131090106,598.5939299528178,14.789126968151582,15.56148393270318,284,0
2025-04-30,A,Ladekabel_Basic,1.2640036611920606,15.0,39.897640636341976,581.1032972406778,15.37900286073551,14.69692921909026,319,0
2025-05-01,A,Ladekabel_Basic,1.2615118956127964,15.0,54.18491243335703,275.9122003315599,15.39587951243669,15.12554737300071,266,0
2025-05-02,A,Ladekabel_Basic,1.2589426384149733,15.0,37.46979420110364,249.60642584649284,13.57524728935584,14.624093826033109,252,0
2025-05-03,A,Ladekabel_Basic,1.256296650924948,15.0,82.17723691660082,924.8402360039628,14.903802389637127,15.965317107498025,320,0
2025-05-04,A,Ladekabel_Basic,1.253574717205919,15.0,32.18602371455731,395.05437896503065,13.96249441727129,14.465580711436719,259,0
2025-05-05,A,Ladekabel_Basic,1.250777643825591,15.0,54.64731065340541,434.8740294666063,15.676296522855205,15.139419319602162,322,0
2025-05-06,A,Ladekabel_Basic,1.2479062596171728,15.0,59.50665321398148,783.8412925855496,15.588109812265124,15.285199596419444,331,0
2025-05-07,A,Ladekabel_Basic,1.244961415433775,15.0,56.20698646177247,404.9411341805266,14.326479580256656,15.186209593853174,275,0
2025-05-08,A,Ladekabel_Basic,1.2419439838962834,15.0,47.220685116834375,956.8562019751025,14.4254660981997,14.916620553505032,325,0
2025-05-09,A,Ladekabel_Basic,1.2388548591347848,15.0,48.05268950399861,764.1349920989203,14.65404971212627,14.941580685119959,327,0
2025-05-10,A,Ladekabel_Basic,1.2356949565236144,15.0,50.657172079686646,637.686318316078,13.310404953951496,15.0197151623906,247,0
2025-05-11,A,Ladekabel_Basic,1.232465212410112,15.0,47.79496997557267,892.8056444902772,15.25197613008043,14.93384909926718,356,0
2025-05-12,A,Ladekabel_Basic,1.2291665838371628,15.0,64.45818675192365,144.64531751453447,14.795366590244901,15.433745602557709,218,0
2025-05-13,A,Ladekabel_Basic,1.2258000482596025,15.0,83.15784502387027,331.3564229702879,15.727631311925895,15.994735350716107,287,0
2025-05-14,A,Ladekabel_Basic,1.2223666032545788,15.0,41.637623224882496,518.532700798819,14.176193086528086,14.749128696746475,287,0
2025-05-15,A,Ladekabel_Basic,1.2188672662259463,15.0,29.45295530631383,304.28068552436895,14.53565778881255,14.383588659189416,286,0
2025-05-16,A,Ladekabel_Basic,1.2153030741027886,15.0,48.67576927473118,769.5146685719368,13.870106056470664,14.960273078241935,284,0
2025-05-17,A,Ladekabel_Basic,1.2116750830321534,15.0,88.69564006481477,927.2872279483527,14.246782077379311,16.160869201944443,241,0
2025-05-18,A,Ladekabel_Basic,1.2079843680660933,15.0,37.944881480454036,481.3931079378311,14.113513502948837,14.63834644441362,246,0
2025-05-19,A,Ladekabel_Basic,1.204232022843105,15.0,74.58675208166102,407.9193401007054,15.746980259134835,15.73760256244983,301,0
2025-05-20,A,Ladekabel_Basic,1.20041915926406,15.0,75.1655122111466,965.3956589238096,14.476303613436457,15.754965366334398,292,0
2025-05-21,A,Ladekabel_Basic,1.1965469071627255,15.0,41.69617637438008,500.36718954478675,15.09313176355846,14.750885291231402,296,0
2025-05-22,A,Ladekabel_Basic,1.1926164139709692,15.0,58.53474618777913,540.1435604043548,14.714427447103647,15.256042385633373,268,0
2025-05-23,A,Ladekabel_Basic,1.1886288443787503,15.0,74.42594934692806,416.48488510771483,14.04790105049039,15.732778480407841,218,0
2025-05-24,A,Ladekabel_Basic,1.1845853799889983,15.0,44.313083885187694,918.5936257109246,14.873774682621267,14.82939251655563,1804,1
2025-05-25,A,Ladekabel_Basic,1.1804872189674769,15.0,46.946294598464576,612.0599349536657,15.449327498897695,14.908388837953938,312,0
2025-05-26,A,Ladekabel_Basic,1.176335575687742,15.0,41.274786290770344,785.9571284634802,14.094180455592486,14.73824358872311,300,0
2025-05-27,A,Ladekabel_Basic,1.1721316803712973,15.0,34.778649039607,830.6260465157977,15.606834593048534,14.543359471188209,1964,1
2025-05-28,A,Ladekabel_Basic,1.1678767787230528,15.0,40.26083682400989,407.6641377255324,14.362709308891727,14.707825104720296,266,0
2025-05-29,A,Ladekabel_Basic,1.1635721315621952,15.0,31.64089599856615,490.32489818834205,14.63776205544537,14.449226879956985,284,0
2025-05-30,A,Ladekabel_Basic,1.1592190144485799,15.0,50.51125202388839,863.6245969656381,15.398012342257536,15.015337560716652,297,0
2025-05-31,A,Ladekabel_Basic,1.154818717304756,15.0,38.45040153412038,426.92981650822924,14.502422882085384,14.65351204602361,233,0
2025-06-01,A,Ladekabel_Basic,1.1503725440337327,15.0,53.50678867686121,814.5416201066662,15.028181144501898,15.105203660305836,318,0
2025-06-02,A,Ladekabel_Basic,1.145881812132607,15.0,26.66156530694559,946.8930903169934,14.76398187840893,14.299846959208368,347,0
2025-06-03,A,Ladekabel_Basic,1.1413478523021592,15.0,54.96320348321686,660.8893357612063,15.097026005027864,15.148896104496506,297,0
2025-06-04,A,Ladekabel_Basic,1.1367720080525376,15.0,62.50293442413387,767.4645587067,13.214445670857376,15.375088032724015,221,0
2025-06-05,A,Ladekabel_Basic,1.1321556353051485,15.0,20.093965361428168,824.5875808370214,13.627738638593938,14.102818960842844,279,0
2025-06-06,A,Ladekabel_Basic,1.1275001019908664,15.0,55.61084854771358,860.5356840069783,15.461975254535128,15.168325456431408,323,0
2025-06-07,A,Ladekabel_Basic,1.1228067876446863,15.0,68.41503488709938,455.5480040711164,15.77788605423679,15.552451046612982,278,0
2025-06-08,A,Ladekabel_Basic,1.11807708299694,15.0,31.855384719631918,146.13711325839836,14.31713497235136,14.455661541588958,221,0
2025-06-09,A,Ladekabel_Basic,1.1133123895611894,15.0,75.08858580256555,461.68864411306555,14.816978735871649,15.752657574076967,256,0
2025-06-10,A,Ladekabel_Basic,1.1085141192189303,15.0,56.28528514049068,706.3806068056808,15.221039439676726,15.18855855421472,296,0
2025-06-11,A,Ladekabel_Basic,1.10368369380122,15.0,39.424822163623865,505.3153472027135,15.519913201244027,14.682744664908716,305,0
2025-06-12,A,Ladekabel_Basic,1.0988225446673592,15.0,49.16346383513441,774.0668357743587,13.479242046246863,14.974903915054032,271,0
2025-06-13,A,Ladekabel_Basic,1.0939321122807482,15.0,58.374903687825835,421.2841865217975,14.335469814766217,15.251247110634775,229,0
2025-06-14,A,Ladekabel_Basic,1.0890138457820473,15.0,51.14008087118617,671.2697269936266,14.750565465112594,15.034202426135586,277,0
2025-06-15,A,Ladekabel_Basic,1.0840692025597647,15.0,58.08133988669554,267.7778243685771,15.527355147927036,15.242440196600866,250,0
2025-06-16,A,Ladekabel_Basic,1.079099647818402,15.0,36.18989610380951,774.4324929804612,16.873822862791123,14.585696883114286,352,0
2025-06-17,A,Ladekabel_Basic,1.0741066541442807,15.0,52.54041236054117,591.1263719317233,14.828995704892712,15.076212370816235,260,0
2025-06-18,A,Ladekabel_Basic,1.0690917010691836,15.0,28.794282546425297,283.65794969194053,13.944766903422009,14.363828476392758,237,0
2025-06-19,A,Ladekabel_Basic,1.0640562746319389,15.0,48.33160907976949,362.7200561480265,15.301701057900974,14.949948272393085,262,0
2025-06-20,A,Ladekabel_Basic,1.059001866938073,15.0,36.44138537802815,773.7478377236491,15.990746842155533,14.593241561340845,334,0
2025-06-21,A,Ladekabel_Basic,1.0539299757176688,15.0,38.9670508611535,534.3411120953687,15.081010590734627,14.669011525834605,281,0
2025-06-22,A,Ladekabel_Basic,1.0488421038815552,15.0,68.54139762815656,294.428296353765,14.32001359113428,15.556241928844697,234,0
2025-06-23,A,Ladekabel_Basic,1.0437397590759625,15.0,66.36965180891403,970.5440713332679,15.718495456110013,15.49108955426742,279,0
2025-06-24,A,Ladekabel_Basic,1.0386244532357745,15.0,59.137071813607655,743.6125178351991,15.497659213873828,15.274112154408229,261,0
2025-06-25,A,Ladekabel_Basic,1.0334977021365086,15.0,33.61530852991132,961.4213492858165,14.23043936685328,14.508459255897339,280,0
2025-06-26,A,Ladekabel_Basic,1.0283610249451598,15.0,45.25387325457797,484.3945408243089,15.286069213150755,14.85761619763734,251,0
2025-06-27,A,Ladekabel_Basic,1.023215943770039,15.0,68.19646549968775,527.5903066225484,15.747949175744154,15.545893964990633,280,0
2025-06-28,A,Ladekabel_Basic,1.018063983209738,15.0,52.12575370459857,908.1596945665173,15.886417531919172,15.063772611137956,309,0
2025-06-29,A,Ladekabel_Basic,1.0129066699013591,15.0,84.78994309972542,572.5444062208462,14.950163268517908,16.043698292991763,227,0
2025-06-30,A,Ladekabel_Basic,1.0077455320681399,15.0,55.89976759091558,736.5510207151004,14.731440415365512,15.176993027727468,260,0
2025-07-01,A,Ladekabel_Basic,1.0025820990666066,15.0,52.880736747350475,326.95558974597697,15.920455366560947,15.086422102420514,251,0
2025-07-02,A,Ladekabel_Basic,0.9974179009333936,15.0,45.363253036962476,502.0538218323765,14.092379622764335,14.860897591108873,215,0
2025-07-03,A,Ladekabel_Basic,0.9922544679318602,15.0,52.00311357173423,211.1048792293196,15.328934468190754,15.060093407152028,218,0
2025-07-04,A,Ladekabel_Basic,0.9870933300986409,15.0,47.712952454291845,285.3820322892655,13.972480029476678,14.931388573628755,199,0
2025-07-05,A,Ladekabel_Basic,0.9819360167902622,15.0,60.621630150328855,100.84907374086798,15.799032204194702,15.318648904509866,205,0
2025-07-06,A,Ladekabel_Basic,0.976784056229961,15.0,64.35053475191876,135.3385464837942,14.80646586329163,15.430516042557564,174,0
2025-07-07,A,Ladekabel_Basic,0.9716389750548402,15.0,38.21015809238076,979.5554408592363,15.951437426735602,14.646304742771422,327,0
2025-07-08,A,Ladekabel_Basic,0.9665022978634916,15.0,30.031505696633328,318.1183256230861,15.368559567266646,14.400945170899,242,0
2025-07-09,A,Ladekabel_Basic,0.9613755467642258,15.0,22.456919403450552,696.9796385536017,14.082584827453552,14.173707582103516,259,0
2025-07-10,A,Ladekabel_Basic,0.9562602409240377,15.0,57.619869903688155,855.1897289196504,16.06847079905793,15.228596097110644,280,0
2025-07-11,A,Ladekabel_Basic,0.951157896118445,15.0,33.449500907391894,595.5944133129078,16.163433949820796,14.503485027221757,287,0
2025-07-12,A,Ladekabel_Basic,0.9460700242823313,15.0,17.706641105712755,237.83005007556056,15.66171486944941,14.031199233171382,277,0
2025-07-13,A,Ladekabel_Basic,0.9409981330619271,15.0,55.82867906796446,755.3047936025497,14.428809101222836,15.174860372038934,249,0
2025-07-14,A,Ladekabel_Basic,0.9359437253680613,15.0,87.39499276149186,640.2262690896248,14.770489534231944,16.121849782844755,223,0
2025-07-15,A,Ladekabel_Basic,0.9309082989308164,15.0,49.9089363269016,758.1255304126375,15.109070413054319,14.997268089807049,238,0
2025-07-16,A,Ladekabel_Basic,0.9258933458557195,15.0,62.57736161677463,792.7719605713785,14.472217200501424,15.377320848503238,217,0
2025-07-17,A,Ladekabel_Basic,0.9209003521815978,15.0,51.22744037821347,977.8693309162705,16.269259929347403,15.036823211346404,276,0
2025-07-18,A,Ladekabel_Basic,0.9159307974402352,15.0,48.51665520213286,616.206952024039,15.108244853794528,14.955499656063985,222,0
2025-07-19,A,Ladekabel_Basic,0.9109861542179529,15.0,63.786147244816526,407.4770014215416,12.972488964669482,15.413584417344495,180,0
2025-07-20,A,Ladekabel_Basic,0.906067887719252,15.0,45.64588183717023,683.6181012102134,15.254516859567165,14.869376455115107,266,0
2025-07-21,A,Ladekabel_Basic,0.9011774553326409,15.0,54.010884711078546,161.59663831836352,14.738881952387016,15.120326541332357,174,0
2025-07-22,A,Ladekabel_Basic,0.89631630619878,15.0,54.8254670929402,907.6575864894277,14.943805082911163,15.144764012788206,244,0
2025-07-23,A,Ladekabel_Basic,0.8914858807810697,15.0,39.978643195354266,207.4429102043771,14.723535475660725,14.699359295860628,169,0
2025-07-24,A,Ladekabel_Basic,0.8866876104388106,15.0,64.88063524304785,395.0585540972364,15.605284812455016,15.446419057291436,223,0
2025-07-25,A,Ladekabel_Basic,0.88192291700306,15.0,47.37560364956887,834.1708425635088,15.839765833915035,14.921268109487066,258,0
2025-07-26,A,Ladekabel_Basic,0.8771932123553137,15.0,38.66382260760733,637.5811404976406,15.212289871693992,14.659914678228219,247,0
2025-07-27,A,Ladekabel_Basic,0.8724998980091339,15.0,58.047647653556055,454.27196824969786,14.745516609646382,15.241429429606681,207,0
2025-07-28,A,Ladekabel_Basic,0.8678443646948515,15.0,36.52298027313444,526.0920934375192,14.968997096393121,14.595689408194033,199,0
2025-07-29,A,Ladekabel_Basic,0.8632279919474624,15.0,50.42271736053692,869.0926538819623,15.014699712433222,15.012681520816107,221,0
2025-07-30,A,Ladekabel_Basic,0.8586521476978408,15.0,49.86321505033695,406.0039474539029,14.398177470101373,14.995896451510108,164,0
2025-07-31,A,Ladekabel_Basic,0.8541181878673929,15.0,66.28843348747367,882.6847163309542,15.434196486428426,15.48865300462421,229,0
2025-08-01,A,Ladekabel_Basic,0.8496274559662673,15.0,57.12047349319929,179.32098787902234,15.345031742895351,15.213614204795979,146,0
2025-08-02,A,Ladekabel_Basic,0.8451812826952443,15.0,49.624595618822845,799.1185934877676,16.155330929832505,14.988737868564685,247,0
2025-08-03,A,Ladekabel_Basic,0.8407809855514201,15.0,62.266494488004305,862.7928697492628,15.941512335216357,15.367994834640129,226,0
2025-08-04,A,Ladekabel_Basic,0.8364278684378048,15.0,70.8531132352597,263.6358875536049,14.485743811807401,15.625593397057791,169,0
2025-08-05,A,Ladekabel_Basic,0.8321232212769472,15.0,58.36715459527793,487.3118791349804,15.615223780881724,15.251014637858338,197,0
2025-08-06,A,Ladekabel_Basic,0.8278683196287027,15.0,50.15528929765071,248.94979719729005,14.286784962679146,15.004658678929522,152,0
2025-08-07,A,Ladekabel_Basic,0.823664424312258,15.0,30.322456514747607,735.943716094796,15.521949075705638,14.409673695442429,205,0
2025-08-08,A,Ladekabel_Basic,0.8195127810325232,15.0,34.02329505386941,581.812991255491,14.61253935092992,14.520698851616082,239,0
2025-08-09,A,Ladekabel_Basic,0.8154146200110017,15.0,45.421629434679986,671.7910120374889,14.232560082468313,14.8626488830404,219,0
2025-08-10,A,Ladekabel_Basic,0.8113711556212496,15.0,40.85731696761075,276.83827026059004,15.210034007023054,14.725719509028323,220,0
2025-08-11,A,Ladekabel_Basic,0.8073835860290309,15.0,47.19543045521831,290.57127584717756,12.994074653884393,14.915862913656548,163,0
2025-08-12,A,Ladekabel_Basic,0.8034530928372745,15.0,50.849748873456605,137.34759295891573,13.686768319196078,15.025492466203698,153,0
2025-08-13,A,Ladekabel_Basic,0.79958084073594,15.0,57.94539131535096,389.86078167615676,14.866881087169288,15.23836173946053,176,0
2025-08-14,A,Ladekabel_Basic,0.7957679771568953,15.0,48.94251832911363,603.7701952003075,15.061831324976131,14.96827554987341,196,0
2025-08-15,A,Ladekabel_Basic,0.7920156319339069,15.0,57.297524657393026,872.1414225975959,14.723010922381357,15.21892573972179,182,0
2025-08-16,A,Ladekabel_Basic,0.7883249169678468,15.0,50.9671162221518,700.2347027128127,13.815422775961801,15.029013486664555,173,0
2025-08-17,A,Ladekabel_Basic,0.7846969258972115,15.0,20.368001504691932,491.85669105977627,14.386581118396121,14.111040045140758,202,0
2025-08-18,A,Ladekabel_Basic,0.7811327337740537,15.0,35.90996909271868,957.8081029547241,15.293406995428043,14.57729907278156,226,0
2025-08-19,A,Ladekabel_Basic,0.7776333967454213,15.0,47.83868666417577,747.3206805182487,15.436336327971272,14.935160599925274,235,0
2025-08-20,A,Ladekabel_Basic,0.7741999517403975,15.0,31.854578857383387,937.148682576295,14.987832661803044,14.455637365721502,223,0
2025-08-21,A,Ladekabel_Basic,0.7708334161628372,15.0,58.998930949943066,574.8291759449492,15.86762533577774,15.269967928498293,229,0
2025-08-22,A,Ladekabel_Basic,0.7675347875898878,15.0,72.96126248515546,333.01384731382564,15.298047767594428,15.688837874554665,157,0
2025-08-23,A,Ladekabel_Basic,0.7643050434763856,15.0,68.28142777545975,147.5440177282498,14.43940825953134,15.548442833263792,131,0
2025-08-24,A,Ladekabel_Basic,0.7611451408652155,15.0,46.79835693604688,753.4763663354654,14.789623459941287,14.903950708081407,216,0
2025-08-25,A,Ladekabel_Basic,0.7580560161037166,15.0,72.36089205274928,209.17269820498072,13.94785038209411,15.670826761582479,144,0
2025-08-26,A,Ladekabel_Basic,0.7550385845662253,15.0,52.23001185803167,372.4976154447705,14.918895757206437,15.06690035574095,195,0
2025-08-27,A,Ladekabel_Basic,0.7520937403828272,15.0,44.943710433229406,579.2238170955077,15.834075464416005,14.848311312996882,208,0
2025-08-28,A,Ladekabel_Basic,0.7492223561744091,15.0,40.7989600468859,607.9749290017729,15.513967563533228,14.723968801406578,204,0
2025-08-29,A,Ladekabel_Basic,0.7464252827940809,15.0,45.462954702678076,640.5248772884224,16.051506994439343,14.863888641080342,224,0
2025-08-30,A,Ladekabel_Basic,0.743703349075052,15.0,44.17734772188157,249.62979731473058,14.772836067150754,14.825320431656447,165,0
2025-08-31,A,Ladekabel_Basic,0.7410573615850266,15.0,52.55624333563232,441.76366433948385,16.009574845885695,15.07668730006897,185,0
2025-09-01,A,Ladekabel_Basic,0.7384881043872035,15.0,52.40860971574797,655.47480440527,14.855021830164022,15.072258291472439,171,0
2025-09-02,A,Ladekabel_Basic,0.7359963388079394,15.0,50.04569030230122,972.8369781704063,16.10368881192742,15.001370709069036,214,0
2025-09-03,A,Ladekabel_Basic,0.7335828032111521,15.0,56.55407254619525,754.8680239297198,14.983607439418407,15.196622176385857,188,0
2025-09-04,A,Ladekabel_Basic,0.7312482127795273,15.0,67.85969412179512,930.343381384562,15.530423530353207,15.535790823653853,174,0
2025-09-05,A,Ladekabel_Basic,0.7289932593025947,15.0,64.24331203161985,785.9908524827594,16.10633427323239,15.427299360948595,202,0
2025-09-06,A,Ladekabel_Basic,0.7268186109717352,15.0,27.726530473251447,632.5452720031604,14.854929278564095,14.331795914197544,211,0
2025-09-07,A,Ladekabel_Basic,0.7247249121821819,15.0,11.691182976470678,272.8210322227101,15.16379174065813,13.85073548929412,199,0
2025-09-08,A,Ladekabel_Basic,0.722712783342072,15.0,64.01479866858911,700.0170867032617,15.966647568904726,15.420443960057673,198,0
2025-09-09,A,Ladekabel_Basic,0.7207828206886062,15.0,29.496819523768682,661.0416093639163,14.900247627052453,14.38490458571306,190,0
2025-09-10,A,Ladekabel_Basic,0.7189355961113706,15.0,46.62851897160974,642.2222534115398,14.00933078812038,14.898855569148292,186,0
2025-09-11,A,Ladekabel_Basic,0.7171716569828739,15.0,32.448304609109606,540.8072811894167,16.60725529093868,14.473449138273288,215,0
2025-09-12,A,Ladekabel_Basic,0.7154915259963486,15.0,22.970293436299706,575.7909435903481,14.647676651747148,14.189108803088992,205,0
2025-09-13,A,Ladekabel_Basic,0.7138957010108664,15.0,58.12194092307182,400.99827440629366,15.119067038203156,15.243658227692155,191,0
2025-09-14,A,Ladekabel_Basic,0.7123846549038111,15.0,61.387327404539704,567.3814233780729,15.867005002088344,15.341619822136192,183,0
2025-09-15,A,Ladekabel_Basic,0.7109588354307554,15.0,41.35234398909921,277.80031511063044,14.5436295722016,14.740570319672976,147,0
2025-09-16,A,Ladekabel_Basic,0.7096186650927807,15.0,11.13436561782635,824.656957624339,14.244099065083402,13.83403096853479,191,0
2025-09-17,A,Ladekabel_Basic,0.7083645410112817,15.0,41.80633327621276,267.19925922883704,15.190302972581126,14.754189998286384,169,0
2025-09-18,A,Ladekabel_Basic,0.7071968348102895,15.0,55.877060081038195,176.46966090051978,13.655192701565708,15.176311802431146,119,0
2025-09-19,A,Ladekabel_Basic,0.706115892506353,15.0,27.816326468388073,492.62142372144166,14.784070442349059,14.334489794051642,187,0
2025-09-20,A,Ladekabel_Basic,0.7051220344060054,15.0,52.750398796687335,692.4766955554556,15.183778998236553,15.08251196390062,196,0
2025-09-21,A,Ladekabel_Basic,0.7042155550108509,15.0,49.77035226240507,493.9451424401872,14.797536077381126,14.993110567872153,170,0
2025-09-22,A,Ladekabel_Basic,0.703396722930298,15.0,58.689372494016325,349.07871875617775,13.84241179261069,15.26068117482049,132,0
2025-09-23,A,Ladekabel_Basic,0.7026657808019636,15.0,51.7937055262123,602.3540655013967,16.19563346715301,15.05381116578637,197,0
2025-09-24,A,Ladekabel_Basic,0.7020229452197757,15.0,35.40396588677667,412.3021018709799,15.077653615461882,14.5621189766033,163,0
2025-09-25,A,Ladekabel_Basic,0.7014684066697907,15.0,67.94857252496737,939.5809211139698,16.073364088321306,15.538457175749022,201,0
2025-09-26,A,Ladekabel_Basic,0.7010023294737491,15.0,47.62205640459545,930.3806256432149,14.804972812364667,14.928661692137863,205,0
2025-09-27,A,Ladekabel_Basic,0.7006248517403824,15.0,49.590431907351025,552.1346379748859,14.339991013731927,14.98771295722053,167,0
2025-09-28,A,Ladekabel_Basic,0.70033608532449,15.0,36.00098061390206,395.09559461643266,15.20188569019137,14.580029418417062,203,0
2025-09-29,A,Ladekabel_Basic,0.7001361157937929,15.0,43.35076623212735,763.4191725609752,14.838159655253836,14.80052298696382,184,0
2025-09-30,A,Ladekabel_Basic,0.7000250024035786,15.0,36.727959289596484,133.04164913475998,14.116678906506483,14.601838778687895,131,0
2025-10-01,A,Ladekabel_Basic,0.7000027780791429,15.0,47.405809101148655,527.2921054392862,16.10233819409062,14.922174273034459,192,0
2025-10-02,A,Ladekabel_Basic,0.7000694494060328,15.0,75.67562720213516,402.69105484330015,14.533297332829502,15.770268816064055,158,0
2025-10-03,A,Ladekabel_Basic,0.7002249966280949,15.0,29.421482856029655,928.4822965922992,13.619800211403325,14.38264448568089,179,0
2025-10-04,A,Ladekabel_Basic,0.7004693736533307,15.0,25.796579031848882,110.80272454541429,15.996124540468,14.273897370955467,149,0
2025-10-05,A,Ladekabel_Basic,0.7008025080675533,15.0,72.06755491240413,597.5333881465142,14.621776488140533,15.662026647372125,161,0
2025-10-06,A,Ladekabel_Basic,0.7012243011558463,15.0,46.86014484272201,766.5972229599633,14.544132080538281,14.90580434528166,197,0
2025-10-07,A,Ladekabel_Basic,0.7017346279318144,15.0,39.963908920101254,536.5161887716371,13.675959309727519,14.698917267603038,154,0
2025-10-08,A,Ladekabel_Basic,0.7023333371746203,15.0,65.59857031094114,176.8627271464495,16.305706114947743,15.467957109328234,168,0
2025-10-09,A,Ladekabel_Basic,0.7030202514737941,15.0,40.91576690394704,975.215251025112,14.032889559592734,14.72747300711841,195,0
2025-10-10,A,Ladekabel_Basic,0.7037951672818041,15.0,77.39014570320404,566.2093882384881,15.043837110529237,15.821704371096121,148,0
2025-10-11,A,Ladekabel_Basic,0.7046578549743723,15.0,60.16888807008904,652.7676198871102,15.684465241905329,15.305066642102672,166,0
2025-10-12,A,Ladekabel_Basic,0.7056080589185172,15.0,42.68132887781446,312.9488044367566,15.316287699752323,14.780439866334433,147,0
2025-10-13,A,Ladekabel_Basic,0.706645497548303,15.0,82.35962319898255,535.1482765961234,14.955259266005855,15.970788695969476,160,0
2025-10-14,A,Ladekabel_Basic,0.7077698634482739,15.0,40.914276154949924,486.2345427624897,13.723750606284439,14.727428284648498,156,0
2025-10-15,A,Ladekabel_Basic,0.7089808234445478,15.0,61.13143058013961,167.40625780178536,14.392706373174537,15.333942917404189,121,0
2025-10-16,A,Ladekabel_Basic,0.7102780187035436,15.0,54.48938870609738,195.5443181927205,15.140850253531893,15.134681661182922,135,0
2025-10-17,A,Ladekabel_Basic,0.7116610648383097,15.0,69.52611934098198,853.7252676568971,14.409619447509753,15.58578358022946,192,0
2025-10-18,A,Ladekabel_Basic,0.7131295520224283,15.0,73.42266795090279,315.8379569859312,15.152519594999077,15.702680038527085,153,0
2025-10-19,A,Ladekabel_Basic,0.7146830451114539,15.0,50.4800622359865,275.46244434876746,15.511307556611357,15.014401867079595,161,0
2025-10-20,A,Ladekabel_Basic,0.7163210837718572,15.0,38.69873194480725,554.4203061251253,15.721877164350076,14.660961958344217,187,0
2025-10-21,A,Ladekabel_Basic,0.7180431826174314,15.0,56.89958214408674,791.8724182262616,14.080365481640486,15.206987464322602,157,0
2025-10-22,A,Ladekabel_Basic,0.7198488313531224,15.0,39.834269453718406,155.75186672108913,16.647484541234213,14.695028083611552,169,0
2025-10-23,A,Ladekabel_Basic,0.7217374949262411,15.0,80.20080871289935,619.1271276744303,15.5756095084156,15.90602426138698,203,0
2025-10-24,A,Ladekabel_Basic,0.7237086136850096,15.0,52.04802996624106,207.28939855651603,14.998714384748203,15.061440898987232,143,0
2025-10-25,A,Ladekabel_Basic,0.7257616035443999,15.0,44.52017673031837,132.81494574305663,15.817152437307481,14.83560530190955,179,0
2025-10-26,A,Ladekabel_Basic,0.7278958561592092,15.0,52.77020458797362,147.46955694599566,16.77405582899998,15.08310613763921,169,0
2025-10-27,A,Ladekabel_Basic,0.730110739104327,15.0,29.793105657054554,850.7476973875972,13.920959924207349,14.393793169711637,193,0
2025-10-28,A,Ladekabel_Basic,0.7324055960621354,15.0,35.42578942234023,206.1752352652554,14.831053018131485,14.562773682670207,150,0
2025-10-29,A,Ladekabel_Basic,0.7347797470169909,15.0,68.00620861916639,140.63622797106277,13.216176255095004,15.540186258574991,111,0
2025-10-30,A,Ladekabel_Basic,0.737232488456727,15.0,40.14658581542906,494.1098984286211,15.144488649486018,14.704397574462872,188,0
2025-10-31,A,Ladekabel_Basic,0.7397630935811209,15.0,34.296335259770906,859.5941247478223,15.274045681443853,14.528890057793127,206,0
2025-11-01,A,Ladekabel_Basic,0.7423708125172591,15.0,58.049791287909294,336.1675388403717,14.97062841341793,15.24149373863728,169,0
2025-11-02,A,Ladekabel_Basic,0.7450548725417416,15.0,67.78556231994496,479.54135577332477,14.509099821751267,15.53356686959835,157,0
2025-11-03,A,Ladekabel_Basic,0.7478144783096565,15.0,60.784299659976,135.9302793073761,13.462864112858757,15.32352898979928,119,0
2025-11-04,A,Ladekabel_Basic,0.7506488120902577,15.0,64.94071528708724,504.1706627213883,15.280150262558829,15.448221458612617,162,0
2025-11-05,A,Ladekabel_Basic,0.7535570340092757,15.0,38.648073671458086,619.8517725734204,16.09157586293649,14.659442210143743,225,0
2025-11-06,A,Ladekabel_Basic,0.7565382822977917,15.0,28.672839998872345,613.8163483769304,14.556736158199927,14.360185199966171,219,0
2025-11-07,A,Ladekabel_Basic,0.7595916735475969,15.0,72.5200047793323,399.18402295692863,15.330044946767359,15.675600143379969,170,0
2025-11-08,A,Ladekabel_Basic,0.7627163029729668,15.0,45.15980241736796,383.979862596822,13.823891764934963,14.854794072521038,164,0
2025-11-09,A,Ladekabel_Basic,0.7659112446787673,15.0,46.23750475317429,195.9612570429381,15.342909797769384,14.88712514259523,156,0
2025-11-10,A,Ladekabel_Basic,0.7691755519348186,15.0,69.92291212773587,430.11848858164154,14.704963276691506,15.597687363832076,152,0
2025-11-11,A,Ladekabel_Basic,0.7725082574564313,15.0,58.343450141009896,189.5452019856682,14.428186537047814,15.250303504230297,154,0
2025-11-12,A,Ladekabel_Basic,0.7759083736910335,15.0,56.83831658122411,789.9363502408464,14.429727269087902,15.205149497436723,201,0
2025-11-13,A,Ladekabel_Basic,0.7793748931108042,15.0,82.47503517351626,969.6468679733673,14.704791313475242,15.974251055205487,188,0
2025-11-14,A,Ladekabel_Basic,0.7829067885112263,15.0,40.347226544297854,973.0670110000362,15.2868249867694,14.710416796328936,231,0
2025-11-15,A,Ladekabel_Basic,0.7865030133154675,15.0,63.917601921218555,878.5639894378545,14.015877599103362,15.417528057636556,188,0
2025-11-16,A,Ladekabel_Basic,0.7901625018845059,15.0,50.85519687345627,640.7129344056572,14.702163501324112,15.025655906203689,203,0
2025-11-17,A,Ladekabel_Basic,0.7938841698328998,15.0,54.02888418294886,730.7791275194919,14.96889616650064,15.120866525488466,215,0
2025-11-18,A,Ladekabel_Basic,0.7976669143501163,15.0,72.92702639618797,356.68522241237264,14.175720581601105,15.687810791885639,158,0
2025-11-19,A,Ladekabel_Basic,0.8015096145273163,15.0,57.61753634434436,667.6933781553586,16.347498901256262,15.22852609033033,228,0
2025-11-20,A,Ladekabel_Basic,0.8054111316895054,15.0,58.0744411857445,510.0845944958897,14.359878389953995,15.242233235572336,177,0
2025-11-21,A,Ladekabel_Basic,0.8093703097329468,15.0,66.08761005964703,533.8156057992393,14.497922314774883,15.482628301789411,168,0
2025-11-22,A,Ladekabel_Basic,0.8133859754677396,15.0,44.52570905685672,781.9989043376421,14.266269037633126,14.8357712717057,218,0
2025-11-23,A,Ladekabel_Basic,0.8174569389654621,15.0,37.41185498991491,353.7265200375265,16.348860065353588,14.622355649697447,235,0
2025-11-24,A,Ladekabel_Basic,0.8215819939117708,15.0,34.327862089684494,386.2356505250679,15.41467892144961,14.529835862690534,216,0
2025-11-25,A,Ladekabel_Basic,0.8257599179638596,15.0,20.504651159359973,932.177612015773,14.29755599531727,14.115139534780798,235,0
2025-11-26,A,Ladekabel_Basic,0.8299894731126645,15.0,80.84310694910484,150.60186536587503,15.829673669144977,15.925293208473144,179,0
2025-11-27,A,Ladekabel_Basic,0.8342694060497139,15.0,33.451874514174754,537.0708685720064,15.15052402071666,14.503556235425243,211,0
2025-11-28,A,Ladekabel_Basic,0.8385984485385103,15.0,46.68119564621342,921.5207203670756,15.192940065833625,14.900435869386403,212,0
2025-11-29,A,Ladekabel_Basic,0.842975317790335,15.0,45.84780050166619,649.3267070363413,14.74164209343566,14.875434015049986,211,0
2025-11-30,A,Ladekabel_Basic,0.8473987168443687,15.0,54.61110046713651,591.7663667909188,14.43793800978227,15.138333014014096,199,0
2025-12-01,A,Ladekabel_Basic,0.8518673349520067,15.0,62.23605818808945,324.7697613064197,15.25332457429095,15.367081745642684,221,0
2025-12-02,A,Ladekabel_Basic,0.8563798479652636,15.0,62.90710232539618,408.94794015800346,14.591184577503306,15.387213069761886,204,0
2025-12-03,A,Ladekabel_Basic,0.8609349187291446,15.0,41.25383842146592,866.8435742242236,16.36256672218133,14.737615152643977,290,0
2025-12-04,A,Ladekabel_Basic,0.8655311974778768,15.0,47.49317429320383,603.2963185916124,14.048031671067672,14.924795228796114,194,0
2025-12-05,A,Ladekabel_Basic,0.8701673222348705,15.0,54.2386992573245,563.2679743811019,16.15211757964121,15.127160977719734,242,0
2025-12-06,A,Ladekabel_Basic,0.8748419192163049,15.0,46.2696331072468,189.62174218602604,14.91651086340165,14.888088993217403,196,0
2025-12-07,A,Ladekabel_Basic,0.8795536032382079,15.0,74.1101836402999,114.42534080961082,15.224314300515829,15.723305509208997,160,0
2025-12-08,A,Ladekabel_Basic,0.8843009781269178,15.0,57.36462427457377,967.3166698183442,15.624868324972077,15.220938728237213,286,0
2025-12-09,A,Ladekabel_Basic,0.889082637132798,15.0,61.02316679074726,439.2875505581575,14.527313028746672,15.330695003722418,185,0
2025-12-10,A,Ladekabel_Basic,0.8938971633470884,15.0,59.94321903001119,642.8917558895539,15.648186288523979,15.298296570900336,270,0
2025-12-11,A,Ladekabel_Basic,0.898743130121766,15.0,67.60210786227988,171.7435658685565,12.969342108464119,15.528063235868396,148,0
2025-12-12,A,Ladekabel_Basic,0.9036191014922904,15.0,52.7153233805556,714.8028571507419,14.460007850083546,15.081459701416668,221,0
2025-12-13,A,Ladekabel_Basic,0.9085236326031132,15.0,30.547520780662303,939.3100378353648,14.3069528944942,14.416425623419869,254,0
2025-12-14,A,Ladekabel_Basic,0.9134552701358171,15.0,55.99531927628962,618.0987276976776,14.05987049072118,15.179859578288688,204,0
2025-12-15,A,Ladekabel_Basic,0.9184125527397684,15.0,40.22964659312257,213.50379013786952,14.838783871440787,14.706889397793677,215,0
2025-12-16,A,Ladekabel_Basic,0.9233940114651435,15.0,42.07074977375365,623.549374726129,15.28931247613627,14.76212249321261,237,0
2025-12-17,A,Ladekabel_Basic,0.928398170198215,15.0,58.7954602813264,789.7124917941871,15.526994998874478,15.263863808439792,255,0
2025-12-18,A,Ladekabel_Basic,0.93342354609875,15.0,68.57424607150453,465.7748829166168,15.180657567900305,15.557227382145136,209,0
2025-12-19,A,Ladekabel_Basic,0.9384686500394143,15.0,50.319073651040924,891.8539731473211,14.50072990132984,15.009572209531228,240,0
2025-12-20,A,Ladekabel_Basic,0.9435319870470268,15.0,54.63249518898446,683.814658021628,15.276762328368877,15.138974855669534,235,0
2025-12-21,A,Ladekabel_Basic,0.9486120567455567,15.0,75.53322416952857,909.3240264602822,15.09321427113814,15.765996725085857,221,0
2025-12-22,A,Ladekabel_Basic,0.9537073538007157,15.0,53.61129769232852,661.1547801226035,15.702042125952012,15.108338930769856,254,0
2025-12-23,A,Ladekabel_Basic,0.9588163683660205,15.0,89.02524671270592,218.1591748043418,15.582702527198638,16.170757401381177,198,0
2025-12-24,A,Ladekabel_Basic,0.9639375865301942,15.0,58.482644684473165,378.7225399946702,15.022857310440473,15.254479340534195,246,0
2025-12-25,A,Ladekabel_Basic,0.9690694907657693,15.0,23.588558612662734,281.6154534272112,14.327060245379059,14.207656758379882,211,0
2025-12-26,A,Ladekabel_Basic,0.974210560378766,15.0,61.30012431656799,917.9438479451761,14.510287383125938,15.33900372949704,231,0
2025-12-27,A,Ladekabel_Basic,0.9793592719593038,15.0,55.71737577324166,784.3600605587344,14.587657980271475,15.17152127319725,252,0
2025-12-28,A,Ladekabel_Basic,0.9845140998330237,15.0,69.34629131124119,708.7585320190054,14.763550249562808,15.580388739337236,210,0
2025-12-29,A,Ladekabel_Basic,0.9896735165131763,15.0,60.097720269049375,370.8696876684595,15.201037820692315,15.302931608071482,240,0
2025-12-30,A,Ladekabel_Basic,0.9948359931532494,15.0,47.92316024024339,265.64029484519216,15.536380792596043,14.937694807207302,209,0
2025-12-31,A,Ladekabel_Basic,1.0000000000000002,15.0,31.635526455659512,780.8059791900206,14.961660980238467,14.449065793669785,273,0
2024-01-01,B,Premium_Kopfhoerer,1.0051640068467504,150.0,46.864651140709626,526.7421512911717,150.12093590925355,150.0,55,0
2024-01-02,B,Premium_Kopfhoerer,1.0103264834868237,150.0,37.242193186860504,303.21059693556623,151.07479728750002,150.0,54,0
2024-01-03,B,Premium_Kopfhoerer,1.015485900166976,150.0,41.29214825292916,654.9597803487476,146.13071015150743,150.0,55,0
2024-01-04,B,Premium_Kopfhoerer,1.020640728040696,150.0,58.82867606630914,136.30046692460678,143.05955806767784,150.0,53,0
2024-01-05,B,Premium_Kopfhoerer,1.025789439621234,150.0,75.0485675652711,393.55322871542813,136.83421577016966,150.0,60,0
2024-01-06,B,Premium_Kopfhoerer,1.0309305092342305,150.0,55.920072947344714,521.7012951320212,144.78637981442347,150.0,67,0
2024-01-07,B,Premium_Kopfhoerer,1.0360624134698058,150.0,32.06175406947224,233.16250069846527,153.54859089950838,150.0,60,0
2024-01-08,B,Premium_Kopfhoerer,1.0411836316339795,150.0,56.66904002330211,986.1890298317556,144.72816421470324,150.0,75,0
2024-01-09,B,Premium_Kopfhoerer,1.0462926461992843,150.0,67.94947229968477,288.18762813065285,148.21644721930545,150.0,56,0
2024-01-10,B,Premium_Kopfhoerer,1.0513879432544433,150.0,40.85325643520927,217.31781703893898,153.4982346555924,150.0,66,0
2024-01-11,B,Premium_Kopfhoerer,1.0564680129529733,150.0,47.989742499906235,283.18138649820673,153.90517122317002,150.0,59,0
2024-01-12,B,Premium_Kopfhoerer,1.0615313499605858,150.0,50.22032292093795,792.1550198437518,141.9035036087547,150.0,59,0
2024-01-13,B,Premium_Kopfhoerer,1.0665764539012497,150.0,38.2265253037664,482.9550933446585,157.4779451734023,150.0,76,0
2024-01-14,B,Premium_Kopfhoerer,1.071601829801785,150.0,59.72420650765788,608.8743457772842,158.45512567016615,150.0,81,0
2024-01-15,B,Premium_Kopfhoerer,1.076605988534856,150.0,48.18577777088328,118.90824128772466,141.52612607086078,150.0,42,0
2024-01-16,B,Premium_Kopfhoerer,1.0815874472602316,150.0,56.292986658605415,130.9881777159831,143.82122347769135,150.0,52,0
2024-01-17,B,Premium_Kopfhoerer,1.0865447298641826,150.0,36.6876173329685,501.2429948443145,158.93318012359643,150.0,85,0
2024-01-18,B,Premium_Kopfhoerer,1.0914763673968868,150.0,43.438125495148846,834.9897188814612,148.89859859058524,150.0,86,0
2024-01-19,B,Premium_Kopfhoerer,1.0963808985077093,150.0,60.83572036741657,896.7149908368087,133.3516653941111,150.0,74,0
2024-01-20,B,Premium_Kopfhoerer,1.101256869878234,150.0,44.4075027186235,178.0359108360762,139.50238871450486,150.0,71,0
2024-01-21,B,Premium_Kopfhoerer,1.1061028366529115,150.0,75.90445776850108,584.5267918909205,148.12972781120638,150.0,106,0
2024-01-22,B,Premium_Kopfhoerer,1.110917362867202,150.0,44.005457215780964,921.9067176513435,141.27718012286547,150.0,67,0
2024-01-23,B,Premium_Kopfhoerer,1.1156990218730822,150.0,53.37027088627829,449.17547895809776,146.89932172022668,150.0,61,0
2024-01-24,B,Premium_Kopfhoerer,1.120446396761792,150.0,63.98886247809635,846.6092482855317,150.24297160262685,150.0,84,0
2024-01-25,B,Premium_Kopfhoerer,1.125158080783695,150.0,28.724514006004526,220.32608895949258,160.96690953026047,150.0,63,0
2024-01-26,B,Premium_Kopfhoerer,1.1298326777651293,150.0,23.587867820288363,941.8550407010189,147.8215956282916,150.0,78,0
2024-01-27,B,Premium_Kopfhoerer,1.1344688025221232,150.0,27.11515528144858,776.2809857781724,158.0440634967957,150.0,75,0
2024-01-28,B,Premium_Kopfhoerer,1.1390650812708554,150.0,68.93876155140774,947.2009535082115,160.71570121527577,150.0,91,0
2024-01-29,B,Premium_Kopfhoerer,1.1436201520347364,150.0,41.7221278116133,708.9555101972559,160.75732252014055,150.0,73,0
2024-01-30,B,Premium_Kopfhoerer,1.148132665047993,150.0,88.37298928502378,427.0635387994843,152.13565945039176,150.0,102,0
2024-01-31,B,Premium_Kopfhoerer,1.1526012831556314,150.0,41.53628602013917,944.3630552722502,135.2753313912077,150.0,67,0
2024-02-01,B,Premium_Kopfhoerer,1.157024682209665,150.0,52.768269547955555,348.01009867826065,153.45618649052898,150.0,68,0
2024-02-02,B,Premium_Kopfhoerer,1.16140155146149,150.0,73.13164928851813,398.95526985555927,157.86299915860158,150.0,102,0
2024-02-03,B,Premium_Kopfhoerer,1.1657305939502858,150.0,80.09139332238685,730.7275762015663,149.39199670923438,150.0,106,0
2024-02-04,B,Premium_Kopfhoerer,1.1700105268873353,150.0,80.92255364954596,788.7846695728476,163.08437902556435,150.0,109,0
2024-02-05,B,Premium_Kopfhoerer,1.1742400820361403,150.0,68.12549345889714,936.4631354642385,156.4487517110059,150.0,79,0
2024-02-06,B,Premium_Kopfhoerer,1.178418006088229,150.0,65.36093788717194,284.32216815058854,154.2620503286459,150.0,68,0
2024-02-07,B,Premium_Kopfhoerer,1.1825430610345378,150.0,58.88790423801775,818.1982316973016,158.14785533404378,150.0,91,0
2024-02-08,B,Premium_Kopfhoerer,1.1866140245322603,150.0,61.675416142499564,764.691448057267,152.50027388445656,150.0,82,0
2024-02-09,B,Premium_Kopfhoerer,1.1906296902670532,150.0,41.732214255072,157.4151006282381,131.30392125453486,150.0,40,0
2024-02-10,B,Premium_Kopfhoerer,1.1945888683104944,150.0,37.72701674866539,448.50082708918626,146.25645786397226,150.0,65,0
2024-02-11,B,Premium_Kopfhoerer,1.1984903854726836,150.0,49.94938313883572,354.4889113540887,158.9787602043589,150.0,61,0
2024-02-12,B,Premium_Kopfhoerer,1.2023330856498837,150.0,47.447230662126074,374.04138191862734,143.94306494926278,150.0,67,0
2024-02-13,B,Premium_Kopfhoerer,1.2061158301671,150.0,43.201579260090874,984.6521915992307,148.32395621072297,150.0,76,0
2024-02-14,B,Premium_Kopfhoerer,1.209837498115494,150.0,60.44581171185073,678.4996721319351,142.16372764572696,150.0,68,0
2024-02-15,B,Premium_Kopfhoerer,1.2134969866845324,150.0,64.32957812855766,745.9085420141496,163.37941946401327,150.0,98,0
2024-02-16,B,Premium_Kopfhoerer,1.2170932114887738,150.0,51.32610329437771,978.9558735835083,162.61119343063513,150.0,104,0
2024-02-17,B,Premium_Kopfhoerer,1.2206251068891956,150.0,72.16295121582893,439.4816042118748,143.37098328644453,150.0,101,0
2024-02-18,B,Premium_Kopfhoerer,1.2240916263089665,150.0,32.87466328799742,821.6561516075253,151.10473500291815,150.0,91,0
2024-02-19,B,Premium_Kopfhoerer,1.2274917425435687,150.0,47.095108110804226,491.07786697404583,144.89629464176963,150.0,76,0
2024-02-20,B,Premium_Kopfhoerer,1.2308244480651813,150.0,39.247665190957925,882.5803046334818,154.61208479273535,150.0,85,0
2024-02-21,B,Premium_Kopfhoerer,1.2340887553212325,150.0,22.0019507439041,262.59178718017284,153.82262307931745,150.0,72,0
2024-02-22,B,Premium_Kopfhoerer,1.2372836970270331,150.0,48.75978971235951,952.9175593578516,156.0877917870995,150.0,90,0
2024-02-23,B,Premium_Kopfhoerer,1.2404083264524028,150.0,48.17378737425075,296.8945375697917,152.48938835780916,150.0,76,0
2024-02-24,B,Premium_Kopfhoerer,1.2434617177022083,150.0,72.70174614863197,393.59845628283836,172.0155465479135,150.0,119,0
2024-02-25,B,Premium_Kopfhoerer,1.2464429659907243,150.0,59.462175268321666,780.5730106961024,142.29057176241946,150.0,81,0
2024-02-26,B,Premium_Kopfhoerer,1.2493511879097423,150.0,34.63719763506192,454.37962740886604,137.17047484172613,150.0,59,0
2024-02-27,B,Premium_Kopfhoerer,1.2521855216903435,150.0,77.81138849501282,647.390239089802,147.05182349473904,150.0,119,0
2024-02-28,B,Premium_Kopfhoerer,1.2549451274582584,150.0,68.3155054328803,500.1161509624857,138.240088008298,150.0,64,0
2024-02-29,B,Premium_Kopfhoerer,1.2576291874827408,150.0,58.731465552029235,768.1329433808037,138.80653297495505,150.0,76,0
2024-03-01,B,Premium_Kopfhoerer,1.260236906418879,150.0,46.60273851725252,305.49812713174975,142.49014009351524,150.0,69,0
2024-03-02,B,Premium_Kopfhoerer,1.2627675115432728,150.0,35.60841144914781,152.6121885131893,143.0835832092628,150.0,80,0
2024-03-03,B,Premium_Kopfhoerer,1.265220252983009,150.0,44.416898358934205,369.9364577257596,142.84036423537455,150.0,63,0
2024-03-04,B,Premium_Kopfhoerer,1.2675944039378646,150.0,66.33122929556279,526.8777983815872,153.88664212834058,150.0,86,0
2024-03-05,B,Premium_Kopfhoerer,1.2698892608956729,150.0,78.26879458901912,251.2180469734107,146.20358204186,150.0,95,0
2024-03-06,B,Premium_Kopfhoerer,1.2721041438407907,150.0,73.14865292408284,419.3175606907498,148.65364068845642,150.0,124,0
2024-03-07,B,Premium_Kopfhoerer,1.2742383964556,150.0,42.667258673205886,459.98471646421166,156.706745808757,150.0,95,0
2024-03-08,B,Premium_Kopfhoerer,1.2762913863149903,150.0,33.20573850066483,151.6526593194462,144.2525810641393,150.0,70,0
2024-03-09,B,Premium_Kopfhoerer,1.278262505073759,150.0,52.113293703668056,624.976523365784,148.01590575971457,150.0,83,0
2024-03-10,B,Premium_Kopfhoerer,1.2801511686468776,150.0,23.473409516557226,895.9090851741588,152.74319989569688,150.0,89,0
2024-03-11,B,Premium_Kopfhoerer,1.2819568173825686,150.0,54.847515712771724,236.56862165774717,135.43824149534834,150.0,68,0
2024-03-12,B,Premium_Kopfhoerer,1.2836789162281428,150.0,47.78596120551997,638.0272120613627,132.11320868287063,150.0,83,0
2024-03-13,B,Premium_Kopfhoerer,1.285316954888546,150.0,43.00945247197637,698.2652844197617,152.59587996598293,150.0,76,0
2024-03-14,B,Premium_Kopfhoerer,1.2868704479775717,150.0,26.07945399099807,477.4012123773595,153.69010710425172,150.0,75,0
2024-03-15,B,Premium_Kopfhoerer,1.2883389351616903,150.0,57.70400159854575,730.987828627843,165.4816510113931,150.0,100,0
2024-03-16,B,Premium_Kopfhoerer,1.2897219812964564,150.0,42.009487405071326,469.65838914191085,151.18571156900109,150.0,57,0
2024-03-17,B,Premium_Kopfhoerer,1.2910191765554522,150.0,32.45124746434568,554.1735591796914,156.14804787943572,150.0,97,0
2024-03-18,B,Premium_Kopfhoerer,1.2922301365517261,150.0,6.91606680077526,106.61774009898429,148.5339551731052,150.0,56,0
2024-03-19,B,Premium_Kopfhoerer,1.293354502451697,150.0,49.58727642424046,722.54810272122,152.22920416188813,150.0,90,0
2024-03-20,B,Premium_Kopfhoerer,1.2943919410814828,150.0,76.58377395004617,695.208411050252,162.5044263131215,150.0,140,0
2024-03-21,B,Premium_Kopfhoerer,1.2953421450256277,150.0,74.91888821821804,134.5607895937101,134.07005386405774,150.0,73,0
2024-03-22,B,Premium_Kopfhoerer,1.2962048327181959,150.0,43.14355615120592,431.42509665561977,153.1021219317876,150.0,70,0
2024-03-23,B,Premium_Kopfhoerer,1.2969797485262058,150.0,40.96681909457329,981.1286567125006,166.01690047558023,150.0,88,0
2024-03-24,B,Premium_Kopfhoerer,1.2976666628253797,150.0,57.031613841125356,478.66290631175514,152.11525664407006,150.0,66,0
2024-03-25,B,Premium_Kopfhoerer,1.2982653720681856,150.0,35.02421841217563,551.7508646186575,162.37929722424636,150.0,93,0
2024-03-26,B,Premium_Kopfhoerer,1.2987756988441537,150.0,54.52687849729199,918.9371423437467,145.28090887852917,150.0,69,0
2024-03-27,B,Premium_Kopfhoerer,1.2991974919324467,150.0,61.491204175770356,745.5356882791808,149.75964379377214,150.0,90,0
2024-03-28,B,Premium_Kopfhoerer,1.2995306263466693,150.0,68.40399835826462,623.8631180118012,150.2514352679144,150.0,77,0
2024-03-29,B,Premium_Kopfhoerer,1.299775003371905,150.0,48.49768885280071,818.0242132069652,133.3680669048092,150.0,89,0
2024-03-30,B,Premium_Kopfhoerer,1.2999305505939671,150.0,46.94489374734551,877.9296398103759,141.23866629112348,150.0,88,0
2024-03-31,B,Premium_Kopfhoerer,1.299997221920857,150.0,36.830261198651584,511.19926456354017,141.7734369046201,150.0,82,0
2024-04-01,B,Premium_Kopfhoerer,1.2999749975964214,150.0,37.5967946894021,527.5975284386518,156.16549558524397,150.0,78,0
2024-04-02,B,Premium_Kopfhoerer,1.2998638842062071,150.0,46.602816621477096,447.4458420866522,156.54114829263042,150.0,495,1
2024-04-03,B,Premium_Kopfhoerer,1.29966391467551,150.0,55.51048260224267,970.0355260166145,152.430273320299,150.0,94,0
2024-04-04,B,Premium_Kopfhoerer,1.2993751482596176,150.0,63.70376939349874,727.4496288613153,156.1807717264178,150.0,77,0
2024-04-05,B,Premium_Kopfhoerer,1.298997670526251,150.0,37.95231573979483,174.90075958726507,148.7688794045867,150.0,60,0
2024-04-06,B,Premium_Kopfhoerer,1.2985315933302093,150.0,72.39032853439282,876.6636609817166,159.01448752154656,150.0,164,0
2024-04-07,B,Premium_Kopfhoerer,1.2979770547802243,150.0,45.93314598436147,532.5039467526412,150.06591331974053,150.0,69,0
2024-04-08,B,Premium_Kopfhoerer,1.2973342191980364,150.0,49.67949058477346,161.87851578023873,150.43398035570067,150.0,52,0
2024-04-09,B,Premium_Kopfhoerer,1.296603277069702,150.0,38.79182481278265,594.7455296469799,148.00805525053192,150.0,72,0
2024-04-10,B,Premium_Kopfhoerer,1.2957844449891491,150.0,13.636396095905877,475.44785107813186,155.13337858227322,150.0,96,0
2024-04-11,B,Premium_Kopfhoerer,1.2948779655939946,150.0,63.26068094541574,889.9744643763623,146.84100887540316,150.0,101,0
2024-04-12,B,Premium_Kopfhoerer,1.2938841074936471,150.0,61.0526584563865,283.5951432484486,157.3232353289855,150.0,76,0
2024-04-13,B,Premium_Kopfhoerer,1.2928031651897105,150.0,45.7800866432268,843.8181485429647,141.50888144462994,150.0,64,0
2024-04-14,B,Premium_Kopfhoerer,1.2916354589887185,150.0,51.00486075837308,601.9198220669075,141.75812808953853,150.0,80,0
2024-04-15,B,Premium_Kopfhoerer,1.2903813349072193,150.0,57.73908826556149,149.14927289212216,155.15570066344878,150.0,65,0
2024-04-16,B,Premium_Kopfhoerer,1.2890411645692446,150.0,26.56181214670186,974.6607711929362,149.3359183906274,150.0,81,0
2024-04-17,B,Premium_Kopfhoerer,1.287615345096189,150.0,42.06420983980558,561.35371969288,146.59581437885154,150.0,72,0
2024-04-18,B,Premium_Kopfhoerer,1.2861042989891338,150.0,61.913970194327405,361.7891688084242,156.67543299356592,150.0,100,0
2024-04-19,B,Premium_Kopfhoerer,1.2845084740036514,150.0,31.18565865246126,522.4661577903323,145.44553939435437,150.0,101,0
2024-04-20,B,Premium_Kopfhoerer,1.2828283430171261,150.0,54.40336898249944,872.07200516574,148.49849059274723,150.0,95,0
2024-04-21,B,Premium_Kopfhoerer,1.2810644038886294,150.0,29.651272930648926,374.41281194655716,160.4942096255337,150.0,80,0
2024-04-22,B,Premium_Kopfhoerer,1.2792171793113938,150.0,56.996449736502896,273.4087568380303,161.5435675935799,150.0,82,0
2024-04-23,B,Premium_Kopfhoerer,1.2772872166579279,150.0,49.465377765537745,216.16412223779332,161.79298657702745,150.0,81,0
2024-04-24,B,Premium_Kopfhoerer,1.275275087817818,150.0,25.77302276141736,368.07345855119013,147.88405667299568,150.0,57,0
2024-04-25,B,Premium_Kopfhoerer,1.2731813890282648,150.0,67.47109031685757,802.0432783360391,159.23027178738351,150.0,91,0
2024-04-26,B,Premium_Kopfhoerer,1.2710067406974053,150.0,38.981126348029264,524.4637286757355,142.8828537917349,150.0,86,0
2024-04-27,B,Premium_Kopfhoerer,1.2687517872204728,150.0,37.84621344478429,304.733443324186,143.19822843958454,150.0,69,0
2024-04-28,B,Premium_Kopfhoerer,1.266417196788848,150.0,53.008537958464146,249.56649964877428,132.3715811053173,150.0,53,0
2024-04-29,B,Premium_Kopfhoerer,1.2640036611920606,150.0,67.22956024143073,399.4565288593412,162.546511514239,150.0,86,0
2024-04-30,B,Premium_Kopfhoerer,1.2615118956127964,150.0,34.762672715324044,945.9319355971379,143.52015113192942,150.0,84,0
2024-05-01,B,Premium_Kopfhoerer,1.2589426384149733,150.0,50.92519774771957,408.7240413310219,149.05100565189704,150.0,66,0
2024-05-02,B,Premium_Kopfhoerer,1.256296650924948,150.0,56.432247504958596,989.3116683591718,143.17256743553787,150.0,65,0
2024-05-03,B,Premium_Kopfhoerer,1.253574717205919,150.0,60.39658410894716,536.7074101888205,155.21373936247605,150.0,98,0
2024-05-04,B,Premium_Kopfhoerer,1.250777643825591,150.0,52.64662332915838,261.2475264611358,147.18274754461996,150.0,71,0
2024-05-05,B,Premium_Kopfhoerer,1.2479062596171728,150.0,44.494582413750166,902.0260826141584,140.21387332175289,150.0,81,0
2024-05-06,B,Premium_Kopfhoerer,1.244961415433775,150.0,37.5861466902692,514.3198358213442,153.31246923139545,150.0,72,0
2024-05-07,B,Premium_Kopfhoerer,1.2419439838962834,150.0,51.292158245695624,738.704209154072,139.24702481392328,150.0,73,0
2024-05-08,B,Premium_Kopfhoerer,1.2388548591347848,150.0,33.9179148202159,985.3404248882366,143.7194570601338,150.0,78,0
2024-05-09,B,Premium_Kopfhoerer,1.2356949565236144,150.0,6.17974274758089,145.1578152879766,134.1983316403044,150.0,52,0
2024-05-10,B,Premium_Kopfhoerer,1.232465212410112,150.0,56.54839706236502,187.02510380881043,139.32031415851793,150.0,78,0
2024-05-11,B,Premium_Kopfhoerer,1.2291665838371628,150.0,63.55902261629293,748.4110673164805,151.33896877290357,150.0,91,0
2024-05-12,B,Premium_Kopfhoerer,1.2258000482596025,150.0,14.556013466872423,353.6425029659248,135.26597971422808,150.0,63,0
2024-05-13,B,Premium_Kopfhoerer,1.2223666032545788,150.0,34.854039429350934,265.8712572550892,138.89140706533715,150.0,57,0
2024-05-14,B,Premium_Kopfhoerer,1.2188672662259463,150.0,59.287313915077966,135.42569183775655,149.98223312900393,150.0,50,0
2024-05-15,B,Premium_Kopfhoerer,1.2153030741027886,150.0,80.86243204567548,119.66204078758163,145.92294827930212,150.0,81,0
2024-05-16,B,Premium_Kopfhoerer,1.2116750830321534,150.0,50.31190561513112,797.0370428078118,164.9402747696948,150.0,88,0
2024-05-17,B,Premium_Kopfhoerer,1.2079843680660933,150.0,39.07995588156299,220.990084632595,163.75422409518282,150.0,66,0
2024-05-18,B,Premium_Kopfhoerer,1.204232022843105,150.0,47.256553383427395,520.9485543740358,143.49058152936635,150.0,62,0
2024-05-19,B,Premium_Kopfhoerer,1.20041915926406,150.0,70.62314628722277,645.3071336615347,154.1785321380261,150.0,121,0
2024-05-20,B,Premium_Kopfhoerer,1.1965469071627255,150.0,40.310537313131974,485.5166205119616,155.61961917659588,150.0,100,0
2024-05-21,B,Premium_Kopfhoerer,1.1926164139709692,150.0,38.0121199002462,124.3959871026098,145.51890856481697,150.0,53,0
2024-05-22,B,Premium_Kopfhoerer,1.1886288443787503,150.0,42.758847167269515,805.1513523291179,138.78343847626348,150.0,76,0
2024-05-23,B,Premium_Kopfhoerer,1.1845853799889983,150.0,35.70007087611931,109.46190208748814,149.90776163018958,150.0,60,0
2024-05-24,B,Premium_Kopfhoerer,1.1804872189674769,150.0,51.84005473992193,785.7009049397356,148.70365743889417,150.0,72,0
2024-05-25,B,Premium_Kopfhoerer,1.176335575687742,150.0,74.3701768770434,903.9740444093104,146.73176627272036,150.0,118,0
2024-05-26,B,Premium_Kopfhoerer,1.1721316803712973,150.0,54.84618909674044,489.55592895145503,153.31737651123365,150.0,77,0
2024-05-27,B,Premium_Kopfhoerer,1.1678767787230528,150.0,46.21469746810568,581.9882257880184,144.369527947458,150.0,79,0
2024-05-28,B,Premium_Kopfhoerer,1.1635721315621952,150.0,45.62283096626684,529.2850533558884,141.36001839315642,150.0,76,0
2024-05-29,B,Premium_Kopfhoerer,1.1592190144485799,150.0,26.552137869550144,450.28775676109495,150.81812227762373,150.0,63,0
2024-05-30,B,Premium_Kopfhoerer,1.154818717304756,150.0,63.246646657207386,898.6820818333242,152.89477569426657,150.0,75,0
2024-05-31,B,Premium_Kopfhoerer,1.1503725440337327,150.0,48.83244204480797,904.5401596029915,141.17516292074959,150.0,68,0
2024-06-01,B,Premium_Kopfhoerer,1.145881812132607,150.0,47.29280129614062,402.2347281773811,156.9606795824331,150.0,78,0
2024-06-02,B,Premium_Kopfhoerer,1.1413478523021592,150.0,97.89661351767292,653.5627786132281,136.72139146667942,150.0,94,0
2024-06-03,B,Premium_Kopfhoerer,1.1367720080525376,150.0,54.48129362548529,934.2168059312777,145.66414905963268,150.0,79,0
2024-06-04,B,Premium_Kopfhoerer,1.1321556353051485,150.0,38.72313424857224,965.8526490472163,148.06493597851792,150.0,81,0
2024-06-05,B,Premium_Kopfhoerer,1.1275001019908664,150.0,43.60463605691685,558.0631363798428,145.22832215511053,150.0,72,0
2024-06-06,B,Premium_Kopfhoerer,1.1228067876446863,150.0,67.22668563795132,507.54232475589413,145.76204644836605,150.0,65,0
2024-06-07,B,Premium_Kopfhoerer,1.11807708299694,150.0,51.69905615806647,350.82488433567323,164.03305861731084,150.0,80,0
2024-06-08,B,Premium_Kopfhoerer,1.1133123895611894,150.0,28.4258303252395,962.984685871369,143.61836933220826,150.0,67,0
2024-06-09,B,Premium_Kopfhoerer,1.1085141192189303,150.0,63.78843401862805,228.5328740255806,168.30916291853936,150.0,76,0
2024-06-10,B,Premium_Kopfhoerer,1.10368369380122,150.0,39.97783871691509,621.8466184429525,153.2784508479829,150.0,69,0
2024-06-11,B,Premium_Kopfhoerer,1.0988225446673592,150.0,78.09946664326318,354.295240766775,150.69041352983993,150.0,92,0
2024-06-12,B,Premium_Kopfhoerer,1.0939321122807482,150.0,66.20072098571973,351.107461313017,153.57180265040748,150.0,67,0
2024-06-13,B,Premium_Kopfhoerer,1.0890138457820473,150.0,43.29017156511873,464.47172863856963,168.97445811938965,150.0,84,0
2024-06-14,B,Premium_Kopfhoerer,1.0840692025597647,150.0,69.21524542602668,998.9136422340891,142.54805247051414,150.0,59,0
2024-06-15,B,Premium_Kopfhoerer,1.079099647818402,150.0,51.01783265791105,149.46967615583986,141.59686560797707,150.0,52,0
2024-06-16,B,Premium_Kopfhoerer,1.0741066541442807,150.0,62.791605126833296,620.6876363831783,144.3385035257106,150.0,63,0
2024-06-17,B,Premium_Kopfhoerer,1.0690917010691836,150.0,57.27099225941712,174.31494223174946,150.24107360223422,150.0,61,0
2024-06-18,B,Premium_Kopfhoerer,1.0640562746319389,150.0,37.3046501751369,239.06874699146707,137.0567165639057,150.0,61,0
2024-06-19,B,Premium_Kopfhoerer,1.059001866938073,150.0,40.34675251523807,495.6066475956088,150.16754429488955,150.0,76,0
2024-06-20,B,Premium_Kopfhoerer,1.0539299757176688,150.0,65.44941226371742,559.4141182117971,162.70160350060254,150.0,63,0
2024-06-21,B,Premium_Kopfhoerer,1.0488421038815552,150.0,44.97837001840189,332.9131675280716,151.1355554296858,150.0,67,0
2024-06-22,B,Premium_Kopfhoerer,1.0437397590759625,150.0,43.94527305137005,384.8114177869746,147.80485905768543,150.0,61,0
2024-06-23,B,Premium_Kopfhoerer,1.0386244532357745,150.0,35.673161309759706,178.27031823033974,145.3637966348728,150.0,47,0
2024-06-24,B,Premium_Kopfhoerer,1.0334977021365086,150.0,56.353985983901914,372.89780545982546,156.73883778413673,150.0,56,0
2024-06-25,B,Premium_Kopfhoerer,1.0283610249451598,150.0,80.93787378864718,969.9025954424897,143.80625420071465,150.0,101,0
2024-06-26,B,Premium_Kopfhoerer,1.023215943770039,150.0,33.98700628618591,950.2366435052335,163.84796940449436,150.0,85,0
2024-06-27,B,Premium_Kopfhoerer,1.018063983209738,150.0,50.36329185009137,401.3904611232865,164.5001981078577,150.0,66,0
2024-06-28,B,Premium_Kopfhoerer,1.0129066699013591,150.0,71.18330833123144,613.7685426508854,151.9256309899634,150.0,76,0
2024-06-29,B,Premium_Kopfhoerer,1.0077455320681399,150.0,48.805379131314275,918.6358519998499,149.91363683942515,150.0,56,0
2024-06-30,B,Premium_Kopfhoerer,1.0025820990666066,150.0,56.785576943746015,105.565440376807,157.7299485618117,150.0,60,0
2024-07-01,B,Premium_Kopfhoerer,0.9974179009333936,150.0,34.0640970777968,829.6152133038327,158.21098876670493,150.0,74,0
2024-07-02,B,Premium_Kopfhoerer,0.9922544679318602,150.0,56.42460645811473,953.5325975100271,143.9550620170544,150.0,63,0
2024-07-03,B,Premium_Kopfhoerer,0.9870933300986409,150.0,47.192836024931765,182.19316090020135,146.05083650147475,150.0,45,0
2024-07-04,B,Premium_Kopfhoerer,0.9819360167902622,150.0,64.78594993519795,245.30291742962893,140.0823942398753,150.0,47,0
2024-07-05,B,Premium_Kopfhoerer,0.976784056229961,150.0,67.81079077347127,964.6716724942199,153.06798703750545,150.0,69,0
2024-07-06,B,Premium_Kopfhoerer,0.9716389750548402,150.0,88.8434546302792,583.7861292763117,154.9997091259267,150.0,76,0
2024-07-07,B,Premium_Kopfhoerer,0.9665022978634916,150.0,58.69449759820363,112.77697102455133,139.87555771604045,150.0,34,0
2024-07-08,B,Premium_Kopfhoerer,0.9613755467642258,150.0,54.886944748732496,331.86879888717624,146.5860082138788,150.0,59,0
2024-07-09,B,Premium_Kopfhoerer,0.9562602409240377,150.0,52.91576452366004,504.9493068419737,139.89559561813988,150.0,53,0
2024-07-10,B,Premium_Kopfhoerer,0.951157896118445,150.0,44.702505607839676,723.618019922291,143.2590014231712,150.0,65,0
2024-07-11,B,Premium_Kopfhoerer,0.9460700242823313,150.0,55.077257651925365,759.8443403231196,154.13262795169723,150.0,74,0
2024-07-12,B,Premium_Kopfhoerer,0.9409981330619271,150.0,45.56897884791456,995.8793616329104,144.49888449991292,150.0,60,0
2024-07-13,B,Premium_Kopfhoerer,0.9359437253680613,150.0,52.52691464404421,358.7600794453831,147.74380532975778,150.0,67,0
2024-07-14,B,Premium_Kopfhoerer,0.9309082989308164,150.0,69.7639630341194,584.3980916816278,137.79516204039513,150.0,47,0
2024-07-15,B,Premium_Kopfhoerer,0.9258933458557195,150.0,34.90186152080538,579.9911930736445,151.40242657293496,150.0,57,0
2024-07-16,B,Premium_Kopfhoerer,0.9209003521815978,150.0,67.09817841693568,465.08073350251374,149.66795010116513,150.0,43,0
2024-07-17,B,Premium_Kopfhoerer,0.9159307974402352,150.0,69.75672601009798,252.24570445817818,144.53280562475126,150.0,42,0
2024-07-18,B,Premium_Kopfhoerer,0.9109861542179529,150.0,48.22897209513382,979.7109068654582,148.58239276738144,150.0,60,0
2024-07-19,B,Premium_Kopfhoerer,0.906067887719252,150.0,18.172176514871083,867.9854679999274,151.35221160377583,150.0,63,0
2024-07-20,B,Premium_Kopfhoerer,0.9011774553326409,150.0,40.882670193583515,548.4997254648135,143.88848888317992,150.0,54,0
2024-07-21,B,Premium_Kopfhoerer,0.89631630619878,150.0,69.45491819841664,642.9208804156268,138.92803091998667,150.0,41,0
2024-07-22,B,Premium_Kopfhoerer,0.8914858807810697,150.0,49.656979065516765,304.5349482036961,163.54180824515112,150.0,51,0
2024-07-23,B,Premium_Kopfhoerer,0.8866876104388106,150.0,35.01046651557634,589.4083633525722,145.25045471467297,150.0,69,0
2024-07-24,B,Premium_Kopfhoerer,0.88192291700306,150.0,42.42837618157674,725.4731198093282,149.27429922609832,150.0,58,0
2024-07-25,B,Premium_Kopfhoerer,0.8771932123553137,150.0,62.6093003975683,563.6503255479299,157.58129801265235,150.0,69,0
2024-07-26,B,Premium_Kopfhoerer,0.8724998980091339,150.0,58.20100352302069,991.2566535264472,176.46791390677862,150.0,84,0
2024-07-27,B,Premium_Kopfhoerer,0.8678443646948515,150.0,46.416018512454585,650.2074906229535,140.6663516258335,150.0,40,0
2024-07-28,B,Premium_Kopfhoerer,0.8632279919474624,150.0,44.49763382277968,433.87634133295217,153.37370410294884,150.0,54,0
2024-07-29,B,Premium_Kopfhoerer,0.8586521476978408,150.0,44.12362776434267,794.9368248542543,144.6933578602942,150.0,50,0
2024-07-30,B,Premium_Kopfhoerer,0.8541181878673929,150.0,36.163847232522464,253.41626042347784,145.95907271567467,150.0,37,0
2024-07-31,B,Premium_Kopfhoerer,0.8496274559662673,150.0,74.23063534204162,446.0642323356399,144.5984098424491,150.0,67,0
2024-08-01,B,Premium_Kopfhoerer,0.8451812826952443,150.0,45.1651929618299,412.26305533982725,141.5575877414956,150.0,46,0
2024-08-02,B,Premium_Kopfhoerer,0.8407809855514201,150.0,68.25737781238244,488.6263855969995,149.69031478661503,150.0,57,0
2024-08-03,B,Premium_Kopfhoerer,0.8364278684378048,150.0,72.81974077883677,803.6018433358537,138.94122984713823,150.0,88,0
2024-08-04,B,Premium_Kopfhoerer,0.8321232212769472,150.0,64.9746634722194,535.7557289470667,157.10105674883903,150.0,67,0
2024-08-05,B,Premium_Kopfhoerer,0.8278683196287027,150.0,43.52569530922927,814.6130052393664,150.4125220202503,150.0,56,0
2024-08-06,B,Premium_Kopfhoerer,0.823664424312258,150.0,56.05595135504914,618.8400128258793,153.16826229676082,150.0,46,0
2024-08-07,B,Premium_Kopfhoerer,0.8195127810325232,150.0,49.63706590413626,407.8624911917998,146.50358541040333,150.0,41,0
2024-08-08,B,Premium_Kopfhoerer,0.8154146200110017,150.0,36.44447208904808,828.9808693151252,147.24597049341187,150.0,46,0
2024-08-09,B,Premium_Kopfhoerer,0.8113711556212496,150.0,54.865389225824046,314.46070349778245,152.15672928875495,150.0,54,0
2024-08-10,B,Premium_Kopfhoerer,0.8073835860290309,150.0,32.31440313260296,301.94468181981597,141.2696202569563,150.0,52,0
2024-08-11,B,Premium_Kopfhoerer,0.8034530928372745,150.0,67.81519082692346,554.0526316493522,147.31507174189997,150.0,53,0
2024-08-12,B,Premium_Kopfhoerer,0.79958084073594,150.0,43.03074054052411,334.76432136588005,143.5528986459116,150.0,42,0
2024-08-13,B,Premium_Kopfhoerer,0.7957679771568953,150.0,53.01739483809259,108.1783314560947,143.3207339205674,150.0,40,0
2024-08-14,B,Premium_Kopfhoerer,0.7920156319339069,150.0,54.249318073192136,683.4677745689214,134.1762131953077,150.0,260,1
2024-08-15,B,Premium_Kopfhoerer,0.7883249169678468,150.0,46.11642539443884,559.9844393251582,160.0449494211,150.0,48,0
2024-08-16,B,Premium_Kopfhoerer,0.7846969258972115,150.0,58.80040702212912,500.9660330438451,144.85095935134672,150.0,52,0
2024-08-17,B,Premium_Kopfhoerer,0.7811327337740537,150.0,42.876445150662136,970.2716631564838,158.72532041372662,150.0,66,0
2024-08-18,B,Premium_Kopfhoerer,0.7776333967454213,150.0,63.06945946185866,614.0792655666223,158.0159424104572,150.0,54,0
2024-08-19,B,Premium_Kopfhoerer,0.7741999517403975,150.0,29.810304796298773,877.088420010446,140.3550022011263,150.0,39,0
2024-08-20,B,Premium_Kopfhoerer,0.7708334161628372,150.0,51.89569369319618,225.50521258464414,141.83691573245366,150.0,28,0
2024-08-21,B,Premium_Kopfhoerer,0.7675347875898878,150.0,79.08393498587427,612.285816816485,169.20377219516766,150.0,82,0
2024-08-22,B,Premium_Kopfhoerer,0.7643050434763856,150.0,34.995030130916376,881.1816640578126,163.1319445644536,150.0,49,0
2024-08-23,B,Premium_Kopfhoerer,0.7611451408652155,150.0,39.83382544212723,624.7951815519082,149.76361115003922,150.0,42,0
2024-08-24,B,Premium_Kopfhoerer,0.7580560161037166,150.0,57.708617744883725,746.2127603143014,151.9302982981301,150.0,45,0
2024-08-25,B,Premium_Kopfhoerer,0.7550385845662253,150.0,52.69372672909397,434.83921103098663,145.26865197789607,150.0,47,0
2024-08-26,B,Premium_Kopfhoerer,0.7520937403828272,150.0,55.25945148910339,183.20456533335994,153.24264535650255,150.0,46,0
2024-08-27,B,Premium_Kopfhoerer,0.7492223561744091,150.0,57.337806952214954,512.1102656143643,144.62113574458147,150.0,35,0
2024-08-28,B,Premium_Kopfhoerer,0.7464252827940809,150.0,59.52082202842655,455.0314517549718,134.7573467677621,150.0,47,0
2024-08-29,B,Premium_Kopfhoerer,0.743703349075052,150.0,66.64549762934335,880.3541641410526,140.0883316011671,150.0,37,0
2024-08-30,B,Premium_Kopfhoerer,0.7410573615850266,150.0,56.147279853927685,319.595772117225,150.1581956088794,150.0,45,0
2024-08-31,B,Premium_Kopfhoerer,0.7384881043872035,150.0,46.38113518072186,970.0608047815973,141.5169957337306,150.0,45,0
2024-09-01,B,Premium_Kopfhoerer,0.7359963388079394,150.0,60.088605518040964,962.3243078240465,149.49541901314848,150.0,46,0
2024-09-02,B,Premium_Kopfhoerer,0.7335828032111521,150.0,78.49822902342822,322.8684787642948,141.94004220425353,150.0,45,0
2024-09-03,B,Premium_Kopfhoerer,0.7312482127795273,150.0,48.010493804261394,413.24675992958845,144.13234558123506,150.0,32,0
2024-09-04,B,Premium_Kopfhoerer,0.7289932593025947,150.0,35.38206042994038,906.0001667864965,156.39873979809892,150.0,49,0
2024-09-05,B,Premium_Kopfhoerer,0.7268186109717352,150.0,66.60621003930459,969.9599988064967,151.85610410730078,150.0,48,0
2024-09-06,B,Premium_Kopfhoerer,0.7247249121821819,150.0,48.19428254069603,499.09519255243964,149.9275168401499,150.0,41,0
2024-09-07,B,Premium_Kopfhoerer,0.722712783342072,150.0,17.409956809789456,388.89734107680806,156.5922297980299,150.0,38,0
2024-09-08,B,Premium_Kopfhoerer,0.7207828206886062,150.0,62.711325157256326,573.4846119263879,153.60456445010513,150.0,39,0
2024-09-09,B,Premium_Kopfhoerer,0.7189355961113706,150.0,41.97007721069116,718.9922857291613,160.84922468438526,150.0,45,0
2024-09-10,B,Premium_Kopfhoerer,0.7171716569828739,150.0,48.64200076543759,346.12706383748184,146.55105553263644,150.0,32,0
2024-09-11,B,Premium_Kopfhoerer,0.7154915259963486,150.0,54.97970495853522,762.8258571571655,146.7777376610437,150.0,41,0
2024-09-12,B,Premium_Kopfhoerer,0.7138957010108664,150.0,52.857495196685996,146.49162140317694,140.24168050206492,150.0,23,0
2024-09-13,B,Premium_Kopfhoerer,0.7123846549038111,150.0,60.64177725708559,144.3650434879748,146.78264461970684,150.0,42,0
2024-09-14,B,Premium_Kopfhoerer,0.7109588354307554,150.0,43.46770444145235,447.6589346309907,157.23577420726832,150.0,62,0
2024-09-15,B,Premium_Kopfhoerer,0.7096186650927807,150.0,57.69658697264124,418.12587285464855,159.749905291966,150.0,50,0
2024-09-16,B,Premium_Kopfhoerer,0.7083645410112817,150.0,46.106799836241244,384.069893830437,157.20228876065002,150.0,33,0
2024-09-17,B,Premium_Kopfhoerer,0.7071968348102895,150.0,61.08215721331255,541.917786402019,136.5435610008792,150.0,47,0
2024-09-18,B,Premium_Kopfhoerer,0.706115892506353,150.0,59.2305122601958,388.6602240804141,158.12358909495552,150.0,51,0
2024-09-19,B,Premium_Kopfhoerer,0.7051220344060054,150.0,35.968419469331074,273.0321266212827,136.21111032545946,150.0,41,0
2024-09-20,B,Premium_Kopfhoerer,0.7042155550108509,150.0,66.28973174262548,378.52259417974085,156.73587993091763,150.0,41,0
2024-09-21,B,Premium_Kopfhoerer,0.703396722930298,150.0,41.96054832328928,977.4138455292115,147.24161605071708,150.0,60,0
2024-09-22,B,Premium_Kopfhoerer,0.7026657808019636,150.0,62.12086697421718,470.00207529536374,155.26899985450393,150.0,41,0
2024-09-23,B,Premium_Kopfhoerer,0.7020229452197757,150.0,55.50930970102011,500.2414991725022,140.00663739079076,150.0,46,0
2024-09-24,B,Premium_Kopfhoerer,0.7014684066697907,150.0,77.57275515192683,618.890490956026,158.78375724529607,150.0,65,0
2024-09-25,B,Premium_Kopfhoerer,0.7010023294737491,150.0,46.64801026442222,985.0066915728039,139.01268940421332,150.0,32,0
2024-09-26,B,Premium_Kopfhoerer,0.7006248517403824,150.0,44.760248058227035,317.4411487921867,144.98658816860117,150.0,38,0
2024-09-27,B,Premium_Kopfhoerer,0.70033608532449,150.0,49.708705911684014,713.1538994791904,142.51429029173224,150.0,54,0
2024-09-28,B,Premium_Kopfhoerer,0.7001361157937929,150.0,45.45230325748587,744.3862241875516,136.84286360383126,150.0,46,0
2024-09-29,B,Premium_Kopfhoerer,0.7000250024035786,150.0,61.99912852913075,646.5919751137593,150.7089567569135,150.0,46,0
2024-09-30,B,Premium_Kopfhoerer,0.7000027780791429,150.0,25.755340873451182,179.72050567297967,163.5456683837772,150.0,48,0
2024-10-01,B,Premium_Kopfhoerer,0.7000694494060328,150.0,34.194763712804686,709.1850482448189,170.00178916740006,150.0,57,0
2024-10-02,B,Premium_Kopfhoerer,0.7002249966280949,150.0,33.9829561763121,157.68523993255792,150.72866840314688,150.0,38,0
2024-10-03,B,Premium_Kopfhoerer,0.7004693736533307,150.0,64.25461387960364,636.5283845949073,158.37510956300642,150.0,51,0
2024-10-04,B,Premium_Kopfhoerer,0.7008025080675533,150.0,75.65920058872888,765.6230594995684,151.74070978446406,150.0,72,0
2024-10-05,B,Premium_Kopfhoerer,0.7012243011558463,150.0,48.433261721937924,289.8729015579554,153.7416239607616,150.0,60,0
2024-10-06,B,Premium_Kopfhoerer,0.7017346279318144,150.0,47.46767415214984,857.4598067884966,147.4338851165457,150.0,62,0
2024-10-07,B,Premium_Kopfhoerer,0.7023333371746203,150.0,51.050782446697724,127.31842497970383,151.46307694066954,150.0,38,0
2024-10-08,B,Premium_Kopfhoerer,0.7030202514737941,150.0,67.42817453912285,859.4315772924755,154.0310902845482,150.0,47,0
2024-10-09,B,Premium_Kopfhoerer,0.7037951672818041,150.0,36.089702987141386,514.2961455784886,145.6615520334275,150.0,46,0
2024-10-10,B,Premium_Kopfhoerer,0.7046578549743723,150.0,53.57553474102178,295.82914593848005,149.4187927508026,150.0,41,0
2024-10-11,B,Premium_Kopfhoerer,0.7056080589185172,150.0,64.62796444673644,220.4003304945712,149.56177410751883,150.0,48,0
2024-10-12,B,Premium_Kopfhoerer,0.706645497548303,150.0,57.51641254909767,957.9764508241353,156.19802487997896,150.0,56,0
2024-10-13,B,Premium_Kopfhoerer,0.7077698634482739,150.0,52.843724248981154,165.39902882304105,142.0047587127924,150.0,36,0
2024-10-14,B,Premium_Kopfhoerer,0.7089808234445478,150.0,65.01569138850712,279.1840779423331,149.61343343544263,150.0,36,0
2024-10-15,B,Premium_Kopfhoerer,0.7102780187035436,150.0,9.451515605011442,413.04011268974136,164.34004101789523,150.0,46,0
2024-10-16,B,Premium_Kopfhoerer,0.7116610648383097,150.0,60.16812979296361,658.2113640650084,158.73045114439455,150.0,61,0
2024-10-17,B,Premium_Kopfhoerer,0.7131295520224283,150.0,40.188864753088644,590.3209767484885,160.1188428666653,150.0,51,0
2024-10-18,B,Premium_Kopfhoerer,0.7146830451114539,150.0,22.540506547153146,213.0791431710826,150.18323880133528,150.0,47,0
2024-10-19,B,Premium_Kopfhoerer,0.7163210837718572,150.0,57.66803899287471,360.7551853643932,152.40748172764518,150.0,41,0
2024-10-20,B,Premium_Kopfhoerer,0.7180431826174314,150.0,70.60487817744436,314.8765939774217,157.51677125027192,150.0,54,0
2024-10-21,B,Premium_Kopfhoerer,0.7198488313531224,150.0,47.93827228058462,292.18856904130723,161.70191647148198,150.0,51,0
2024-10-22,B,Premium_Kopfhoerer,0.7217374949262411,150.0,64.29311820804408,470.02990283198835,135.36297815337835,150.0,33,0
2024-10-23,B,Premium_Kopfhoerer,0.7237086136850096,150.0,74.18417386982968,733.6283073324912,140.13419019712617,150.0,56,0
2024-10-24,B,Premium_Kopfhoerer,0.7257616035443999,150.0,69.72371680376071,295.70763899551235,159.82083076051987,150.0,47,0
2024-10-25,B,Premium_Kopfhoerer,0.7278958561592092,150.0,74.59946794057089,430.0109917326833,147.92332983173398,150.0,48,0
2024-10-26,B,Premium_Kopfhoerer,0.730110739104327,150.0,61.13191236607838,451.82568415704606,144.9620940805644,150.0,40,0
2024-10-27,B,Premium_Kopfhoerer,0.7324055960621354,150.0,51.13150458352389,978.8108764918692,140.59379259753297,150.0,41,0
2024-10-28,B,Premium_Kopfhoerer,0.7347797470169909,150.0,25.970512821542474,959.199721191162,145.8373747384192,150.0,36,0
2024-10-29,B,Premium_Kopfhoerer,0.737232488456727,150.0,46.30906267805077,820.1238244768683,139.48223037432132,150.0,32,0
2024-10-30,B,Premium_Kopfhoerer,0.7397630935811209,150.0,37.35130107025713,317.4930287372666,165.6832070454936,150.0,43,0
2024-10-31,B,Premium_Kopfhoerer,0.7423708125172591,150.0,82.5641407624672,161.2335826825027,149.8317296101457,150.0,62,0
2024-11-01,B,Premium_Kopfhoerer,0.7450548725417416,150.0,47.36171281351495,385.2137239485623,149.56537093677963,150.0,38,0
2024-11-02,B,Premium_Kopfhoerer,0.7478144783096565,150.0,51.848072101767286,340.11509449044775,154.41057506375873,150.0,50,0
2024-11-03,B,Premium_Kopfhoerer,0.7506488120902577,150.0,58.272280640607015,555.3332201317545,157.2175887694993,150.0,57,0
2024-11-04,B,Premium_Kopfhoerer,0.7535570340092757,150.0,50.654036695586804,799.9551190610138,157.0941611741598,150.0,51,0
2024-11-05,B,Premium_Kopfhoerer,0.7565382822977917,150.0,75.4257656064613,872.4906449909722,158.05216457930678,150.0,58,0
2024-11-06,B,Premium_Kopfhoerer,0.7595916735475969,150.0,40.66025957398322,860.3776768694577,145.26865836906856,150.0,59,0
2024-11-07,B,Premium_Kopfhoerer,0.7627163029729668,150.0,52.91911182855864,423.708005100761,147.76599896282355,150.0,58,0
2024-11-08,B,Premium_Kopfhoerer,0.7659112446787673,150.0,38.86294121452928,718.5109091146146,155.76773741581707,150.0,67,0
2024-11-09,B,Premium_Kopfhoerer,0.7691755519348186,150.0,30.199662331689414,381.55077777179804,146.04458203770284,150.0,34,0
2024-11-10,B,Premium_Kopfhoerer,0.7725082574564313,150.0,40.82346363642072,154.81498891166444,149.9617002597958,150.0,37,0
2024-11-11,B,Premium_Kopfhoerer,0.7759083736910335,150.0,49.44444804427382,731.4087390426481,152.9907282331861,150.0,53,0
2024-11-12,B,Premium_Kopfhoerer,0.7793748931108042,150.0,43.5604666322411,108.84479731280906,155.8888881173278,150.0,54,0
2024-11-13,B,Premium_Kopfhoerer,0.7829067885112263,150.0,39.61368530189216,468.2643287126397,136.6673927822235,150.0,51,0
2024-11-14,B,Premium_Kopfhoerer,0.7865030133154675,150.0,28.90523804492249,396.44134237186813,155.36059237416708,150.0,49,0
2024-11-15,B,Premium_Kopfhoerer,0.7901625018845059,150.0,48.75341641056958,724.0397846669672,148.24706956611206,150.0,49,0
2024-11-16,B,Premium_Kopfhoerer,0.7938841698328998,150.0,27.429194389534967,789.620925484341,155.30593283148286,150.0,64,0
2024-11-17,B,Premium_Kopfhoerer,0.7976669143501163,150.0,61.40083945534404,373.68517237415546,155.82698769266122,150.0,36,0
2024-11-18,B,Premium_Kopfhoerer,0.8015096145273163,150.0,51.23659629401755,830.4643130003682,162.05936295839368,150.0,67,0
2024-11-19,B,Premium_Kopfhoerer,0.8054111316895054,150.0,28.13672750802604,364.5250844544404,160.150902357159,150.0,55,0
2024-11-20,B,Premium_Kopfhoerer,0.8093703097329468,150.0,45.36186384425205,501.6937239879051,160.09928746957723,150.0,65,0
2024-11-21,B,Premium_Kopfhoerer,0.8133859754677396,150.0,38.71765391614125,754.3166743127206,160.8275273937468,150.0,298,1
2024-11-22,B,Premium_Kopfhoerer,0.8174569389654621,150.0,54.78761765628771,723.6282063023098,152.18534238611957,150.0,47,0
2024-11-23,B,Premium_Kopfhoerer,0.8215819939117708,150.0,70.10675669034717,988.63162508098,150.2413881527763,150.0,77,0
2024-11-24,B,Premium_Kopfhoerer,0.8257599179638596,150.0,21.87241295531383,302.6449217943387,156.5461281238375,150.0,51,0
2024-11-25,B,Premium_Kopfhoerer,0.8299894731126645,150.0,51.72539118721126,696.0861221856242,155.49060713574767,150.0,59,0
2024-11-26,B,Premium_Kopfhoerer,0.8342694060497139,150.0,47.5980080665004,648.7137174481996,147.68200322446305,150.0,48,0
2024-11-27,B,Premium_Kopfhoerer,0.8385984485385103,150.0,60.07010114675698,923.5886090410269,153.036175566062,150.0,65,0
2024-11-28,B,Premium_Kopfhoerer,0.842975317790335,150.0,53.19794942356534,240.72592748038755,149.73677649911554,150.0,41,0
2024-11-29,B,Premium_Kopfhoerer,0.8473987168443687,150.0,38.72046002391772,776.6183472282397,143.5955031865496,150.0,53,0
2024-11-30,B,Premium_Kopfhoerer,0.8518673349520067,150.0,45.214190965000725,611.4417546418915,159.67845556032262,150.0,64,0
2024-12-01,B,Premium_Kopfhoerer,0.8563798479652636,150.0,38.05961214794767,347.1992828091149,150.41399431897565,150.0,55,0
2024-12-02,B,Premium_Kopfhoerer,0.8609349187291446,150.0,66.14010707897897,526.9914227324567,165.36531193274138,150.0,62,0
2024-12-03,B,Premium_Kopfhoerer,0.8655311974778768,150.0,50.319674730079136,400.398937362818,137.80880797350125,150.0,45,0
2024-12-04,B,Premium_Kopfhoerer,0.8701673222348705,150.0,78.51786028629512,621.3820625096148,145.82415920367475,150.0,82,0
2024-12-05,B,Premium_Kopfhoerer,0.8748419192163049,150.0,49.090087792780686,900.1005497331993,150.24479127518154,150.0,60,0
2024-12-06,B,Premium_Kopfhoerer,0.8795536032382079,150.0,39.37389849634306,612.3744859709818,158.53035823221686,150.0,58,0
2024-12-07,B,Premium_Kopfhoerer,0.8843009781269178,150.0,27.29428411080759,668.5501764939256,152.99602029451637,150.0,50,0
2024-12-08,B,Premium_Kopfhoerer,0.889082637132798,150.0,22.952904856160824,566.8730624032385,152.32854565635563,150.0,57,0
2024-12-09,B,Premium_Kopfhoerer,0.8938971633470884,150.0,26.237960854917652,146.04895580092833,141.5455215558439,150.0,40,0
2024-12-10,B,Premium_Kopfhoerer,0.898743130121766,150.0,54.00689976517225,309.5727011884848,141.32293952077896,150.0,53,0
2024-12-11,B,Premium_Kopfhoerer,0.9036191014922904,150.0,57.63087534844901,542.8015564888744,152.4187849521743,150.0,60,0
2024-12-12,B,Premium_Kopfhoerer,0.9085236326031132,150.0,26.282139469518,379.2117553702343,139.76920504636232,150.0,56,0
2024-12-13,B,Premium_Kopfhoerer,0.9134552701358171,150.0,63.425574711141735,263.5872379850748,146.01091687283002,150.0,49,0
2024-12-14,B,Premium_Kopfhoerer,0.9184125527397684,150.0,42.75408422474841,553.7195577265945,153.75687996814395,150.0,51,0
2024-12-15,B,Premium_Kopfhoerer,0.9233940114651435,150.0,52.20189517978324,390.5288141030653,142.63256795792418,150.0,39,0
2024-12-16,B,Premium_Kopfhoerer,0.928398170198215,150.0,74.18330942383136,332.29687885607325,162.04016971771355,150.0,92,0
2024-12-17,B,Premium_Kopfhoerer,0.93342354609875,150.0,63.452589737982976,517.5868756963428,159.17952258178417,150.0,71,0
2024-12-18,B,Premium_Kopfhoerer,0.9384686500394143,150.0,45.97204028141252,219.95583227395582,138.21435001246275,150.0,45,0
2024-12-19,B,Premium_Kopfhoerer,0.9435319870470268,150.0,36.63211661877069,934.9711597678665,143.0072156761351,150.0,58,0
2024-12-20,B,Premium_Kopfhoerer,0.9486120567455567,150.0,17.722768980060426,880.9318881273151,132.85667066628787,150.0,57,0
2024-12-21,B,Premium_Kopfhoerer,0.9537073538007157,150.0,39.212700211363696,736.8585271664817,144.13056478088902,150.0,60,0
2024-12-22,B,Premium_Kopfhoerer,0.9588163683660205,150.0,46.83304641758458,195.5924448296106,155.747913574293,150.0,48,0
2024-12-23,B,Premium_Kopfhoerer,0.9639375865301942,150.0,35.19230709273224,798.2895290227237,146.89578793293856,150.0,69,0
2024-12-24,B,Premium_Kopfhoerer,0.9690694907657693,150.0,48.031145493615426,827.161595298117,153.45597932711976,150.0,79,0
2024-12-25,B,Premium_Kopfhoerer,0.974210560378766,150.0,51.15277824438152,790.9881559429039,138.5824926128869,150.0,55,0
2024-12-26,B,Premium_Kopfhoerer,0.9793592719593038,150.0,46.62716027287882,202.56929840731704,155.98481440936428,150.0,54,0
2024-12-27,B,Premium_Kopfhoerer,0.9845140998330237,150.0,40.249961287648105,679.5171613609882,145.83668079053737,150.0,58,0
2024-12-28,B,Premium_Kopfhoerer,0.9896735165131763,150.0,52.529820079500915,850.8923161744586,150.09127261712177,150.0,377,1
2024-12-29,B,Premium_Kopfhoerer,0.9948359931532494,150.0,56.629109743541136,619.618061097701,149.30344123955211,150.0,74,0
2024-12-30,B,Premium_Kopfhoerer,1.0000000000000002,150.0,33.64401383835731,681.7666377052801,140.46338609330786,150.0,51,0
2024-12-31,B,Premium_Kopfhoerer,1.0051640068467502,150.0,71.16398569619405,512.5271314836756,141.35186751195164,150.0,83,0
2025-01-01,B,Premium_Kopfhoerer,1.0051640068467504,150.0,48.521178015736076,575.8365878956473,157.2584585175257,150.0,63,0
2025-01-02,B,Premium_Kopfhoerer,1.0103264834868237,150.0,50.28274434417271,130.9391725165527,152.9924411812627,150.0,55,0
2025-01-03,B,Premium_Kopfhoerer,1.015485900166976,150.0,60.62321634884836,675.0667197759561,157.8753678116507,150.0,72,0
2025-01-04,B,Premium_Kopfhoerer,1.020640728040696,150.0,53.49824196895253,173.30249160204326,152.4349367662689,150.0,60,0
2025-01-05,B,Premium_Kopfhoerer,1.025789439621234,150.0,64.29704950869868,491.51313490620106,151.07242976106912,150.0,72,0
2025-01-06,B,Premium_Kopfhoerer,1.0309305092342305,150.0,54.30686247802736,363.38958790066704,137.05492035999924,150.0,63,0
2025-01-07,B,Premium_Kopfhoerer,1.0360624134698058,150.0,40.81343938039343,590.8851551905418,147.9722497742912,150.0,73,0
2025-01-08,B,Premium_Kopfhoerer,1.0411836316339795,150.0,55.42255287809152,220.07470197088637,149.7946175969719,150.0,49,0
2025-01-09,B,Premium_Kopfhoerer,1.0462926461992843,150.0,32.844106890190076,722.4790617759863,164.6483039870443,150.0,76,0
2025-01-10,B,Premium_Kopfhoerer,1.0513879432544433,150.0,51.62839558664785,815.5103832356233,155.1521747407401,150.0,388,1
2025-01-11,B,Premium_Kopfhoerer,1.0564680129529733,150.0,49.50155014033309,247.01900476884083,161.52045886282147,150.0,69,0
2025-01-12,B,Premium_Kopfhoerer,1.0615313499605858,150.0,46.8782471409119,193.88177861669394,154.48153279421047,150.0,67,0
2025-01-13,B,Premium_Kopfhoerer,1.0665764539012497,150.0,48.07193732841604,230.96393450862323,144.6652257978789,150.0,51,0
2025-01-14,B,Premium_Kopfhoerer,1.071601829801785,150.0,21.772264317535413,889.4148057086516,150.8784316211239,150.0,62,0
2025-01-15,B,Premium_Kopfhoerer,1.076605988534856,150.0,41.76912638388558,575.3703355807205,151.77167734698176,150.0,59,0
2025-01-16,B,Premium_Kopfhoerer,1.0815874472602316,150.0,51.39267351711672,520.5348964067523,142.9563332267199,150.0,66,0
2025-01-17,B,Premium_Kopfhoerer,1.0865447298641826,150.0,52.397845879961004,196.04063719211885,147.1170946755531,150.0,56,0
2025-01-18,B,Premium_Kopfhoerer,1.0914763673968868,150.0,34.58487288611063,684.6004060812656,148.4567475474212,150.0,58,0
2025-01-19,B,Premium_Kopfhoerer,1.0963808985077093,150.0,68.9856176129705,881.1996327055809,162.04214874423838,150.0,73,0
2025-01-20,B,Premium_Kopfhoerer,1.101256869878234,150.0,37.00737727678249,845.3672823911077,134.39444605956766,150.0,55,0
2025-01-21,B,Premium_Kopfhoerer,1.1061028366529115,150.0,64.54185800790106,663.4492380827212,159.04363815537033,150.0,76,0
2025-01-22,B,Premium_Kopfhoerer,1.110917362867202,150.0,56.40791542807527,167.75084498650625,142.97403573780463,150.0,53,0
2025-01-23,B,Premium_Kopfhoerer,1.1156990218730822,150.0,40.30659035234296,201.15732445841167,139.7094060954779,150.0,58,0
2025-01-24,B,Premium_Kopfhoerer,1.120446396761792,150.0,76.62966338914268,144.3780883988422,158.8495659752885,150.0,94,0
2025-01-25,B,Premium_Kopfhoerer,1.125158080783695,150.0,32.0954475236528,331.7312948432224,155.48923551925785,150.0,65,0
2025-01-26,B,Premium_Kopfhoerer,1.1298326777651293,150.0,63.787312604150024,222.09532044433996,159.4088902678589,150.0,86,0
2025-01-27,B,Premium_Kopfhoerer,1.1344688025221232,150.0,65.00873477064468,334.0432362271905,156.00526460659185,150.0,79,0
2025-01-28,B,Premium_Kopfhoerer,1.1390650812708554,150.0,39.94069686385033,446.55225014706554,165.4488375130305,150.0,89,0
2025-01-29,B,Premium_Kopfhoerer,1.1436201520347364,150.0,70.88697950096493,948.6845056640221,154.19042877708364,150.0,104,0
2025-01-30,B,Premium_Kopfhoerer,1.148132665047993,150.0,46.24930228101571,649.3384538035228,148.8264196790763,150.0,62,0
2025-01-31,B,Premium_Kopfhoerer,1.1526012831556314,150.0,54.33040443919786,851.4764071146661,152.57194782991007,150.0,71,0
2025-02-01,B,Premium_Kopfhoerer,1.157024682209665,150.0,53.90482758156831,739.316350641099,159.32601846259473,150.0,452,1
2025-02-02,B,Premium_Kopfhoerer,1.16140155146149,150.0,47.98536887794178,201.25281747396858,144.15468506054913,150.0,71,0
2025-02-03,B,Premium_Kopfhoerer,1.1657305939502858,150.0,62.162124097396735,762.3283657365539,145.11083563101465,150.0,75,0
2025-02-04,B,Premium_Kopfhoerer,1.1700105268873353,150.0,61.902330808283196,347.588993403212,147.6827998905157,150.0,61,0
2025-02-05,B,Premium_Kopfhoerer,1.1742400820361403,150.0,23.772020401427287,675.1970622952357,134.21562900926,150.0,63,0
2025-02-06,B,Premium_Kopfhoerer,1.178418006088229,150.0,69.56510364317229,406.8657762786897,151.0355880631316,150.0,73,0
2025-02-07,B,Premium_Kopfhoerer,1.1825430610345378,150.0,25.062620179464886,997.9050369381932,135.8540347203673,150.0,71,0
2025-02-08,B,Premium_Kopfhoerer,1.1866140245322603,150.0,65.48819306512486,337.19633154710004,150.39794484699465,150.0,85,0
2025-02-09,B,Premium_Kopfhoerer,1.1906296902670532,150.0,66.90057705241375,351.21742369684273,156.48967317101437,150.0,66,0
2025-02-10,B,Premium_Kopfhoerer,1.1945888683104944,150.0,33.63550354677203,937.6050300061585,146.42342654517122,150.0,82,0
2025-02-11,B,Premium_Kopfhoerer,1.1984903854726836,150.0,43.83778568068123,122.1799641726904,162.57836902640153,150.0,62,0
2025-02-12,B,Premium_Kopfhoerer,1.2023330856498837,150.0,33.41442997271096,727.0200890858772,139.04624325436134,150.0,85,0
2025-02-13,B,Premium_Kopfhoerer,1.2061158301671,150.0,46.77618454566897,752.7937516622903,158.93445511223874,150.0,89,0
2025-02-14,B,Premium_Kopfhoerer,1.209837498115494,150.0,45.379485737213884,852.7407196693594,155.0635279230519,150.0,114,0
2025-02-15,B,Premium_Kopfhoerer,1.2134969866845324,150.0,61.6949079840401,976.9953795746278,137.12975063766984,150.0,63,0
2025-02-16,B,Premium_Kopfhoerer,1.2170932114887738,150.0,69.65463119179414,978.0417272409871,170.33095724280398,150.0,103,0
2025-02-17,B,Premium_Kopfhoerer,1.2206251068891956,150.0,70.93525716184935,158.7490818098175,149.52191035872025,150.0,98,0
2025-02-18,B,Premium_Kopfhoerer,1.2240916263089665,150.0,41.567479601325466,839.6553904776123,143.41886983383276,150.0,90,0
2025-02-19,B,Premium_Kopfhoerer,1.2274917425435687,150.0,46.86167189383208,681.6789402916432,139.44684603911986,150.0,80,0
2025-02-20,B,Premium_Kopfhoerer,1.2308244480651813,150.0,24.74842711668575,682.6079209357821,148.34986479255244,150.0,66,0
2025-02-21,B,Premium_Kopfhoerer,1.2340887553212325,150.0,37.91194900255717,215.51493395322532,149.0444484570753,150.0,65,0
2025-02-22,B,Premium_Kopfhoerer,1.2372836970270331,150.0,64.47277449646187,685.168449801088,150.7698414640475,150.0,74,0
2025-02-23,B,Premium_Kopfhoerer,1.2404083264524028,150.0,74.23374235322348,984.234322541123,147.7665288283203,150.0,118,0
2025-02-24,B,Premium_Kopfhoerer,1.2434617177022083,150.0,31.48476692180117,920.6367125855022,154.7491898258632,150.0,87,0
2025-02-25,B,Premium_Kopfhoerer,1.2464429659907243,150.0,41.11303611270659,495.2175947243655,147.09277625502565,150.0,75,0
2025-02-26,B,Premium_Kopfhoerer,1.2493511879097423,150.0,49.603913645616096,135.95317595748492,135.48776912069647,150.0,58,0
2025-02-27,B,Premium_Kopfhoerer,1.2521855216903435,150.0,54.202417382294094,426.06414100018435,148.87978878262768,150.0,77,0
2025-02-28,B,Premium_Kopfhoerer,1.2549451274582584,150.0,37.855947201175304,843.7512804404997,132.2439175997004,150.0,85,0
2025-03-01,B,Premium_Kopfhoerer,1.2576291874827408,150.0,56.36091566696135,731.3491913186494,152.65327973168542,150.0,84,0
2025-03-02,B,Premium_Kopfhoerer,1.260236906418879,150.0,42.89240979393626,513.4092900345607,142.65524827288024,150.0,65,0
2025-03-03,B,Premium_Kopfhoerer,1.2627675115432728,150.0,49.78321593682581,149.591381642948,151.2252026618685,150.0,63,0
2025-03-04,B,Premium_Kopfhoerer,1.265220252983009,150.0,58.194263720055496,484.20525504097236,159.85556236143452,150.0,96,0
2025-03-05,B,Premium_Kopfhoerer,1.2675944039378646,150.0,50.09633404716407,522.1224457460952,142.88438478549,150.0,67,0
2025-03-06,B,Premium_Kopfhoerer,1.2698892608956729,150.0,43.45421164210147,935.6999796047223,157.95942193884088,150.0,93,0
2025-03-07,B,Premium_Kopfhoerer,1.2721041438407907,150.0,48.35585294111254,676.9774932239435,146.74957824985384,150.0,92,0
2025-03-08,B,Premium_Kopfhoerer,1.2742383964556,150.0,48.67455561191997,380.487624989184,163.1489610154919,150.0,84,0
2025-03-09,B,Premium_Kopfhoerer,1.2762913863149903,150.0,44.44983455176808,572.7864380056493,147.2613554010134,150.0,85,0
2025-03-10,B,Premium_Kopfhoerer,1.278262505073759,150.0,46.11805905999346,159.44977703994405,143.69630260869982,150.0,60,0
2025-03-11,B,Premium_Kopfhoerer,1.2801511686468776,150.0,73.97970755757075,975.3114120847631,155.15428837796466,150.0,134,0
2025-03-12,B,Premium_Kopfhoerer,1.2819568173825686,150.0,58.41379171911858,424.05391173765344,146.73157702782274,150.0,67,0
2025-03-13,B,Premium_Kopfhoerer,1.2836789162281428,150.0,45.56779522956259,530.0806194218222,143.68912864403242,150.0,70,0
2025-03-14,B,Premium_Kopfhoerer,1.285316954888546,150.0,60.45431606766103,419.75557681323033,146.41620111972156,150.0,72,0
2025-03-15,B,Premium_Kopfhoerer,1.2868704479775717,150.0,44.99270765365985,714.2605571045801,149.66545100862749,150.0,103,0
2025-03-16,B,Premium_Kopfhoerer,1.2883389351616903,150.0,67.59686956379961,696.0089424966337,160.0663509843364,150.0,75,0
2025-03-17,B,Premium_Kopfhoerer,1.2897219812964564,150.0,55.544632882971406,743.7900794762221,135.4943419090532,150.0,68,0
2025-03-18,B,Premium_Kopfhoerer,1.2910191765554522,150.0,48.39046783993657,341.32890665072875,150.17310494212816,150.0,69,0
2025-03-19,B,Premium_Kopfhoerer,1.2922301365517261,150.0,56.71575388715416,384.1016330476594,154.68677695990533,150.0,81,0
2025-03-20,B,Premium_Kopfhoerer,1.293354502451697,150.0,26.43685771897251,212.72610798658715,151.45086431243845,150.0,73,0
2025-03-21,B,Premium_Kopfhoerer,1.2943919410814828,150.0,33.09848796635292,689.9589746615013,159.82398877075153,150.0,92,0
2025-03-22,B,Premium_Kopfhoerer,1.2953421450256277,150.0,32.091124904014166,135.8174146020873,149.44241002681107,150.0,59,0
2025-03-23,B,Premium_Kopfhoerer,1.2962048327181959,150.0,52.1441464214556,637.9141019711132,148.61586418360542,150.0,77,0
2025-03-24,B,Premium_Kopfhoerer,1.2969797485262058,150.0,75.98772499227638,882.7262963664705,154.44247160260005,150.0,125,0
2025-03-25,B,Premium_Kopfhoerer,1.2976666628253797,150.0,83.46950219288948,901.7489334606702,150.74485361213513,150.0,125,0
2025-03-26,B,Premium_Kopfhoerer,1.2982653720681856,150.0,59.570766521611354,504.1339843329655,147.07193446289648,150.0,82,0
2025-03-27,B,Premium_Kopfhoerer,1.2987756988441537,150.0,57.51266712416685,513.3733193917664,153.87108029689784,150.0,83,0
2025-03-28,B,Premium_Kopfhoerer,1.2991974919324467,150.0,22.984133987708915,169.2722647072156,145.10603780087516,150.0,72,0
2025-03-29,B,Premium_Kopfhoerer,1.2995306263466693,150.0,41.859893003989676,703.6885228987321,145.41617135985504,150.0,87,0
2025-03-30,B,Premium_Kopfhoerer,1.299775003371905,150.0,38.183243721376414,839.133478335561,146.0400448367579,150.0,82,0
2025-03-31,B,Premium_Kopfhoerer,1.2999305505939671,150.0,40.68728602623326,320.1895491442417,160.14801870124805,150.0,73,0
2025-04-01,B,Premium_Kopfhoerer,1.299997221920857,150.0,47.47784272122816,479.1707934700282,125.84237733010715,150.0,55,0
2025-04-02,B,Premium_Kopfhoerer,1.2999749975964214,150.0,42.91864133454309,854.9554030887433,152.96699126072204,150.0,82,0
2025-04-03,B,Premium_Kopfhoerer,1.2998638842062071,150.0,20.310502844363185,889.4084208960592,150.25703860650168,150.0,97,0
2025-04-04,B,Premium_Kopfhoerer,1.29966391467551,150.0,61.21865384176301,318.8619822378033,137.39347155571411,150.0,68,0
2025-04-05,B,Premium_Kopfhoerer,1.2993751482596176,150.0,33.9088546139029,595.5135710872278,152.32295084352,150.0,95,0
2025-04-06,B,Premium_Kopfhoerer,1.298997670526251,150.0,53.588702961667245,273.24383557224434,153.5681399387365,150.0,82,0
2025-04-07,B,Premium_Kopfhoerer,1.2985315933302093,150.0,81.1112400462496,191.6908877256009,154.42229423518052,150.0,99,0
2025-04-08,B,Premium_Kopfhoerer,1.2979770547802243,150.0,36.20923112620365,920.0084512527618,130.11128952716288,150.0,72,0
2025-04-09,B,Premium_Kopfhoerer,1.2973342191980364,150.0,12.045687158805054,838.4567538088983,160.2479205889083,150.0,99,0
2025-04-10,B,Premium_Kopfhoerer,1.296603277069702,150.0,45.70993667179834,784.0314116228565,144.46697471486368,150.0,76,0
2025-04-11,B,Premium_Kopfhoerer,1.2957844449891491,150.0,66.51439452497857,143.8896869318264,155.1492581006488,150.0,57,0
2025-04-12,B,Premium_Kopfhoerer,1.2948779655939946,150.0,79.37521181330891,859.3559134392317,155.55805335511712,150.0,137,0
2025-04-13,B,Premium_Kopfhoerer,1.2938841074936471,150.0,31.55675608321375,494.23966831484535,143.4247718578553,150.0,80,0
2025-04-14,B,Premium_Kopfhoerer,1.2928031651897105,150.0,57.45048834854783,408.1556109662737,154.95344964263663,150.0,69,0
2025-04-15,B,Premium_Kopfhoerer,1.2916354589887185,150.0,43.0203431482992,591.8287249228388,147.10880069315732,150.0,71,0
2025-04-16,B,Premium_Kopfhoerer,1.2903813349072193,150.0,48.410774685437964,182.21791845120023,134.4646711549638,150.0,54,0
2025-04-17,B,Premium_Kopfhoerer,1.2890411645692446,150.0,89.66515020525551,780.981894417159,158.75806444145834,150.0,141,0
2025-04-18,B,Premium_Kopfhoerer,1.287615345096189,150.0,27.455445074072703,624.1915691994662,144.1871627773782,150.0,83,0
2025-04-19,B,Premium_Kopfhoerer,1.2861042989891338,150.0,53.8060949224186,267.93108718585074,143.59129902946458,150.0,76,0
2025-04-20,B,Premium_Kopfhoerer,1.2845084740036514,150.0,57.0153975764815,269.40897979214105,146.97700598972457,150.0,72,0
2025-04-21,B,Premium_Kopfhoerer,1.2828283430171261,150.0,66.2867948740902,265.8237864154068,152.0417754399554,150.0,71,0
2025-04-22,B,Premium_Kopfhoerer,1.2810644038886294,150.0,51.46974730206343,151.3021487967406,149.57047191883422,150.0,63,0
2025-04-23,B,Premium_Kopfhoerer,1.2792171793113938,150.0,54.62075809256153,629.0186044345163,154.11050193530377,150.0,91,0
2025-04-24,B,Premium_Kopfhoerer,1.2772872166579279,150.0,44.125271488673135,856.3133598296573,139.95382975103504,150.0,64,0
2025-04-25,B,Premium_Kopfhoerer,1.275275087817818,150.0,54.03690411867661,115.74839258864974,144.4321022217695,150.0,44,0
2025-04-26,B,Premium_Kopfhoerer,1.2731813890282648,150.0,44.85211586753884,144.1041804741462,149.1300219575885,150.0,64,0
2025-04-27,B,Premium_Kopfhoerer,1.2710067406974053,150.0,59.323578347840765,615.4932490182513,164.2341546949403,150.0,81,0
2025-04-28,B,Premium_Kopfhoerer,1.2687517872204728,150.0,44.45584495934549,837.5461168474471,149.14640596189682,150.0,68,0
2025-04-29,B,Premium_Kopfhoerer,1.266417196788848,150.0,55.6565059085328,394.0650015117702,158.13916697746225,150.0,88,0
2025-04-30,B,Premium_Kopfhoerer,1.2640036611920606,150.0,49.56105779472532,414.65295892694996,150.2891637658824,150.0,75,0
2025-05-01,B,Premium_Kopfhoerer,1.2615118956127964,150.0,66.89075376158252,636.7118477470983,146.37256021921823,150.0,53,0
2025-05-02,B,Premium_Kopfhoerer,1.2589426384149733,150.0,49.229094146172706,346.79160021173226,148.1495668191417,150.0,66,0
2025-05-03,B,Premium_Kopfhoerer,1.256296650924948,150.0,23.40451297689678,123.94752946991572,148.73685215978338,150.0,66,0
2025-05-04,B,Premium_Kopfhoerer,1.253574717205919,150.0,68.92882251070988,761.7056662914365,154.52734304220556,150.0,84,0
2025-05-05,B,Premium_Kopfhoerer,1.250777643825591,150.0,36.414015487060716,663.0849216473079,160.30958450682417,150.0,98,0
2025-05-06,B,Premium_Kopfhoerer,1.2479062596171728,150.0,40.1935049202677,622.6803991500932,152.6976063576474,150.0,89,0
2025-05-07,B,Premium_Kopfhoerer,1.244961415433775,150.0,41.065080589347616,767.5157160926408,158.90308259056317,150.0,107,0
2025-05-08,B,Premium_Kopfhoerer,1.2419439838962834,150.0,70.61657139756225,707.7077538058337,142.76407696777736,150.0,106,0
2025-05-09,B,Premium_Kopfhoerer,1.2388548591347848,150.0,17.96488679031956,285.29378936048903,146.89027118389475,150.0,84,0
2025-05-10,B,Premium_Kopfhoerer,1.2356949565236144,150.0,97.06622800489993,417.23294224901605,144.5677309934425,150.0,86,0
2025-05-11,B,Premium_Kopfhoerer,1.232465212410112,150.0,65.84085213599077,213.4991275107625,152.35833443156142,150.0,57,0
2025-05-12,B,Premium_Kopfhoerer,1.2291665838371628,150.0,53.348583711937394,216.87131207609292,147.3078121111544,150.0,66,0
2025-05-13,B,Premium_Kopfhoerer,1.2258000482596025,150.0,49.1765899907557,708.5761717208853,155.47329702775647,150.0,93,0
2025-05-14,B,Premium_Kopfhoerer,1.2223666032545788,150.0,54.28331112286485,872.7400962842484,143.01748716275668,150.0,74,0
2025-05-15,B,Premium_Kopfhoerer,1.2188672662259463,150.0,57.81683642569008,966.4593254750251,150.32273229990963,150.0,84,0
2025-05-16,B,Premium_Kopfhoerer,1.2153030741027886,150.0,59.67823378925086,665.5124057945,155.15143433259192,150.0,71,0
2025-05-17,B,Premium_Kopfhoerer,1.2116750830321534,150.0,58.334066990051724,265.69119102486127,134.51022918719542,150.0,40,0
2025-05-18,B,Premium_Kopfhoerer,1.2079843680660933,150.0,51.34371021882873,195.08531090403764,165.91223480497652,150.0,73,0
2025-05-19,B,Premium_Kopfhoerer,1.204232022843105,150.0,47.03992369539011,831.565874383082,147.87636086340095,150.0,81,0
2025-05-20,B,Premium_Kopfhoerer,1.20041915926406,150.0,47.730900745197324,620.8808287239993,134.8122006474287,150.0,73,0
2025-05-21,B,Premium_Kopfhoerer,1.1965469071627255,150.0,47.07637579470978,656.4565189123479,151.1857042393259,150.0,81,0
2025-05-22,B,Premium_Kopfhoerer,1.1926164139709692,150.0,67.00655145300597,803.3158798792383,150.25082600979863,150.0,93,0
2025-05-23,B,Premium_Kopfhoerer,1.1886288443787503,150.0,58.90335083421293,732.9495049592065,149.3857921532063,150.0,81,0
2025-05-24,B,Premium_Kopfhoerer,1.1845853799889983,150.0,5.894170480035797,851.012427570487,157.43393334695,150.0,86,0
2025-05-25,B,Premium_Kopfhoerer,1.1804872189674769,150.0,59.83851164794641,150.59251491389062,155.60583728570293,150.0,73,0
2025-05-26,B,Premium_Kopfhoerer,1.176335575687742,150.0,52.92104292078162,772.7685730718543,152.23407143267886,150.0,77,0
2025-05-27,B,Premium_Kopfhoerer,1.1721316803712973,150.0,49.71936865331154,865.7674815898858,153.37616725459986,150.0,80,0
2025-05-28,B,Premium_Kopfhoerer,1.1678767787230528,150.0,44.17222320366671,357.5215382124829,149.21731162921435,150.0,66,0
2025-05-29,B,Premium_Kopfhoerer,1.1635721315621952,150.0,66.8616907997902,676.4025465939276,163.31618136930035,150.0,77,0
2025-05-30,B,Premium_Kopfhoerer,1.1592190144485799,150.0,64.21289693184286,382.7458574532749,138.90602986231676,150.0,62,0
2025-05-31,B,Premium_Kopfhoerer,1.154818717304756,150.0,38.40683498264586,962.1739598342086,151.04738755661924,150.0,85,0
2025-06-01,B,Premium_Kopfhoerer,1.1503725440337327,150.0,56.105784306868024,130.0812151919534,150.48768473391587,150.0,51,0
2025-06-02,B,Premium_Kopfhoerer,1.145881812132607,150.0,35.42514898188071,621.8135594496596,156.09960304548443,150.0,85,0
2025-06-03,B,Premium_Kopfhoerer,1.1413478523021592,150.0,29.305727528166045,249.85319234456358,143.67109591931327,150.0,66,0
2025-06-04,B,Premium_Kopfhoerer,1.1367720080525376,150.0,40.59924163115052,740.9981846594428,136.92245548202598,150.0,70,0
2025-06-05,B,Premium_Kopfhoerer,1.1321556353051485,150.0,62.93590208574138,258.3012550767959,151.17617262073645,150.0,80,0
2025-06-06,B,Premium_Kopfhoerer,1.1275001019908664,150.0,64.2968756806413,311.8449357085218,152.10922869163952,150.0,59,0
2025-06-07,B,Premium_Kopfhoerer,1.1228067876446863,150.0,57.69628130145939,544.9337299411823,161.17199557085738,150.0,86,0
2025-06-08,B,Premium_Kopfhoerer,1.11807708299694,150.0,60.87643680271996,923.3514549971903,140.47228465256185,150.0,60,0
2025-06-09,B,Premium_Kopfhoerer,1.1133123895611894,150.0,57.742674306724375,290.54293493317374,158.66020325037542,150.0,73,0
2025-06-10,B,Premium_Kopfhoerer,1.1085141192189303,150.0,40.37777607165572,229.81601900629317,167.7556077302034,150.0,71,0
2025-06-11,B,Premium_Kopfhoerer,1.10368369380122,150.0,56.47883817010911,783.0791486686276,147.1667633435814,150.0,73,0
2025-06-12,B,Premium_Kopfhoerer,1.0988225446673592,150.0,62.00614287841524,550.5575791005379,140.3179333538008,150.0,55,0
2025-06-13,B,Premium_Kopfhoerer,1.0939321122807482,150.0,61.314369947203616,920.6066011435943,146.94769225219972,150.0,66,0
2025-06-14,B,Premium_Kopfhoerer,1.0890138457820473,150.0,67.83370057211964,231.95310144385806,150.10503725528534,150.0,59,0
2025-06-15,B,Premium_Kopfhoerer,1.0840692025597647,150.0,60.624557708015956,681.3351037207354,154.22840906255186,150.0,57,0
2025-06-16,B,Premium_Kopfhoerer,1.079099647818402,150.0,55.27172311312374,309.59123153663353,145.56453952621465,150.0,69,0
2025-06-17,B,Premium_Kopfhoerer,1.0741066541442807,150.0,66.05225357474642,241.08438578647537,161.66398900610508,150.0,66,0
2025-06-18,B,Premium_Kopfhoerer,1.0690917010691836,150.0,49.6021811112641,715.0864736415434,141.64100763743954,150.0,56,0
2025-06-19,B,Premium_Kopfhoerer,1.0640562746319389,150.0,36.77188023158423,634.3161579178599,136.955961358704,150.0,54,0
2025-06-20,B,Premium_Kopfhoerer,1.059001866938073,150.0,47.553995540843545,779.3447125260981,158.30032818215486,150.0,62,0
2025-06-21,B,Premium_Kopfhoerer,1.0539299757176688,150.0,38.82646032790326,378.5163188015641,132.94034226595352,150.0,48,0
2025-06-22,B,Premium_Kopfhoerer,1.0488421038815552,150.0,39.87232587538428,503.1744907439709,148.46902673345463,150.0,64,0
2025-06-23,B,Premium_Kopfhoerer,1.0437397590759625,150.0,47.83221993926723,464.9245086973766,173.3826084690604,150.0,83,0
2025-06-24,B,Premium_Kopfhoerer,1.0386244532357745,150.0,38.11370118500058,985.6805175698628,149.90967335280052,150.0,74,0
2025-06-25,B,Premium_Kopfhoerer,1.0334977021365086,150.0,45.3805770554144,363.0240610654491,141.59424261977813,150.0,53,0
2025-06-26,B,Premium_Kopfhoerer,1.0283610249451598,150.0,21.595779995693213,365.3355145120902,149.56951902159904,150.0,71,0
2025-06-27,B,Premium_Kopfhoerer,1.023215943770039,150.0,53.19940561059408,419.09338794574666,149.6189940853535,150.0,62,0
2025-06-28,B,Premium_Kopfhoerer,1.018063983209738,150.0,50.01808213043336,608.1346731612894,151.20487455264836,150.0,57,0
2025-06-29,B,Premium_Kopfhoerer,1.0129066699013591,150.0,37.74367053397714,327.09046983737073,154.96697236619715,150.0,67,0
2025-06-30,B,Premium_Kopfhoerer,1.0077455320681399,150.0,59.88868502648607,923.7609463413465,142.20666623724196,150.0,54,0
2025-07-01,B,Premium_Kopfhoerer,1.0025820990666066,150.0,64.06355206439838,339.1170083796371,162.65661041427595,150.0,62,0
2025-07-02,B,Premium_Kopfhoerer,0.9974179009333936,150.0,25.886602034465387,906.2341584041752,151.8383571327946,150.0,80,0
2025-07-03,B,Premium_Kopfhoerer,0.9922544679318602,150.0,38.55912832150678,193.1275572819262,155.45095534801354,150.0,43,0
2025-07-04,B,Premium_Kopfhoerer,0.9870933300986409,150.0,38.46286475319053,690.906432159687,145.2888795018327,150.0,61,0
2025-07-05,B,Premium_Kopfhoerer,0.9819360167902622,150.0,35.901453483367035,916.2869665944194,159.64786602746648,150.0,63,0
2025-07-06,B,Premium_Kopfhoerer,0.976784056229961,150.0,62.44212262897623,251.87449455840658,148.072106933902,150.0,47,0
2025-07-07,B,Premium_Kopfhoerer,0.9716389750548402,150.0,47.09260791840795,971.4942640893295,152.0816438512015,150.0,55,0
2025-07-08,B,Premium_Kopfhoerer,0.9665022978634916,150.0,46.03227738034084,507.59502437396054,143.0017044210967,150.0,45,0
2025-07-09,B,Premium_Kopfhoerer,0.9613755467642258,150.0,19.942064533898698,951.1435975969221,142.52301280198404,150.0,76,0
2025-07-10,B,Premium_Kopfhoerer,0.9562602409240377,150.0,59.5312704531384,709.1380392670422,155.16153979839663,150.0,69,0
2025-07-11,B,Premium_Kopfhoerer,0.951157896118445,150.0,31.41112407719791,371.4281828861964,146.6729487734446,150.0,68,0
2025-07-12,B,Premium_Kopfhoerer,0.9460700242823313,150.0,50.89898945399492,269.4722724253958,143.59632684371718,150.0,32,0
2025-07-13,B,Premium_Kopfhoerer,0.9409981330619271,150.0,54.16065406937288,373.36154160258945,145.1761249347973,150.0,40,0
2025-07-14,B,Premium_Kopfhoerer,0.9359437253680613,150.0,70.40987893757976,183.71566833640748,155.24214803788067,150.0,76,0
2025-07-15,B,Premium_Kopfhoerer,0.9309082989308164,150.0,30.36769401321332,229.4811697089968,145.2822160409729,150.0,46,0
2025-07-16,B,Premium_Kopfhoerer,0.9258933458557195,150.0,4.70731766268762,194.19439631183303,149.11758801298376,150.0,43,0
2025-07-17,B,Premium_Kopfhoerer,0.9209003521815978,150.0,52.75774317130542,480.64918936740196,150.1127081271532,150.0,64,0
2025-07-18,B,Premium_Kopfhoerer,0.9159307974402352,150.0,77.0076677226628,816.0205386318278,135.61988335492276,150.0,76,0
2025-07-19,B,Premium_Kopfhoerer,0.9109861542179529,150.0,68.58419529409156,227.24519879470617,138.96655195969862,150.0,38,0
2025-07-20,B,Premium_Kopfhoerer,0.906067887719252,150.0,53.14489122911939,217.28838985510228,152.52208416935673,150.0,49,0
2025-07-21,B,Premium_Kopfhoerer,0.9011774553326409,150.0,42.62545721551929,679.0860545655977,144.47227979135477,150.0,58,0
2025-07-22,B,Premium_Kopfhoerer,0.89631630619878,150.0,62.10683894955965,277.4646837712597,157.92543683460315,150.0,50,0
2025-07-23,B,Premium_Kopfhoerer,0.8914858807810697,150.0,35.39680700443297,187.84903429809245,157.25105328187908,150.0,54,0
2025-07-24,B,Premium_Kopfhoerer,0.8866876104388106,150.0,57.14536654034329,250.16372038501987,155.39376499766578,150.0,51,0
2025-07-25,B,Premium_Kopfhoerer,0.88192291700306,150.0,57.5820523874994,931.3582562890984,163.6482884048445,150.0,60,0
2025-07-26,B,Premium_Kopfhoerer,0.8771932123553137,150.0,65.90314861248319,839.3241274985718,149.37683004192613,150.0,44,0
2025-07-27,B,Premium_Kopfhoerer,0.8724998980091339,150.0,91.39490058366617,418.65810611958466,154.86661444427878,150.0,79,0
2025-07-28,B,Premium_Kopfhoerer,0.8678443646948515,150.0,55.88623950768151,690.2386905946536,145.61699267552976,150.0,60,0
2025-07-29,B,Premium_Kopfhoerer,0.8632279919474624,150.0,42.36554561438752,583.5481063012343,168.39277434651544,150.0,78,0
2025-07-30,B,Premium_Kopfhoerer,0.8586521476978408,150.0,49.616385317120084,709.4118371343076,164.87725239327017,150.0,58,0
2025-07-31,B,Premium_Kopfhoerer,0.8541181878673929,150.0,23.463861426663225,714.4040372164834,150.08910325888343,150.0,60,0
2025-08-01,B,Premium_Kopfhoerer,0.8496274559662673,150.0,39.579303033664125,665.8606135539936,152.89939672428892,150.0,41,0
2025-08-02,B,Premium_Kopfhoerer,0.8451812826952443,150.0,43.86076342830344,339.4912316835777,160.19473199523603,150.0,56,0
2025-08-03,B,Premium_Kopfhoerer,0.8407809855514201,150.0,42.138674030981115,135.10577868653633,148.8964537138942,150.0,41,0
2025-08-04,B,Premium_Kopfhoerer,0.8364278684378048,150.0,52.28532308050583,510.01010379109795,145.0753194690022,150.0,42,0
2025-08-05,B,Premium_Kopfhoerer,0.8321232212769472,150.0,37.66370101426699,901.8764962216335,156.5549231325516,150.0,64,0
2025-08-06,B,Premium_Kopfhoerer,0.8278683196287027,150.0,66.81546000986707,612.5475326667183,150.58829434562753,150.0,62,0
2025-08-07,B,Premium_Kopfhoerer,0.823664424312258,150.0,50.00310597377296,849.1519375317172,151.37245837233945,150.0,68,0
2025-08-08,B,Premium_Kopfhoerer,0.8195127810325232,150.0,49.8604951829206,992.4619086651053,143.74296492699025,150.0,59,0
2025-08-09,B,Premium_Kopfhoerer,0.8154146200110017,150.0,45.081579252306234,247.25458372444865,137.11745888727452,150.0,35,0
2025-08-10,B,Premium_Kopfhoerer,0.8113711556212496,150.0,52.32786025788469,722.5998752277841,151.77106807409328,150.0,59,0
2025-08-11,B,Premium_Kopfhoerer,0.8073835860290309,150.0,62.376473970014516,706.8642163300221,156.7872153112065,150.0,61,0
2025-08-12,B,Premium_Kopfhoerer,0.8034530928372745,150.0,36.9930467643365,981.9599026224506,148.30644938192967,150.0,69,0
2025-08-13,B,Premium_Kopfhoerer,0.79958084073594,150.0,40.12825266387115,987.0406605575203,160.77322139669153,150.0,66,0
2025-08-14,B,Premium_Kopfhoerer,0.7957679771568953,150.0,45.44410956835003,718.0107505517166,144.72062755938342,150.0,66,0
2025-08-15,B,Premium_Kopfhoerer,0.7920156319339069,150.0,29.811936147901775,319.2533127839748,142.0897165877556,150.0,42,0
2025-08-16,B,Premium_Kopfhoerer,0.7883249169678468,150.0,37.71113210417753,818.7002543175391,149.495772696029,150.0,47,0
2025-08-17,B,Premium_Kopfhoerer,0.7846969258972115,150.0,42.85668689683012,196.3262207899343,149.38055568486533,150.0,36,0
2025-08-18,B,Premium_Kopfhoerer,0.7811327337740537,150.0,63.11583771069091,802.6293737544659,155.77476548501417,150.0,54,0
2025-08-19,B,Premium_Kopfhoerer,0.7776333967454213,150.0,53.93841993502888,919.1765117302268,144.1877788195201,150.0,49,0
2025-08-20,B,Premium_Kopfhoerer,0.7741999517403975,150.0,52.90384867051317,444.5500552915917,160.26070677611173,150.0,48,0
2025-08-21,B,Premium_Kopfhoerer,0.7708334161628372,150.0,62.763469432519585,667.5717654847724,164.7518772188119,150.0,40,0
2025-08-22,B,Premium_Kopfhoerer,0.7675347875898878,150.0,47.93942317400905,487.12845888714367,149.70641979773742,150.0,49,0
2025-08-23,B,Premium_Kopfhoerer,0.7643050434763856,150.0,55.856972748933345,493.98854948931563,159.37282815138238,150.0,44,0
2025-08-24,B,Premium_Kopfhoerer,0.7611451408652155,150.0,48.451673706012556,379.33380019730805,142.07627197031056,150.0,47,0
2025-08-25,B,Premium_Kopfhoerer,0.7580560161037166,150.0,53.980435240994424,785.9166584052922,158.06416155886436,150.0,71,0
2025-08-26,B,Premium_Kopfhoerer,0.7550385845662253,150.0,41.25862013582627,942.5589077498547,157.85457306419596,150.0,52,0
2025-08-27,B,Premium_Kopfhoerer,0.7520937403828272,150.0,13.417742625853563,946.675773311015,156.4757796014241,150.0,55,0
2025-08-28,B,Premium_Kopfhoerer,0.7492223561744091,150.0,47.985812567205436,257.3031563874404,149.8832768334728,150.0,33,0
2025-08-29,B,Premium_Kopfhoerer,0.7464252827940809,150.0,71.34122204149911,887.2692846909094,127.84313294068477,150.0,62,0
2025-08-30,B,Premium_Kopfhoerer,0.743703349075052,150.0,63.893231033623884,763.6882972844099,145.18704642260903,150.0,45,0
2025-08-31,B,Premium_Kopfhoerer,0.7410573615850266,150.0,64.48096226886756,327.55366062126035,145.3056298673655,150.0,35,0
2025-09-01,B,Premium_Kopfhoerer,0.7384881043872035,150.0,68.54196082709326,160.5561516293631,142.66308796454643,150.0,31,0
2025-09-02,B,Premium_Kopfhoerer,0.7359963388079394,150.0,51.32986386442156,341.1975401959402,150.916822534103,150.0,38,0
2025-09-03,B,Premium_Kopfhoerer,0.7335828032111521,150.0,52.95973561108394,920.9874131033731,146.85777415859073,150.0,42,0
2025-09-04,B,Premium_Kopfhoerer,0.7312482127795273,150.0,40.73522156848475,669.860807406195,143.81540992676233,150.0,47,0
2025-09-05,B,Premium_Kopfhoerer,0.7289932593025947,150.0,45.25890715959425,748.9491948080847,142.05899888814136,150.0,43,0
2025-09-06,B,Premium_Kopfhoerer,0.7268186109717352,150.0,59.23656724656713,331.43711599818624,144.63365260886079,150.0,40,0
2025-09-07,B,Premium_Kopfhoerer,0.7247249121821819,150.0,68.05826655753225,747.4493400173383,158.41124408887447,150.0,59,0
2025-09-08,B,Premium_Kopfhoerer,0.722712783342072,150.0,47.90830586478501,125.30935565013138,145.0423120902938,150.0,26,0
2025-09-09,B,Premium_Kopfhoerer,0.7207828206886062,150.0,43.24716102722883,437.7892111957124,146.13795970175045,150.0,52,0
2025-09-10,B,Premium_Kopfhoerer,0.7189355961113706,150.0,50.00791938284896,664.078013688098,146.57476788732563,150.0,53,0
2025-09-11,B,Premium_Kopfhoerer,0.7171716569828739,150.0,59.018101233936726,231.4869089871882,152.54245135357064,150.0,40,0
2025-09-12,B,Premium_Kopfhoerer,0.7154915259963486,150.0,28.342177757996872,840.7032170022412,153.421871163964,150.0,59,0
2025-09-13,B,Premium_Kopfhoerer,0.7138957010108664,150.0,15.557285702941428,311.5281689307268,127.16507595567629,150.0,27,0
2025-09-14,B,Premium_Kopfhoerer,0.7123846549038111,150.0,41.741947257626244,687.0530015366016,157.66226410370706,150.0,41,0
2025-09-15,B,Premium_Kopfhoerer,0.7109588354307554,150.0,31.68931361128762,464.67742831779674,160.77276025682815,150.0,41,0
2025-09-16,B,Premium_Kopfhoerer,0.7096186650927807,150.0,42.37789703529034,636.4392359298824,142.12360096978747,150.0,53,0
2025-09-17,B,Premium_Kopfhoerer,0.7083645410112817,150.0,47.78329521773793,196.7054973660173,142.70776316448874,150.0,26,0
2025-09-18,B,Premium_Kopfhoerer,0.7071968348102895,150.0,43.2012738646548,115.22151992944659,146.62309959166296,150.0,30,0
2025-09-19,B,Premium_Kopfhoerer,0.706115892506353,150.0,71.78701301706118,918.607984642271,144.32996985407547,150.0,62,0
2025-09-20,B,Premium_Kopfhoerer,0.7051220344060054,150.0,54.9011714690348,342.6670078904645,151.67945155459955,150.0,41,0
2025-09-21,B,Premium_Kopfhoerer,0.7042155550108509,150.0,54.507115394162426,837.7093025024132,135.40106035230852,150.0,33,0
2025-09-22,B,Premium_Kopfhoerer,0.703396722930298,150.0,59.33310716065103,999.4152704249801,141.61554293972446,150.0,51,0
2025-09-23,B,Premium_Kopfhoerer,0.7026657808019636,150.0,32.917503233288464,290.28813219902,161.5439790013118,150.0,51,0
2025-09-24,B,Premium_Kopfhoerer,0.7020229452197757,150.0,65.58667681130403,338.65366706502004,143.03835024488987,150.0,32,0
2025-09-25,B,Premium_Kopfhoerer,0.7014684066697907,150.0,48.863535701968104,696.5738088711992,159.32571208577195,150.0,53,0
2025-09-26,B,Premium_Kopfhoerer,0.7010023294737491,150.0,60.05720925861819,968.9037711405591,152.665036466926,150.0,56,0
2025-09-27,B,Premium_Kopfhoerer,0.7006248517403824,150.0,33.922141504397665,924.2329133716695,136.43049214058806,150.0,48,0
2025-09-28,B,Premium_Kopfhoerer,0.70033608532449,150.0,26.693618509759034,552.5879680590264,154.76496896412155,150.0,50,0
2025-09-29,B,Premium_Kopfhoerer,0.7001361157937929,150.0,62.26834487037543,815.5992542740522,149.1174952335536,150.0,48,0
2025-09-30,B,Premium_Kopfhoerer,0.7000250024035786,150.0,55.64614289146275,222.17126778991096,146.58399707812694,150.0,39,0
2025-10-01,B,Premium_Kopfhoerer,0.7000027780791429,150.0,36.46922668463734,979.694365783611,151.83717819879004,150.0,42,0
2025-10-02,B,Premium_Kopfhoerer,0.7000694494060328,150.0,36.95505378087958,967.9179106323878,153.55975114175092,150.0,44,0
2025-10-03,B,Premium_Kopfhoerer,0.7002249966280949,150.0,66.88152176622154,247.35606209125388,155.30693866480962,150.0,38,0
2025-10-04,B,Premium_Kopfhoerer,0.7004693736533307,150.0,32.15882160699008,369.48081232279594,158.83689635661,150.0,43,0
2025-10-05,B,Premium_Kopfhoerer,0.7008025080675533,150.0,74.64009429883946,190.13949775609024,153.06101934583768,150.0,51,0
2025-10-06,B,Premium_Kopfhoerer,0.7012243011558463,150.0,36.490688980281966,344.5458390083617,139.6827443341023,150.0,47,0
2025-10-07,B,Premium_Kopfhoerer,0.7017346279318144,150.0,59.57587888412574,834.3602104736859,146.44765906761606,150.0,46,0
2025-10-08,B,Premium_Kopfhoerer,0.7023333371746203,150.0,45.07072286376523,440.4840464487335,172.07286251451467,150.0,49,0
2025-10-09,B,Premium_Kopfhoerer,0.7030202514737941,150.0,59.047811466235146,179.55727043208253,155.43368295286294,150.0,42,0
2025-10-10,B,Premium_Kopfhoerer,0.7037951672818041,150.0,41.838289968287114,408.0029723010141,167.76965475608623,150.0,46,0
2025-10-11,B,Premium_Kopfhoerer,0.7046578549743723,150.0,47.558106408915584,983.2450008171521,160.46575561649388,150.0,65,0
2025-10-12,B,Premium_Kopfhoerer,0.7056080589185172,150.0,50.61378763093582,666.7152357332826,151.81351553666812,150.0,49,0
2025-10-13,B,Premium_Kopfhoerer,0.706645497548303,150.0,34.96718816327791,474.544851765542,152.2605530233584,150.0,39,0
2025-10-14,B,Premium_Kopfhoerer,0.7077698634482739,150.0,61.11236518130188,249.884662147543,149.72564970092367,150.0,42,0
2025-10-15,B,Premium_Kopfhoerer,0.7089808234445478,150.0,42.30179650292622,987.5591175553253,136.96646538115127,150.0,50,0
2025-10-16,B,Premium_Kopfhoerer,0.7102780187035436,150.0,46.571001269899725,838.7641083368159,150.13535439351168,150.0,40,0
2025-10-17,B,Premium_Kopfhoerer,0.7116610648383097,150.0,35.08475938087231,353.32957220582745,159.08005914406647,150.0,38,0
2025-10-18,B,Premium_Kopfhoerer,0.7131295520224283,150.0,11.564995118070343,163.0618261490705,145.50270003884097,150.0,39,0
2025-10-19,B,Premium_Kopfhoerer,0.7146830451114539,150.0,47.13458356099746,150.96300163980223,153.08964749296356,150.0,42,0
2025-10-20,B,Premium_Kopfhoerer,0.7163210837718572,150.0,86.18923132419374,208.34033455498044,156.38693284419898,150.0,50,0
2025-10-21,B,Premium_Kopfhoerer,0.7180431826174314,150.0,61.769064318470356,622.6917252529795,143.17739670515644,150.0,46,0
2025-10-22,B,Premium_Kopfhoerer,0.7198488313531224,150.0,49.71109430398408,935.8870790849431,146.6152285174225,150.0,49,0
2025-10-23,B,Premium_Kopfhoerer,0.7217374949262411,150.0,46.05663756187599,547.069085205386,142.3656638214213,150.0,42,0
2025-10-24,B,Premium_Kopfhoerer,0.7237086136850096,150.0,50.33698839218069,858.6509342105775,143.83375794982945,150.0,239,1
2025-10-25,B,Premium_Kopfhoerer,0.7257616035443999,150.0,58.20678672762815,501.29795787382704,140.34296037260205,150.0,45,0
2025-10-26,B,Premium_Kopfhoerer,0.7278958561592092,150.0,32.28780777036733,737.7251911910427,143.2466365396648,150.0,40,0
2025-10-27,B,Premium_Kopfhoerer,0.730110739104327,150.0,66.71482542003308,758.6854635578508,160.64591760598378,150.0,59,0
2025-10-28,B,Premium_Kopfhoerer,0.7324055960621354,150.0,60.73071973161866,256.5673353130048,143.1339222818228,150.0,36,0
2025-10-29,B,Premium_Kopfhoerer,0.7347797470169909,150.0,60.772785885619015,425.0944530782306,150.94844414295517,150.0,39,0
2025-10-30,B,Premium_Kopfhoerer,0.737232488456727,150.0,56.57713608214591,673.5719408842215,146.22848434746783,150.0,49,0
2025-10-31,B,Premium_Kopfhoerer,0.7397630935811209,150.0,50.294249865409846,163.62694736592957,158.84149452777703,150.0,39,0
2025-11-01,B,Premium_Kopfhoerer,0.7423708125172591,150.0,60.09291853950229,425.38616898666095,159.83371722452713,150.0,51,0
2025-11-02,B,Premium_Kopfhoerer,0.7450548725417416,150.0,58.87721200612067,581.3195196530733,156.48052486604212,150.0,48,0
2025-11-03,B,Premium_Kopfhoerer,0.7478144783096565,150.0,44.68938933588464,996.6020437401748,152.29600914827066,150.0,63,0
2025-11-04,B,Premium_Kopfhoerer,0.7506488120902577,150.0,41.39597340654649,527.0802063601967,148.26705347369327,150.0,37,0
2025-11-05,B,Premium_Kopfhoerer,0.7535570340092757,150.0,51.527844428929804,834.4510814028912,141.06093971856563,150.0,54,0
2025-11-06,B,Premium_Kopfhoerer,0.7565382822977917,150.0,73.23530227242782,488.86055655995597,164.57646660841647,150.0,86,0
2025-11-07,B,Premium_Kopfhoerer,0.7595916735475969,150.0,31.413393865191487,816.751650357738,144.30245236685585,150.0,41,0
2025-11-08,B,Premium_Kopfhoerer,0.7627163029729668,150.0,27.9871210137134,635.8733214580975,154.9773476027463,150.0,56,0
2025-11-09,B,Premium_Kopfhoerer,0.7659112446787673,150.0,52.47141261854775,897.9358973521585,157.9467417946755,150.0,65,0
2025-11-10,B,Premium_Kopfhoerer,0.7691755519348186,150.0,50.76331552784027,469.8482971150989,145.83539627321002,150.0,53,0
2025-11-11,B,Premium_Kopfhoerer,0.7725082574564313,150.0,52.60012496555612,643.873977839331,157.78509395486972,150.0,64,0
2025-11-12,B,Premium_Kopfhoerer,0.7759083736910335,150.0,53.659297968627506,667.0168125569446,155.73159902504142,150.0,68,0
2025-11-13,B,Premium_Kopfhoerer,0.7793748931108042,150.0,46.65196618047792,475.644647620426,162.95972876536325,150.0,48,0
2025-11-14,B,Premium_Kopfhoerer,0.7829067885112263,150.0,72.34795157903123,229.88083931873336,146.47990150179965,150.0,57,0
2025-11-15,B,Premium_Kopfhoerer,0.7865030133154675,150.0,25.986440322852268,184.203466221102,140.35601987040215,150.0,30,0
2025-11-16,B,Premium_Kopfhoerer,0.7901625018845059,150.0,37.57254462829631,115.00439553966979,146.20882683416616,150.0,32,0
2025-11-17,B,Premium_Kopfhoerer,0.7938841698328998,150.0,48.45117859776429,886.1808378206931,151.56640156900747,150.0,67,0
2025-11-18,B,Premium_Kopfhoerer,0.7976669143501163,150.0,25.352167832687496,312.82742101482506,150.43659545313793,150.0,43,0
2025-11-19,B,Premium_Kopfhoerer,0.8015096145273163,150.0,47.362183933518935,290.3560743535912,147.04921577794087,150.0,45,0
2025-11-20,B,Premium_Kopfhoerer,0.8054111316895054,150.0,74.92205248592028,762.431860383459,135.68101905767068,150.0,67,0
2025-11-21,B,Premium_Kopfhoerer,0.8093703097329468,150.0,50.313297324439425,388.0145017786526,153.5286224709683,150.0,58,0
2025-11-22,B,Premium_Kopfhoerer,0.8133859754677396,150.0,53.460513585780255,555.4402231706529,164.79258359311652,150.0,74,0
2025-11-23,B,Premium_Kopfhoerer,0.8174569389654621,150.0,31.097528522411295,246.25995876771066,153.48188428592255,150.0,52,0
2025-11-24,B,Premium_Kopfhoerer,0.8215819939117708,150.0,40.75457887940784,963.7711493157723,154.56851639290136,150.0,55,0
2025-11-25,B,Premium_Kopfhoerer,0.8257599179638596,150.0,44.37205429514095,866.4232600155136,154.29333979616325,150.0,64,0
2025-11-26,B,Premium_Kopfhoerer,0.8299894731126645,150.0,45.23427354865649,877.4106606685029,152.977850024118,150.0,68,0
2025-11-27,B,Premium_Kopfhoerer,0.8342694060497139,150.0,69.22465692505654,466.0963737148047,156.9874947515107,150.0,59,0
2025-11-28,B,Premium_Kopfhoerer,0.8385984485385103,150.0,58.36536591087687,786.1250923364555,152.96530260889247,150.0,48,0
2025-11-29,B,Premium_Kopfhoerer,0.842975317790335,150.0,33.32813064594452,229.48853985080214,147.65492122760043,150.0,44,0
2025-11-30,B,Premium_Kopfhoerer,0.8473987168443687,150.0,53.697571676480074,107.75710233260224,144.03008317493436,150.0,34,0
2025-12-01,B,Premium_Kopfhoerer,0.8518673349520067,150.0,57.47332622745178,117.97563932022531,148.13269758539494,150.0,34,0
2025-12-02,B,Premium_Kopfhoerer,0.8563798479652636,150.0,67.102235577819,627.9415636641044,152.35597122337998,150.0,71,0
2025-12-03,B,Premium_Kopfhoerer,0.8609349187291446,150.0,73.7081102985256,509.85541472314674,147.6293777915777,150.0,76,0
2025-12-04,B,Premium_Kopfhoerer,0.8655311974778768,150.0,34.77358712258197,566.2138140176678,152.35754012348573,150.0,66,0
2025-12-05,B,Premium_Kopfhoerer,0.8701673222348705,150.0,37.83713733184493,106.71682637549746,153.29362600275311,150.0,44,0
2025-12-06,B,Premium_Kopfhoerer,0.8748419192163049,150.0,31.136332116280755,480.4179576916831,156.24884573452638,150.0,56,0
2025-12-07,B,Premium_Kopfhoerer,0.8795536032382079,150.0,46.48970211339528,746.2613450807747,159.62096226629237,150.0,71,0
2025-12-08,B,Premium_Kopfhoerer,0.8843009781269178,150.0,56.995375616695014,498.4243317706923,150.58505563859143,150.0,60,0
2025-12-09,B,Premium_Kopfhoerer,0.889082637132798,150.0,64.81001774883653,758.997285681,140.19167576139256,150.0,62,0
2025-12-10,B,Premium_Kopfhoerer,0.8938971633470884,150.0,48.86073464536216,309.7170679571513,147.41171927385608,150.0,50,0
2025-12-11,B,Premium_Kopfhoerer,0.898743130121766,150.0,45.20228715117734,831.8278040335529,150.33046925554947,150.0,60,0
2025-12-12,B,Premium_Kopfhoerer,0.9036191014922904,150.0,52.27636988373111,629.5881164081071,136.23173432867182,150.0,50,0
2025-12-13,B,Premium_Kopfhoerer,0.9085236326031132,150.0,37.472856475549655,289.6867894869156,160.41498390076862,150.0,56,0
2025-12-14,B,Premium_Kopfhoerer,0.9134552701358171,150.0,81.3430808254216,313.04842826844964,151.06783434382848,150.0,76,0
2025-12-15,B,Premium_Kopfhoerer,0.9184125527397684,150.0,25.88508459322912,665.2274181125833,152.86014625935215,150.0,54,0
2025-12-16,B,Premium_Kopfhoerer,0.9233940114651435,150.0,52.77110868343587,846.945633891199,160.241448468947,150.0,79,0
2025-12-17,B,Premium_Kopfhoerer,0.928398170198215,150.0,80.35409328844459,474.06500382623966,145.2739287739324,150.0,81,0
2025-12-18,B,Premium_Kopfhoerer,0.93342354609875,150.0,50.10199766839997,332.470386214833,154.30531448163023,150.0,48,0
2025-12-19,B,Premium_Kopfhoerer,0.9384686500394143,150.0,47.14941447497758,880.3104462195404,149.17601907673549,150.0,60,0
2025-12-20,B,Premium_Kopfhoerer,0.9435319870470268,150.0,44.63831865784359,702.3414625757514,148.6193484973806,150.0,69,0
2025-12-21,B,Premium_Kopfhoerer,0.9486120567455567,150.0,47.29412477356388,503.27693855476883,144.20855709146716,150.0,67,0
2025-12-22,B,Premium_Kopfhoerer,0.9537073538007157,150.0,70.59272712014796,539.1101757513717,162.49202410264894,150.0,102,0
2025-12-23,B,Premium_Kopfhoerer,0.9588163683660205,150.0,16.822071330057398,283.83082114275675,147.1837496994332,150.0,55,0
2025-12-24,B,Premium_Kopfhoerer,0.9639375865301942,150.0,73.00150551944488,664.1223670583595,155.24598185171774,150.0,93,0
2025-12-25,B,Premium_Kopfhoerer,0.9690694907657693,150.0,28.640642713247825,422.8682594885998,135.93744459396046,150.0,56,0
2025-12-26,B,Premium_Kopfhoerer,0.974210560378766,150.0,46.00021506148378,996.0806590069143,158.8499139726734,150.0,93,0
2025-12-27,B,Premium_Kopfhoerer,0.9793592719593038,150.0,43.56133369552007,532.165163735699,157.8915836696779,150.0,69,0
2025-12-28,B,Premium_Kopfhoerer,0.9845140998330237,150.0,58.828299046560794,537.2970455706519,150.73075582722976,150.0,65,0
2025-12-29,B,Premium_Kopfhoerer,0.9896735165131763,150.0,26.028134721743786,609.2666086696047,148.29793150396557,150.0,68,0
2025-12-30,B,Premium_Kopfhoerer,0.9948359931532494,150.0,56.93258999122914,925.080402806872,153.00000004210176,150.0,80,0
2025-12-31,B,Premium_Kopfhoerer,1.0000000000000002,150.0,80.3646443493028,820.7362898737753,167.16592995660216,150.0,106,0
2024-01-01,B,Ladekabel_Basic,1.0051640068467504,15.0,29.552389931107843,506.0170628180573,13.677572475822386,15.0,218,0
2024-01-02,B,Ladekabel_Basic,1.0103264834868237,15.0,52.84559251415593,746.8293393755164,15.586520540680596,15.0,286,0
2024-01-03,B,Ladekabel_Basic,1.015485900166976,15.0,40.070267333050865,627.6119489026855,14.316287023384573,15.0,239,0
2024-01-04,B,Ladekabel_Basic,1.020640728040696,15.0,56.388308092895535,543.130343831124,14.985061202775201,15.0,252,0
2024-01-05,B,Ladekabel_Basic,1.025789439621234,15.0,50.28721666123628,273.0841955059155,14.814089910691003,15.0,220,0
2024-01-06,B,Ladekabel_Basic,1.0309305092342305,15.0,40.37769636433536,517.5426371094019,14.678761306651683,15.0,257,0
2024-01-07,B,Ladekabel_Basic,1.0360624134698058,15.0,57.31808427306611,321.2367283203172,14.992151153210452,15.0,252,0
2024-01-08,B,Ladekabel_Basic,1.0411836316339795,15.0,77.06522164680115,923.3579348664892,14.149371641041656,15.0,260,0
2024-01-09,B,Ladekabel_Basic,1.0462926461992843,15.0,47.13644312409052,401.86613214671223,15.771885327095976,15.0,260,0
2024-01-10,B,Ladekabel_Basic,1.0513879432544433,15.0,60.79636913222273,957.037613080035,13.65439236660105,15.0,274,0
2024-01-11,B,Ladekabel_Basic,1.0564680129529733,15.0,30.600905631932545,579.74976108524,15.404823384621256,15.0,278,0
2024-01-12,B,Ladekabel_Basic,1.0615313499605858,15.0,35.65345434772987,668.3899408085442,14.755098110599072,15.0,235,0
2024-01-13,B,Ladekabel_Basic,1.0665764539012497,15.0,57.08609416820566,588.646400040395,14.121806329644409,15.0,247,0
2024-01-14,B,Ladekabel_Basic,1.071601829801785,15.0,72.26174042803947,216.4425552700308,15.15178752794902,15.0,228,0
2024-01-15,B,Ladekabel_Basic,1.076605988534856,15.0,55.3342002317849,438.23909710714685,13.832286684970143,15.0,234,0
2024-01-16,B,Ladekabel_Basic,1.0815874472602316,15.0,45.30412954215269,189.23150104986155,15.029785366289726,15.0,242,0
2024-01-17,B,Ladekabel_Basic,1.0865447298641826,15.0,49.98937108135031,660.6586397650435,13.932842319141335,15.0,254,0
2024-01-18,B,Ladekabel_Basic,1.0914763673968868,15.0,31.243883990454236,502.18677568039504,15.345954063238374,15.0,254,0
2024-01-19,B,Ladekabel_Basic,1.0963808985077093,15.0,59.0677298953305,800.1864744138431,14.306731999777218,15.0,300,0
2024-01-20,B,Ladekabel_Basic,1.101256869878234,15.0,63.234995934851135,298.42343289943284,14.661754487228018,15.0,231,0
2024-01-21,B,Ladekabel_Basic,1.1061028366529115,15.0,43.218645007503795,248.10945258640143,15.220462040957374,15.0,239,0
2024-01-22,B,Ladekabel_Basic,1.110917362867202,15.0,42.94936778360748,465.699007867391,14.420593416118322,15.0,259,0
2024-01-23,B,Ladekabel_Basic,1.1156990218730822,15.0,53.98817344478073,933.926844896543,14.956527000248773,15.0,300,0
2024-01-24,B,Ladekabel_Basic,1.120446396761792,15.0,43.44920395939107,739.3796335111706,13.864627124066361,15.0,275,0
2024-01-25,B,Ladekabel_Basic,1.125158080783695,15.0,49.008010780612665,477.0312623136268,15.473156702697116,15.0,298,0
2024-01-26,B,Ladekabel_Basic,1.1298326777651293,15.0,81.49582683749773,565.5449527788795,16.32368535416308,15.0,325,0
2024-01-27,B,Ladekabel_Basic,1.1344688025221232,15.0,46.29461448881005,175.7917100593885,17.094156650932472,15.0,260,0
2024-01-28,B,Ladekabel_Basic,1.1390650812708554,15.0,44.62489771968166,986.1183067385018,15.06837610999983,15.0,308,0
2024-01-29,B,Ladekabel_Basic,1.1436201520347364,15.0,40.28687291547261,699.766574225427,15.591153105597892,15.0,348,0
2024-01-30,B,Ladekabel_Basic,1.148132665047993,15.0,61.16287957249905,356.86366161708025,13.664530745319382,15.0,261,0
2024-01-31,B,Ladekabel_Basic,1.1526012831556314,15.0,47.28163740172845,627.22755479372,16.127050744729193,15.0,332,0
2024-02-01,B,Ladekabel_Basic,1.157024682209665,15.0,40.25940442517861,198.53412946209457,15.58217137854308,15.0,275,0
2024-02-02,B,Ladekabel_Basic,1.16140155146149,15.0,69.81956048409518,969.2530019268252,14.637049916286577,15.0,295,0
2024-02-03,B,Ladekabel_Basic,1.1657305939502858,15.0,71.29404506770456,257.30648909502935,15.927885600216758,15.0,284,0
2024-02-04,B,Ladekabel_Basic,1.1700105268873353,15.0,40.99364651391942,683.2272862496927,14.809142942515994,15.0,279,0
2024-02-05,B,Ladekabel_Basic,1.1742400820361403,15.0,22.001900729590755,320.9090162850374,14.656481112739083,15.0,283,0
2024-02-06,B,Ladekabel_Basic,1.178418006088229,15.0,65.11270534755383,745.8052443836822,15.35650119407062,15.0,347,0
2024-02-07,B,Ladekabel_Basic,1.1825430610345378,15.0,39.73055261359994,799.139230516253,14.202484125127262,15.0,272,0
2024-02-08,B,Ladekabel_Basic,1.1866140245322603,15.0,61.85938398744153,706.0777560202894,15.766218573299962,15.0,334,0
2024-02-09,B,Ladekabel_Basic,1.1906296902670532,15.0,20.448442734322462,653.0495142296733,14.208007641054868,15.0,300,0
2024-02-10,B,Ladekabel_Basic,1.1945888683104944,15.0,63.38896007448964,903.2221845568105,14.212458907632609,15.0,336,0
2024-02-11,B,Ladekabel_Basic,1.1984903854726836,15.0,31.83242106078828,170.76403989078224,14.31773265869375,15.0,1149,1
2024-02-12,B,Ladekabel_Basic,1.2023330856498837,15.0,60.96146178599787,397.82328920217566,15.569625028137091,15.0,279,0
2024-02-13,B,Ladekabel_Basic,1.2061158301671,15.0,50.21409601754651,323.45873166776136,14.53741847886022,15.0,251,0
2024-02-14,B,Ladekabel_Basic,1.209837498115494,15.0,35.690908709050326,989.2125658588794,13.989003161724623,15.0,276,0
2024-02-15,B,Ladekabel_Basic,1.2134969866845324,15.0,43.894455306098294,450.45080170018616,14.545740000048152,15.0,291,0
2024-02-16,B,Ladekabel_Basic,1.2170932114887738,15.0,60.29477685435051,759.3514293163589,14.975968221989634,15.0,333,0
2024-02-17,B,Ladekabel_Basic,1.2206251068891956,15.0,51.58841679672852,716.2526474929041,14.11427063725171,15.0,269,0
2024-02-18,B,Ladekabel_Basic,1.2240916263089665,15.0,58.766194707087266,290.87311372963995,14.136239168224241,15.0,233,0
2024-02-19,B,Ladekabel_Basic,1.2274917425435687,15.0,79.64660876773229,315.0979121903962,16.583472250574687,15.0,342,0
2024-02-20,B,Ladekabel_Basic,1.2308244480651813,15.0,26.53637582433423,353.1561071977307,14.354575947139585,15.0,263,0
2024-02-21,B,Ladekabel_Basic,1.2340887553212325,15.0,74.25818862452935,470.0145504334413,14.757718223420245,15.0,301,0
2024-02-22,B,Ladekabel_Basic,1.2372836970270331,15.0,51.565339062848196,310.8925590854741,14.724572249400536,15.0,264,0
2024-02-23,B,Ladekabel_Basic,1.2404083264524028,15.0,36.51823927515308,117.68633447216303,14.683982394172169,15.0,243,0
2024-02-24,B,Ladekabel_Basic,1.2434617177022083,15.0,30.04529561391515,891.4537511264759,15.466010054976827,15.0,364,0
2024-02-25,B,Ladekabel_Basic,1.2464429659907243,15.0,47.1631941383445,969.0488482427957,15.711107212854037,15.0,371,0
2024-02-26,B,Ladekabel_Basic,1.2493511879097423,15.0,63.82475167886689,407.41334832841113,14.770534176351306,15.0,282,0
2024-02-27,B,Ladekabel_Basic,1.2521855216903435,15.0,48.08676319433699,404.6561914829256,14.072641285055738,15.0,295,0
2024-02-28,B,Ladekabel_Basic,1.2549451274582584,15.0,72.66732395371021,106.38263149693388,15.95583017088668,15.0,260,0
2024-02-29,B,Ladekabel_Basic,1.2576291874827408,15.0,28.232364649226618,712.2256194973367,14.928494181602488,15.0,324,0
2024-03-01,B,Ladekabel_Basic,1.260236906418879,15.0,49.81866578230918,842.8959061737659,16.297741361142876,15.0,404,0
2024-03-02,B,Ladekabel_Basic,1.2627675115432728,15.0,31.214098333803214,231.94747032400284,13.315810576826127,15.0,229,0
2024-03-03,B,Ladekabel_Basic,1.265220252983009,15.0,55.45447823937452,243.69971443043568,15.146552415962491,15.0,288,0
2024-03-04,B,Ladekabel_Basic,1.2675944039378646,15.0,63.30331085145951,811.0749249742939,16.438954750407156,15.0,417,0
2024-03-05,B,Ladekabel_Basic,1.2698892608956729,15.0,43.6885730947842,654.6616735187301,14.735051898421382,15.0,317,0
2024-03-06,B,Ladekabel_Basic,1.2721041438407907,15.0,10.936792150592986,140.3745018649453,14.830879932499023,15.0,243,0
2024-03-07,B,Ladekabel_Basic,1.2742383964556,15.0,52.98422220194742,660.2922914160536,15.221633768692755,15.0,342,0
2024-03-08,B,Ladekabel_Basic,1.2762913863149903,15.0,56.55107827600264,378.02595055938946,14.580903135836282,15.0,309,0
2024-03-09,B,Ladekabel_Basic,1.278262505073759,15.0,56.06442132442546,431.85263992376133,14.76594605096045,15.0,301,0
2024-03-10,B,Ladekabel_Basic,1.2801511686468776,15.0,68.53673287733231,792.7582764671922,14.746638679356447,15.0,361,0
2024-03-11,B,Ladekabel_Basic,1.2819568173825686,15.0,33.93419480526427,829.8416734053495,14.52943444918022,15.0,315,0
2024-03-12,B,Ladekabel_Basic,1.2836789162281428,15.0,60.20324158175674,460.3209641558476,15.92164241265042,15.0,363,0
2024-03-13,B,Ladekabel_Basic,1.285316954888546,15.0,67.88761268716962,952.4376424057193,15.345808524222326,15.0,346,0
2024-03-14,B,Ladekabel_Basic,1.2868704479775717,15.0,23.321186239902246,465.816446156865,15.187971174077477,15.0,338,0
2024-03-15,B,Ladekabel_Basic,1.2883389351616903,15.0,54.79477738878466,794.6524317070989,15.606428255167588,15.0,378,0
2024-03-16,B,Ladekabel_Basic,1.2897219812964564,15.0,42.43730253488493,535.4895381078331,14.8017331250974,15.0,312,0
2024-03-17,B,Ladekabel_Basic,1.2910191765554522,15.0,48.777159903475315,907.7790938698756,14.419347136235324,15.0,317,0
2024-03-18,B,Ladekabel_Basic,1.2922301365517261,15.0,55.215147253075045,916.9851192851607,14.548031771539081,15.0,326,0
2024-03-19,B,Ladekabel_Basic,1.293354502451697,15.0,42.691571538296714,178.67512708397547,15.001337280828457,15.0,268,0
2024-03-20,B,Ladekabel_Basic,1.2943919410814828,15.0,39.86437881257582,942.8439981792031,14.205591218720324,15.0,337,0
2024-03-21,B,Ladekabel_Basic,1.2953421450256277,15.0,50.512286262320366,842.9813573683741,14.624804237559992,15.0,338,0
2024-03-22,B,Ladekabel_Basic,1.2962048327181959,15.0,33.69131091705796,812.1796428814001,14.612912518596422,15.0,340,0
2024-03-23,B,Ladekabel_Basic,1.2969797485262058,15.0,33.712623066722216,280.8202057169702,16.593417172371762,15.0,347,0
2024-03-24,B,Ladekabel_Basic,1.2976666628253797,15.0,60.19059924434755,824.6072878791985,12.919638795049563,15.0,262,0
2024-03-25,B,Ladekabel_Basic,1.2982653720681856,15.0,32.76808947262016,865.1194612165332,14.865285208945775,15.0,377,0
2024-03-26,B,Ladekabel_Basic,1.2987756988441537,15.0,59.994687513638176,360.23530100873586,16.29427034461108,15.0,336,0
2024-03-27,B,Ladekabel_Basic,1.2991974919324467,15.0,56.938869392809266,957.0340705260913,15.091383348099342,15.0,392,0
2024-03-28,B,Ladekabel_Basic,1.2995306263466693,15.0,24.11289906814105,144.87413175924783,15.565063105065821,15.0,291,0
2024-03-29,B,Ladekabel_Basic,1.299775003371905,15.0,39.83653021496517,234.9183279224257,15.074869736324825,15.0,300,0
2024-03-30,B,Ladekabel_Basic,1.2999305505939671,15.0,67.91164104571058,583.8230242463628,14.49949996408764,15.0,348,0
2024-03-31,B,Ladekabel_Basic,1.299997221920857,15.0,35.28251703290478,618.2132240100788,13.318563049118314,15.0,266,0
2024-04-01,B,Ladekabel_Basic,1.2999749975964214,15.0,43.033936065359185,680.6350749708131,15.154091765277226,15.0,325,0
2024-04-02,B,Ladekabel_Basic,1.2998638842062071,15.0,56.93091339877845,115.27221638391981,14.418295046548208,15.0,234,0
2024-04-03,B,Ladekabel_Basic,1.29966391467551,15.0,61.75085763923893,964.3300971599173,14.399748445376021,15.0,324,0
2024-04-04,B,Ladekabel_Basic,1.2993751482596176,15.0,46.22691670933256,140.1292834607296,14.625759558015666,15.0,267,0
2024-04-05,B,Ladekabel_Basic,1.298997670526251,15.0,41.03734707962538,228.75575745106215,16.308646054967618,15.0,327,0
2024-04-06,B,Ladekabel_Basic,1.2985315933302093,15.0,71.33554792547761,112.61306577345128,16.803628156690483,15.0,281,0
2024-04-07,B,Ladekabel_Basic,1.2979770547802243,15.0,76.08349495696368,610.1725899646852,15.1629059531463,15.0,334,0
2024-04-08,B,Ladekabel_Basic,1.2973342191980364,15.0,64.68287076172693,939.040195528875,14.651424582066204,15.0,326,0
2024-04-09,B,Ladekabel_Basic,1.296603277069702,15.0,51.27977213847536,699.3524494724178,14.117080186911592,15.0,306,0
2024-04-10,B,Ladekabel_Basic,1.2957844449891491,15.0,37.8760141753861,840.3917216323846,15.35140512115955,15.0,366,0
2024-04-11,B,Ladekabel_Basic,1.2948779655939946,15.0,37.54333390165152,111.95308311272207,16.33717920004886,15.0,253,0
2024-04-12,B,Ladekabel_Basic,1.2938841074936471,15.0,57.837711578986365,587.8137686317534,14.814494709731132,15.0,317,0
2024-04-13,B,Ladekabel_Basic,1.2928031651897105,15.0,56.275973313330255,513.6066797549697,13.215752969435082,15.0,262,0
2024-04-14,B,Ladekabel_Basic,1.2916354589887185,15.0,71.02397889419645,549.0711497987137,15.502537253861643,15.0,358,0
2024-04-15,B,Ladekabel_Basic,1.2903813349072193,15.0,59.75675138804209,164.99186680166915,15.739049783587538,15.0,313,0
2024-04-16,B,Ladekabel_Basic,1.2890411645692446,15.0,27.453795473602728,715.9918249623768,13.810615769710614,15.0,298,0
2024-04-17,B,Ladekabel_Basic,1.287615345096189,15.0,65.77921426584378,552.898373372771,15.132363137747214,15.0,324,0
2024-04-18,B,Ladekabel_Basic,1.2861042989891338,15.0,35.02909059028381,788.6339648751376,15.338419512102073,15.0,370,0
2024-04-19,B,Ladekabel_Basic,1.2845084740036514,15.0,44.24043092071473,536.7615706555438,14.945169523493295,15.0,353,0
2024-04-20,B,Ladekabel_Basic,1.2828283430171261,15.0,53.75300309377542,234.44347260378888,14.406921810685985,15.0,264,0
2024-04-21,B,Ladekabel_Basic,1.2810644038886294,15.0,79.93501234675946,683.4312586700398,15.761952917672666,15.0,346,0
2024-04-22,B,Ladekabel_Basic,1.2792171793113938,15.0,96.64877834008041,255.1477258946496,14.697465190523488,15.0,267,0
2024-04-23,B,Ladekabel_Basic,1.2772872166579279,15.0,59.10084588704274,885.1551070193334,13.88611037797505,15.0,304,0
2024-04-24,B,Ladekabel_Basic,1.275275087817818,15.0,47.25205071919418,651.8046151623173,13.46289413574774,15.0,310,0
2024-04-25,B,Ladekabel_Basic,1.2731813890282648,15.0,58.01758472720825,241.48349520125882,15.945637139999482,15.0,305,0
2024-04-26,B,Ladekabel_Basic,1.2710067406974053,15.0,63.31483138810754,966.1042517330861,15.462497982353339,15.0,374,0
2024-04-27,B,Ladekabel_Basic,1.2687517872204728,15.0,45.189985616642126,566.5289170017886,15.065980160346875,15.0,296,0
2024-04-28,B,Ladekabel_Basic,1.266417196788848,15.0,76.92817033868484,165.6086066844895,14.669794022361897,15.0,249,0
2024-04-29,B,Ladekabel_Basic,1.2640036611920606,15.0,53.45106138787103,664.1496139735605,14.603251189347654,15.0,306,0
2024-04-30,B,Ladekabel_Basic,1.2615118956127964,15.0,57.46614633637091,327.8790163115292,14.19319751366879,15.0,1570,1
2024-05-01,B,Ladekabel_Basic,1.2589426384149733,15.0,59.98886378081692,823.3241066895722,14.676408266580086,15.0,336,0
2024-05-02,B,Ladekabel_Basic,1.256296650924948,15.0,56.32379915921683,836.0398662095715,13.409934588659869,15.0,262,0
2024-05-03,B,Ladekabel_Basic,1.253574717205919,15.0,62.58410750704419,981.0526202691957,14.447952259898614,15.0,300,0
2024-05-04,B,Ladekabel_Basic,1.250777643825591,15.0,40.74120220179615,551.6825779220534,14.76679686273668,15.0,311,0
2024-05-05,B,Ladekabel_Basic,1.2479062596171728,15.0,41.62547369080954,509.4611917549634,15.457410035392815,15.0,303,0
2024-05-06,B,Ladekabel_Basic,1.244961415433775,15.0,33.497686505424575,778.1280449018326,14.970055152469978,15.0,337,0
2024-05-07,B,Ladekabel_Basic,1.2419439838962834,15.0,56.5925184593034,219.2235907077339,15.59619233540667,15.0,287,0
2024-05-08,B,Ladekabel_Basic,1.2388548591347848,15.0,61.68404755268171,592.2239624138118,16.01185132883507,15.0,342,0
2024-05-09,B,Ladekabel_Basic,1.2356949565236144,15.0,56.866592992278285,591.6228401177658,15.793627570368075,15.0,325,0
2024-05-10,B,Ladekabel_Basic,1.232465212410112,15.0,75.11738650021306,180.5258105293485,15.352882385533919,15.0,293,0
2024-05-11,B,Ladekabel_Basic,1.2291665838371628,15.0,49.9160597175643,476.1856769562222,15.008897009385588,15.0,277,0
2024-05-12,B,Ladekabel_Basic,1.2258000482596025,15.0,60.03112483388769,867.9563187104818,14.26440899368983,15.0,1565,1
2024-05-13,B,Ladekabel_Basic,1.2223666032545788,15.0,33.624486857910284,870.5382597951942,15.554958038534487,15.0,357,0
2024-05-14,B,Ladekabel_Basic,1.2188672662259463,15.0,44.193504462883986,189.3138984277129,16.259810536666144,15.0,276,0
2024-05-15,B,Ladekabel_Basic,1.2153030741027886,15.0,60.43306636348666,181.64879447304776,15.256579529737813,15.0,252,0
2024-05-16,B,Ladekabel_Basic,1.2116750830321534,15.0,62.73653166114716,336.42592930174175,16.43794436131959,15.0,341,0
2024-05-17,B,Ladekabel_Basic,1.2079843680660933,15.0,45.59049578503727,887.2894562985941,13.855821218954187,15.0,275,0
2024-05-18,B,Ladekabel_Basic,1.204232022843105,15.0,48.926011222129,216.01232656614906,14.134377461415344,15.0,219,0
2024-05-19,B,Ladekabel_Basic,1.20041915926406,15.0,27.23189379978786,747.9971223647017,15.641401130811197,15.0,331,0
2024-05-20,B,Ladekabel_Basic,1.1965469071627255,15.0,44.64456198790086,191.0490576517929,15.19821765761494,15.0,236,0
2024-05-21,B,Ladekabel_Basic,1.1926164139709692,15.0,63.35574745279679,660.8240683730428,15.985336632428858,15.0,340,0
2024-05-22,B,Ladekabel_Basic,1.1886288443787503,15.0,58.628075241598495,420.4605692072303,14.988396269454945,15.0,290,0
2024-05-23,B,Ladekabel_Basic,1.1845853799889983,15.0,57.50998582071814,810.0225666692803,14.349018433103751,15.0,294,0
2024-05-24,B,Ladekabel_Basic,1.1804872189674769,15.0,50.746605307714404,310.32140394282726,14.839805068346218,15.0,246,0
2024-05-25,B,Ladekabel_Basic,1.176335575687742,15.0,50.105947379422645,675.2816464509639,13.850487021807199,15.0,295,0
2024-05-26,B,Ladekabel_Basic,1.1721316803712973,15.0,40.09518290789829,312.11428111829645,14.153556995177224,15.0,225,0
2024-05-27,B,Ladekabel_Basic,1.1678767787230528,15.0,60.482426303038025,742.2942548009385,15.729332998438506,15.0,337,0
2024-05-28,B,Ladekabel_Basic,1.1635721315621952,15.0,56.314594165840845,886.3102311046739,15.654590560852208,15.0,330,0
2024-05-29,B,Ladekabel_Basic,1.1592190144485799,15.0,57.38028271989199,214.12161921408403,15.272253213604557,15.0,225,0
2024-05-30,B,Ladekabel_Basic,1.154818717304756,15.0,42.10947735998629,879.9361197359532,13.709191859279647,15.0,243,0
2024-05-31,B,Ladekabel_Basic,1.1503725440337327,15.0,17.699856201931333,634.2177289728681,14.731197318365334,15.0,305,0
2024-06-01,B,Ladekabel_Basic,1.145881812132607,15.0,66.45729067630543,214.39944178032158,14.081250083504962,15.0,199,0
2024-06-02,B,Ladekabel_Basic,1.1413478523021592,15.0,42.81743815987394,484.7876698237408,15.882399940340825,15.0,297,0
2024-06-03,B,Ladekabel_Basic,1.1367720080525376,15.0,37.05836353935319,244.7742641365881,14.56220839982805,15.0,228,0
2024-06-04,B,Ladekabel_Basic,1.1321556353051485,15.0,60.4021836787099,730.3130999799125,14.185689216913836,15.0,286,0
2024-06-05,B,Ladekabel_Basic,1.1275001019908664,15.0,44.11981040121306,782.9813209761547,15.022347123841069,15.0,299,0
2024-06-06,B,Ladekabel_Basic,1.1228067876446863,15.0,65.89904576069932,195.21686824551907,14.51988415737404,15.0,240,0
2024-06-07,B,Ladekabel_Basic,1.11807708299694,15.0,59.25508924365046,555.5258674251799,16.11280793265278,15.0,342,0
2024-06-08,B,Ladekabel_Basic,1.1133123895611894,15.0,60.253539848007165,833.1625504233255,14.448891826849357,15.0,287,0
2024-06-09,B,Ladekabel_Basic,1.1085141192189303,15.0,29.510664331991986,942.5467373958968,13.950578805581525,15.0,264,0
2024-06-10,B,Ladekabel_Basic,1.10368369380122,15.0,68.17915978079601,562.166080067593,13.385314863181863,15.0,246,0
2024-06-11,B,Ladekabel_Basic,1.0988225446673592,15.0,53.91875796850784,955.2513012502664,14.976910123189938,15.0,280,0
2024-06-12,B,Ladekabel_Basic,1.0939321122807482,15.0,44.460842911306955,582.1200734104268,14.578552414606555,15.0,250,0
2024-06-13,B,Ladekabel_Basic,1.0890138457820473,15.0,52.15082701013377,454.77144513991715,13.928321545116205,15.0,221,0
2024-06-14,B,Ladekabel_Basic,1.0840692025597647,15.0,23.3564715065252,863.3828156976059,15.891919845941837,15.0,305,0
2024-06-15,B,Ladekabel_Basic,1.079099647818402,15.0,56.12979217221006,543.6844394122802,15.500433860571931,15.0,306,0
2024-06-16,B,Ladekabel_Basic,1.0741066541442807,15.0,34.559427377268925,524.7122595080707,14.978836590797078,15.0,273,0
2024-06-17,B,Ladekabel_Basic,1.0690917010691836,15.0,29.709945712346983,541.2812404688455,16.023244683128148,15.0,300,0
2024-06-18,B,Ladekabel_Basic,1.0640562746319389,15.0,27.164612206731633,862.1065016827708,15.49690202504896,15.0,325,0
2024-06-19,B,Ladekabel_Basic,1.059001866938073,15.0,66.69032562484888,848.7473875192469,14.382858073861176,15.0,260,0
2024-06-20,B,Ladekabel_Basic,1.0539299757176688,15.0,40.56104909460817,463.1679931961901,14.220584877006925,15.0,246,0
2024-06-21,B,Ladekabel_Basic,1.0488421038815552,15.0,73.00591564874749,399.96987388347253,15.613486158340397,15.0,265,0
2024-06-22,B,Ladekabel_Basic,1.0437397590759625,15.0,41.96297805421553,542.7352216352164,15.297275217350514,15.0,253,0
2024-06-23,B,Ladekabel_Basic,1.0386244532357745,15.0,24.3896306361058,615.4952587633982,15.127310825977995,15.0,240,0
2024-06-24,B,Ladekabel_Basic,1.0334977021365086,15.0,33.25213340077011,314.50348956519724,14.365126647848319,15.0,215,0
2024-06-25,B,Ladekabel_Basic,1.0283610249451598,15.0,68.53717430010408,814.5595762440315,15.455960675254317,15.0,301,0
2024-06-26,B,Ladekabel_Basic,1.023215943770039,15.0,47.66152733094999,537.8344891591806,14.433375837649539,15.0,252,0
2024-06-27,B,Ladekabel_Basic,1.018063983209738,15.0,41.77569055264099,400.6409935779636,14.923510009054741,15.0,243,0
2024-06-28,B,Ladekabel_Basic,1.0129066699013591,15.0,52.40027338779181,196.13889366759156,16.085208109790234,15.0,256,0
2024-06-29,B,Ladekabel_Basic,1.0077455320681399,15.0,57.52674104251317,314.9606443632462,14.50437432314239,15.0,210,0
2024-06-30,B,Ladekabel_Basic,1.0025820990666066,15.0,66.76098223853691,954.3530545803853,13.820258057195355,15.0,252,0
2024-07-01,B,Ladekabel_Basic,0.9974179009333936,15.0,71.72748844839388,374.5897181375739,14.210589606097418,15.0,181,0
2024-07-02,B,Ladekabel_Basic,0.9922544679318602,15.0,44.60347031316371,251.97336043033178,15.745724120015717,15.0,228,0
2024-07-03,B,Ladekabel_Basic,0.9870933300986409,15.0,30.109284708769422,514.6055124894939,15.191048353035159,15.0,240,0
2024-07-04,B,Ladekabel_Basic,0.9819360167902622,15.0,43.79802258315086,376.3789690242238,14.903341965983435,15.0,216,0
2024-07-05,B,Ladekabel_Basic,0.976784056229961,15.0,53.90420759874329,131.64332524407473,14.618179646016323,15.0,210,0
2024-07-06,B,Ladekabel_Basic,0.9716389750548402,15.0,35.54361610684084,390.8306955514755,15.364019930664892,15.0,226,0
2024-07-07,B,Ladekabel_Basic,0.9665022978634916,15.0,35.642736276574354,589.6977615455218,14.363171361757333,15.0,260,0
2024-07-08,B,Ladekabel_Basic,0.9613755467642258,15.0,55.15681822324828,596.5411348179703,15.229249176481947,15.0,266,0
2024-07-09,B,Ladekabel_Basic,0.9562602409240377,15.0,49.270214726443236,420.9030290591998,14.451559073390282,15.0,235,0
2024-07-10,B,Ladekabel_Basic,0.951157896118445,15.0,50.4919549311738,502.57248062734055,14.32675546104371,15.0,210,0
2024-07-11,B,Ladekabel_Basic,0.9460700242823313,15.0,38.622569979498955,968.9661264112898,14.521884423881241,15.0,264,0
2024-07-12,B,Ladekabel_Basic,0.9409981330619271,15.0,46.54398928691349,439.61362950728045,14.718444415137029,15.0,244,0
2024-07-13,B,Ladekabel_Basic,0.9359437253680613,15.0,36.136502835975435,332.4041319339847,14.963377623049722,15.0,205,0
2024-07-14,B,Ladekabel_Basic,0.9309082989308164,15.0,63.352976166871805,319.1203396600841,15.176591846333336,15.0,201,0
2024-07-15,B,Ladekabel_Basic,0.9258933458557195,15.0,65.52874002085629,511.98815143372076,12.233726031428667,15.0,164,0
2024-07-16,B,Ladekabel_Basic,0.9209003521815978,15.0,22.30718206642859,783.5681338452497,14.394262081689927,15.0,191,0
2024-07-17,B,Ladekabel_Basic,0.9159307974402352,15.0,36.05733709711385,285.3893657696259,14.70632251698297,15.0,221,0
2024-07-18,B,Ladekabel_Basic,0.9109861542179529,15.0,27.552061173648813,738.3665144266913,16.128796528956247,15.0,264,0
2024-07-19,B,Ladekabel_Basic,0.906067887719252,15.0,40.249640983896526,119.03484101447465,14.189998043713402,15.0,155,0
2024-07-20,B,Ladekabel_Basic,0.9011774553326409,15.0,48.748430453144586,477.0396801855514,15.122097463574933,15.0,214,0
2024-07-21,B,Ladekabel_Basic,0.89631630619878,15.0,28.25532170452205,798.2785586825082,16.12127273230188,15.0,264,0
2024-07-22,B,Ladekabel_Basic,0.8914858807810697,15.0,36.1721028031203,404.8596601969883,14.015273602539544,15.0,197,0
2024-07-23,B,Ladekabel_Basic,0.8866876104388106,15.0,34.94063941877753,607.3633913008595,15.2954814193983,15.0,223,0
2024-07-24,B,Ladekabel_Basic,0.88192291700306,15.0,53.10900994098416,284.4813095433197,14.398296124549109,15.0,176,0
2024-07-25,B,Ladekabel_Basic,0.8771932123553137,15.0,51.04016505554376,767.7958520135551,14.621524693283073,15.0,224,0
2024-07-26,B,Ladekabel_Basic,0.8724998980091339,15.0,39.1739366999412,147.05119294188367,14.397666874535012,15.0,192,0
2024-07-27,B,Ladekabel_Basic,0.8678443646948515,15.0,52.65231308209097,867.2883803879503,14.451107018688084,15.0,215,0
2024-07-28,B,Ladekabel_Basic,0.8632279919474624,15.0,41.79979873119102,278.37674777950133,17.041434110929867,15.0,217,0
2024-07-29,B,Ladekabel_Basic,0.8586521476978408,15.0,45.9251733451092,886.9582285374977,15.633341904053749,15.0,261,0
2024-07-30,B,Ladekabel_Basic,0.8541181878673929,15.0,75.10178135447805,417.2763171704656,15.826303396339657,15.0,225,0
2024-07-31,B,Ladekabel_Basic,0.8496274559662673,15.0,70.10691577685522,750.4152170270379,15.368995115127372,15.0,236,0
2024-08-01,B,Ladekabel_Basic,0.8451812826952443,15.0,30.506281446086035,387.3027680075696,13.79530740869853,15.0,181,0
2024-08-02,B,Ladekabel_Basic,0.8407809855514201,15.0,62.44598626818762,915.3205041111828,15.296218477742482,15.0,244,0
2024-08-03,B,Ladekabel_Basic,0.8364278684378048,15.0,62.170948317373885,213.97341296653693,15.80469721088051,15.0,196,0
2024-08-04,B,Ladekabel_Basic,0.8321232212769472,15.0,32.776050668710724,260.6678103453388,14.359950394470665,15.0,169,0
2024-08-05,B,Ladekabel_Basic,0.8278683196287027,15.0,62.28166465632291,543.7271126429221,15.723995000370847,15.0,245,0
2024-08-06,B,Ladekabel_Basic,0.823664424312258,15.0,73.06897877618829,173.74459513433152,15.52825215739056,15.0,205,0
2024-08-07,B,Ladekabel_Basic,0.8195127810325232,15.0,33.16182790633379,276.38216623158576,16.389030033610254,15.0,219,0
2024-08-08,B,Ladekabel_Basic,0.8154146200110017,15.0,36.237457684786044,949.3897439908129,14.686662740614786,15.0,215,0
2024-08-09,B,Ladekabel_Basic,0.8113711556212496,15.0,65.26492200265254,978.8406950330984,14.176791763293204,15.0,190,0
2024-08-10,B,Ladekabel_Basic,0.8073835860290309,15.0,54.07242966238472,438.6333963973797,14.728778917970592,15.0,198,0
2024-08-11,B,Ladekabel_Basic,0.8034530928372745,15.0,58.27214412859285,930.957418912542,16.076678244872717,15.0,267,0
2024-08-12,B,Ladekabel_Basic,0.79958084073594,15.0,55.10883824600745,590.3422081060886,13.628695589368528,15.0,178,0
2024-08-13,B,Ladekabel_Basic,0.7957679771568953,15.0,55.860438813922165,342.7682192863903,13.448718213426726,15.0,167,0
2024-08-14,B,Ladekabel_Basic,0.7920156319339069,15.0,30.102918075333754,732.1588489725387,15.06704645919871,15.0,215,0
2024-08-15,B,Ladekabel_Basic,0.7883249169678468,15.0,65.70976559932173,693.0116259173715,14.668058030419383,15.0,227,0
2024-08-16,B,Ladekabel_Basic,0.7846969258972115,15.0,67.54384988641661,990.21278719786,15.005795919881765,15.0,220,0
2024-08-17,B,Ladekabel_Basic,0.7811327337740537,15.0,46.559138838979585,338.54255866835496,15.708983828426899,15.0,194,0
2024-08-18,B,Ladekabel_Basic,0.7776333967454213,15.0,49.34784575279206,704.8535523955619,14.585572990410862,15.0,194,0
2024-08-19,B,Ladekabel_Basic,0.7741999517403975,15.0,27.033387461664162,146.8213795265022,13.595245626802035,15.0,134,0
2024-08-20,B,Ladekabel_Basic,0.7708334161628372,15.0,57.71382134026752,202.28143482704746,16.533361167899958,15.0,156,0
2024-08-21,B,Ladekabel_Basic,0.7675347875898878,15.0,58.58086162571216,103.52653745598394,14.252078784420918,15.0,121,0
2024-08-22,B,Ladekabel_Basic,0.7643050434763856,15.0,49.067134745010335,999.5146129537058,14.205722158490927,15.0,194,0
2024-08-23,B,Ladekabel_Basic,0.7611451408652155,15.0,66.86530039805754,822.04632743273,15.827790010291947,15.0,200,0
2024-08-24,B,Ladekabel_Basic,0.7580560161037166,15.0,44.98884153530089,808.0507132601867,14.711633159218861,15.0,211,0
2024-08-25,B,Ladekabel_Basic,0.7550385845662253,15.0,58.469088888404,558.7534677593617,14.952457610973893,15.0,199,0
2024-08-26,B,Ladekabel_Basic,0.7520937403828272,15.0,34.705034919618264,370.0603746148959,15.362092593045238,15.0,174,0
2024-08-27,B,Ladekabel_Basic,0.7492223561744091,15.0,49.64671773688643,236.13785601640834,15.812687327332496,15.0,176,0
2024-08-28,B,Ladekabel_Basic,0.7464252827940809,15.0,47.384686131457464,356.2072649618173,14.74990448011367,15.0,188,0
2024-08-29,B,Ladekabel_Basic,0.743703349075052,15.0,53.37961883061412,438.3740997362252,16.139964004435726,15.0,213,0
2024-08-30,B,Ladekabel_Basic,0.7410573615850266,15.0,44.45709606749963,780.6790872822646,13.398150113448896,15.0,162,0
2024-08-31,B,Ladekabel_Basic,0.7384881043872035,15.0,48.027911064924986,585.6956100128372,15.569840427714809,15.0,203,0
2024-09-01,B,Ladekabel_Basic,0.7359963388079394,15.0,62.39070757162259,169.7352638999344,14.370354331486757,15.0,125,0
2024-09-02,B,Ladekabel_Basic,0.7335828032111521,15.0,43.44853644142674,116.22610806302102,16.029203487455995,15.0,149,0
2024-09-03,B,Ladekabel_Basic,0.7312482127795273,15.0,25.90134348891981,192.09896158065683,15.10653335912291,15.0,177,0
2024-09-04,B,Ladekabel_Basic,0.7289932593025947,15.0,76.24375856308131,469.4488423276414,14.495321000992949,15.0,173,0
2024-09-05,B,Ladekabel_Basic,0.7268186109717352,15.0,70.72181118035729,939.8736253441165,15.497130819766225,15.0,220,0
2024-09-06,B,Ladekabel_Basic,0.7247249121821819,15.0,30.616059573415722,673.6622330882994,15.669891260405437,15.0,207,0
2024-09-07,B,Ladekabel_Basic,0.722712783342072,15.0,60.34561707867792,821.6433098879636,15.48142059214398,15.0,220,0
2024-09-08,B,Ladekabel_Basic,0.7207828206886062,15.0,42.455378441729856,519.7371350540936,14.227727820275206,15.0,164,0
2024-09-09,B,Ladekabel_Basic,0.7189355961113706,15.0,53.952308229965894,425.4994748755385,14.636987157283436,15.0,163,0
2024-09-10,B,Ladekabel_Basic,0.7171716569828739,15.0,54.4133619352024,197.56033544496046,14.996945372158923,15.0,135,0
2024-09-11,B,Ladekabel_Basic,0.7154915259963486,15.0,46.48388299525517,888.3397199675844,14.969055260512455,15.0,169,0
2024-09-12,B,Ladekabel_Basic,0.7138957010108664,15.0,38.24351501620405,804.8440261251126,15.56230910657876,15.0,179,0
2024-09-13,B,Ladekabel_Basic,0.7123846549038111,15.0,39.64188421525611,251.3062878379526,13.488824075620045,15.0,126,0
2024-09-14,B,Ladekabel_Basic,0.7109588354307554,15.0,36.257121267781365,561.0345074886344,15.250745290915129,15.0,203,0
2024-09-15,B,Ladekabel_Basic,0.7096186650927807,15.0,37.522666876543326,538.6373271291204,14.782513984172521,15.0,165,0
2024-09-16,B,Ladekabel_Basic,0.7083645410112817,15.0,48.99232564925967,662.5823974178758,14.371124537712035,15.0,184,0
2024-09-17,B,Ladekabel_Basic,0.7071968348102895,15.0,39.26360016333872,951.5682045921351,14.4431349166728,15.0,185,0
2024-09-18,B,Ladekabel_Basic,0.706115892506353,15.0,60.2307809856893,621.7942975862317,14.839096751611526,15.0,189,0
2024-09-19,B,Ladekabel_Basic,0.7051220344060054,15.0,72.30869233003891,586.1955401007567,12.29918617165536,15.0,136,0
2024-09-20,B,Ladekabel_Basic,0.7042155550108509,15.0,41.29920137944936,145.29063964119754,14.474032821906338,15.0,138,0
2024-09-21,B,Ladekabel_Basic,0.703396722930298,15.0,53.591067508030655,156.61672841622155,14.34313888151528,15.0,125,0
2024-09-22,B,Ladekabel_Basic,0.7026657808019636,15.0,57.49527665454401,268.61211219411,15.399587406991968,15.0,171,0
2024-09-23,B,Ladekabel_Basic,0.7020229452197757,15.0,57.080034063789114,129.22369452257345,14.39585498811711,15.0,128,0
2024-09-24,B,Ladekabel_Basic,0.7014684066697907,15.0,51.139329018741314,769.0176060130111,14.838664649872133,15.0,182,0
2024-09-25,B,Ladekabel_Basic,0.7010023294737491,15.0,61.140236275395836,750.9972735945669,16.156707470745975,15.0,214,0
2024-09-26,B,Ladekabel_Basic,0.7006248517403824,15.0,57.23373429020986,222.45061098847864,15.745763639861567,15.0,165,0
2024-09-27,B,Ladekabel_Basic,0.70033608532449,15.0,31.43506366509053,852.4710107157529,15.676703549957589,15.0,214,0
2024-09-28,B,Ladekabel_Basic,0.7001361157937929,15.0,63.0373409658391,239.3074313615008,14.62509567719186,15.0,147,0
2024-09-29,B,Ladekabel_Basic,0.7000250024035786,15.0,63.30936255900113,371.0580282976229,15.407274209467237,15.0,142,0
2024-09-30,B,Ladekabel_Basic,0.7000027780791429,15.0,38.550708437321276,324.0792092452285,14.824576649659805,15.0,155,0
2024-10-01,B,Ladekabel_Basic,0.7000694494060328,15.0,50.56906753171403,435.076388715743,14.852930091992297,15.0,181,0
2024-10-02,B,Ladekabel_Basic,0.7002249966280949,15.0,60.24993489216604,329.19738930096565,15.307264007809913,15.0,193,0
2024-10-03,B,Ladekabel_Basic,0.7004693736533307,15.0,46.86029270630958,540.0558337946069,14.5522548086843,15.0,161,0
2024-10-04,B,Ladekabel_Basic,0.7008025080675533,15.0,66.09467071649017,466.6670932192169,16.119752328332403,15.0,1102,1
2024-10-05,B,Ladekabel_Basic,0.7012243011558463,15.0,85.45808741929041,987.9125417013939,14.879902395301546,15.0,180,0
2024-10-06,B,Ladekabel_Basic,0.7017346279318144,15.0,38.210209510475266,150.3337151154031,15.463770424694749,15.0,148,0
2024-10-07,B,Ladekabel_Basic,0.7023333371746203,15.0,29.284330952693377,227.96323874861645,16.091700359442974,15.0,188,0
2024-10-08,B,Ladekabel_Basic,0.7030202514737941,15.0,54.55727893407314,147.54330451774223,15.77374033093138,15.0,171,0
2024-10-09,B,Ladekabel_Basic,0.7037951672818041,15.0,60.823437576892154,663.2570754841382,13.943310672982106,15.0,184,0
2024-10-10,B,Ladekabel_Basic,0.7046578549743723,15.0,46.53700439232846,149.05834967234762,15.333671921257414,15.0,135,0
2024-10-11,B,Ladekabel_Basic,0.7056080589185172,15.0,71.79890994981552,852.795763638511,15.638039545845485,15.0,200,0
2024-10-12,B,Ladekabel_Basic,0.706645497548303,15.0,29.920913004151267,560.744767613735,15.668897266620563,15.0,220,0
2024-10-13,B,Ladekabel_Basic,0.7077698634482739,15.0,60.393779345474165,574.3068621233804,14.165028874414027,15.0,163,0
2024-10-14,B,Ladekabel_Basic,0.7089808234445478,15.0,40.9120876886166,605.4350569409748,14.507223572237006,15.0,172,0
2024-10-15,B,Ladekabel_Basic,0.7102780187035436,15.0,75.79066859310944,253.73233567558967,15.745918676806216,15.0,181,0
2024-10-16,B,Ladekabel_Basic,0.7116610648383097,15.0,79.88773029752177,277.9212728030388,14.428679721988017,15.0,146,0
2024-10-17,B,Ladekabel_Basic,0.7131295520224283,15.0,38.500151183249784,386.93559058570423,14.775227957501764,15.0,169,0
2024-10-18,B,Ladekabel_Basic,0.7146830451114539,15.0,41.7566429613713,634.1467742396662,16.181906857126474,15.0,210,0
2024-10-19,B,Ladekabel_Basic,0.7163210837718572,15.0,62.89381830469703,289.1059983461931,14.964150562211408,15.0,154,0
2024-10-20,B,Ladekabel_Basic,0.7180431826174314,15.0,44.19304025315728,204.6985544199351,14.454919396624618,15.0,135,0
2024-10-21,B,Ladekabel_Basic,0.7198488313531224,15.0,49.318831731016424,973.105197776589,14.34178698235282,15.0,187,0
2024-10-22,B,Ladekabel_Basic,0.7217374949262411,15.0,50.38082630813615,119.78363332866063,15.249539497188891,15.0,146,0
2024-10-23,B,Ladekabel_Basic,0.7237086136850096,15.0,21.204902657035156,822.4276648024195,14.000138993642093,15.0,172,0
2024-10-24,B,Ladekabel_Basic,0.7257616035443999,15.0,49.79243380858644,809.2316346175198,14.814498027077686,15.0,188,0
2024-10-25,B,Ladekabel_Basic,0.7278958561592092,15.0,39.65408338903739,367.4927024605864,15.249922901242517,15.0,147,0
2024-10-26,B,Ladekabel_Basic,0.730110739104327,15.0,42.60315766400342,222.06395440658207,15.97436236541075,15.0,176,0
2024-10-27,B,Ladekabel_Basic,0.7324055960621354,15.0,71.65448005203221,231.06578203488107,15.500661060277496,15.0,170,0
2024-10-28,B,Ladekabel_Basic,0.7347797470169909,15.0,31.152396585811154,727.6884555134733,14.464451161513367,15.0,181,0
2024-10-29,B,Ladekabel_Basic,0.737232488456727,15.0,62.19807780121966,678.5259319775563,15.883814488172789,15.0,192,0
2024-10-30,B,Ladekabel_Basic,0.7397630935811209,15.0,45.81555604502287,804.471106826248,14.775363721839392,15.0,186,0
2024-10-31,B,Ladekabel_Basic,0.7423708125172591,15.0,45.80359747256249,943.7330551591942,14.073222733462943,15.0,192,0
2024-11-01,B,Ladekabel_Basic,0.7450548725417416,15.0,61.85557844077567,722.7346269399328,14.870968980550895,15.0,196,0
2024-11-02,B,Ladekabel_Basic,0.7478144783096565,15.0,55.10076941853335,240.26638289629912,16.078626900859277,15.0,207,0
2024-11-03,B,Ladekabel_Basic,0.7506488120902577,15.0,58.55919495829296,319.0983550888696,15.123930037548694,15.0,184,0
2024-11-04,B,Ladekabel_Basic,0.7535570340092757,15.0,64.52276990799292,857.9743577858031,15.009391398247338,15.0,209,0
2024-11-05,B,Ladekabel_Basic,0.7565382822977917,15.0,45.03037425225016,288.3754682507877,16.227908733527137,15.0,205,0
2024-11-06,B,Ladekabel_Basic,0.7595916735475969,15.0,40.81644898238375,165.27008525903327,13.92648386470918,15.0,162,0
2024-11-07,B,Ladekabel_Basic,0.7627163029729668,15.0,33.72274210163303,732.9520486380254,14.03580066446042,15.0,190,0
2024-11-08,B,Ladekabel_Basic,0.7659112446787673,15.0,37.61884205031567,462.2737199411278,13.788115146774874,15.0,204,0
2024-11-09,B,Ladekabel_Basic,0.7691755519348186,15.0,94.23641637963088,928.0360472913133,15.27948613986004,15.0,216,0
2024-11-10,B,Ladekabel_Basic,0.7725082574564313,15.0,68.6701937110518,685.2295639842954,15.124869845336343,15.0,197,0
2024-11-11,B,Ladekabel_Basic,0.7759083736910335,15.0,29.73388450687968,181.37708001249467,16.157052275459833,15.0,163,0
2024-11-12,B,Ladekabel_Basic,0.7793748931108042,15.0,30.163130648846447,953.0709105282947,15.182606307852577,15.0,236,0
2024-11-13,B,Ladekabel_Basic,0.7829067885112263,15.0,57.22799092577737,332.7015372762213,14.696882130390522,15.0,169,0
2024-11-14,B,Ladekabel_Basic,0.7865030133154675,15.0,58.2089719606695,403.4912413656572,15.001346154658581,15.0,172,0
2024-11-15,B,Ladekabel_Basic,0.7901625018845059,15.0,58.233257529760465,462.03437231518785,15.08828056384572,15.0,172,0
2024-11-16,B,Ladekabel_Basic,0.7938841698328998,15.0,46.175663096694535,146.10186676388193,13.746179045003874,15.0,125,0
2024-11-17,B,Ladekabel_Basic,0.7976669143501163,15.0,48.118186099956496,546.8638800075444,17.032748733251168,15.0,254,0
2024-11-18,B,Ladekabel_Basic,0.8015096145273163,15.0,54.91819286239036,210.98664196776303,15.389903263576432,15.0,187,0
2024-11-19,B,Ladekabel_Basic,0.8054111316895054,15.0,51.28839509439996,460.87329401951655,15.157506231016942,15.0,199,0
2024-11-20,B,Ladekabel_Basic,0.8093703097329468,15.0,16.710494408786975,415.6388091928759,15.461372988208934,15.0,204,0
2024-11-21,B,Ladekabel_Basic,0.8133859754677396,15.0,46.553005541372094,795.556075083853,15.532058235439955,15.0,220,0
2024-11-22,B,Ladekabel_Basic,0.8174569389654621,15.0,37.2289034860953,822.853460469458,14.894584885873176,15.0,219,0
2024-11-23,B,Ladekabel_Basic,0.8215819939117708,15.0,52.62817128362768,238.0715941501792,14.526569147819474,15.0,167,0
2024-11-24,B,Ladekabel_Basic,0.8257599179638596,15.0,94.77888503905115,429.8960686413036,15.449588014741279,15.0,1160,1
2024-11-25,B,Ladekabel_Basic,0.8299894731126645,15.0,55.51222498211457,436.0178449286485,15.28928313039859,15.0,201,0
2024-11-26,B,Ladekabel_Basic,0.8342694060497139,15.0,45.297054707414034,236.26939954247655,14.392582425682944,15.0,151,0
2024-11-27,B,Ladekabel_Basic,0.8385984485385103,15.0,63.827022529658784,818.6081545460714,16.064276708525448,15.0,261,0
2024-11-28,B,Ladekabel_Basic,0.842975317790335,15.0,57.24031830813819,736.5054955018809,15.220014027242236,15.0,225,0
2024-11-29,B,Ladekabel_Basic,0.8473987168443687,15.0,56.30141735677762,271.34360766733124,15.547364521700723,15.0,226,0
2024-11-30,B,Ladekabel_Basic,0.8518673349520067,15.0,59.10275889823507,430.0497177344191,16.04394066575994,15.0,213,0
2024-12-01,B,Ladekabel_Basic,0.8563798479652636,15.0,80.84815347244313,195.2245223708628,15.016416615873624,15.0,214,0
2024-12-02,B,Ladekabel_Basic,0.8609349187291446,15.0,33.03667347011126,665.3859373837396,15.237714005238088,15.0,237,0
2024-12-03,B,Ladekabel_Basic,0.8655311974778768,15.0,57.104481152171815,209.2347320937577,15.607520428879587,15.0,192,0
2024-12-04,B,Ladekabel_Basic,0.8701673222348705,15.0,36.104283050276926,987.340751762426,14.45635418714996,15.0,255,0
2024-12-05,B,Ladekabel_Basic,0.8748419192163049,15.0,58.33268969513372,802.613867219076,15.0405387471345,15.0,249,0
2024-12-06,B,Ladekabel_Basic,0.8795536032382079,15.0,36.21970232770858,451.21469462559554,15.09416143998836,15.0,204,0
2024-12-07,B,Ladekabel_Basic,0.8843009781269178,15.0,43.73949779592373,620.707539051419,14.282956086237455,15.0,196,0
2024-12-08,B,Ladekabel_Basic,0.889082637132798,15.0,45.57365128643141,920.2076345947679,16.73822759150541,15.0,275,0
2024-12-09,B,Ladekabel_Basic,0.8938971633470884,15.0,64.63725079017064,598.6893523562435,13.944529917380697,15.0,219,0
2024-12-10,B,Ladekabel_Basic,0.898743130121766,15.0,63.77681665913621,257.04863775815966,14.026422072234631,15.0,166,0
2024-12-11,B,Ladekabel_Basic,0.9036191014922904,15.0,31.314239353304234,440.8330200230434,15.985669931777684,15.0,199,0
2024-12-12,B,Ladekabel_Basic,0.9085236326031132,15.0,50.824011664997734,858.8303785267708,15.534949688097408,15.0,250,0
2024-12-13,B,Ladekabel_Basic,0.9134552701358171,15.0,39.35630217876241,679.7917143906561,14.230526386889416,15.0,235,0
2024-12-14,B,Ladekabel_Basic,0.9184125527397684,15.0,31.122426339869982,685.6519459004203,15.455466761326269,15.0,239,0
2024-12-15,B,Ladekabel_Basic,0.9233940114651435,15.0,46.74474424363444,880.1393371196402,16.100887833747983,15.0,265,0
2024-12-16,B,Ladekabel_Basic,0.928398170198215,15.0,45.3727581731627,904.5757517162542,14.97730270680226,15.0,252,0
2024-12-17,B,Ladekabel_Basic,0.93342354609875,15.0,86.40074729518284,927.8133146014927,16.949117175055935,15.0,302,0
2024-12-18,B,Ladekabel_Basic,0.9384686500394143,15.0,56.49439738041044,185.3642739278405,13.706953641848973,15.0,167,0
2024-12-19,B,Ladekabel_Basic,0.9435319870470268,15.0,29.33573748868644,589.7134017667909,15.520367590394326,15.0,260,0
2024-12-20,B,Ladekabel_Basic,0.9486120567455567,15.0,41.52838993743587,766.4585690964867,15.874896252165753,15.0,264,0
2024-12-21,B,Ladekabel_Basic,0.9537073538007157,15.0,65.32074943144097,781.2341606143124,15.668507926203937,15.0,265,0
2024-12-22,B,Ladekabel_Basic,0.9588163683660205,15.0,81.32664159304888,646.0445817730035,14.846733205015763,15.0,250,0
2024-12-23,B,Ladekabel_Basic,0.9639375865301942,15.0,26.210250316430624,250.10860166530676,14.782168888491638,15.0,169,0
2024-12-24,B,Ladekabel_Basic,0.9690694907657693,15.0,21.801134222914325,817.678498547498,15.333108878315443,15.0,253,0
2024-12-25,B,Ladekabel_Basic,0.974210560378766,15.0,78.06447763057673,748.1002001634512,15.611815864989055,15.0,270,0
2024-12-26,B,Ladekabel_Basic,0.9793592719593038,15.0,55.84421266056356,177.52219439413267,15.451855077211773,15.0,201,0
2024-12-27,B,Ladekabel_Basic,0.9845140998330237,15.0,36.9756090218545,517.4288422069386,15.780043418095044,15.0,288,0
2024-12-28,B,Ladekabel_Basic,0.9896735165131763,15.0,58.01943629183653,256.57965956962323,14.23584753219995,15.0,226,0
2024-12-29,B,Ladekabel_Basic,0.9948359931532494,15.0,10.463783914746834,403.7293411416747,14.829171765657275,15.0,220,0
2024-12-30,B,Ladekabel_Basic,1.0000000000000002,15.0,50.050632598957414,116.2729829851169,14.294988050907184,15.0,164,0
2024-12-31,B,Ladekabel_Basic,1.0051640068467502,15.0,54.91731759264628,460.2968815696824,14.710415417935392,15.0,232,0
2025-01-01,B,Ladekabel_Basic,1.0051640068467504,15.0,63.86405209306744,594.8892290405894,15.761415668860728,15.0,279,0
2025-01-02,B,Ladekabel_Basic,1.0103264834868237,15.0,34.791560715611936,657.6243335443781,15.08098794054392,15.0,277,0
2025-01-03,B,Ladekabel_Basic,1.015485900166976,15.0,51.28530742105038,697.1413106158391,16.955144372362327,15.0,311,0
2025-01-04,B,Ladekabel_Basic,1.020640728040696,15.0,36.11863060910619,852.6621817922139,15.145054775392289,15.0,273,0
2025-01-05,B,Ladekabel_Basic,1.025789439621234,15.0,53.830756335114756,293.91661654815704,15.0447689104348,15.0,237,0
2025-01-06,B,Ladekabel_Basic,1.0309305092342305,15.0,36.56980516455464,208.43364019462115,15.079637189580161,15.0,196,0
2025-01-07,B,Ladekabel_Basic,1.0360624134698058,15.0,43.87848741259669,866.3834547081331,14.521643480355047,15.0,233,0
2025-01-08,B,Ladekabel_Basic,1.0411836316339795,15.0,35.062769078146566,240.9515334033849,14.956622540716806,15.0,221,0
2025-01-09,B,Ladekabel_Basic,1.0462926461992843,15.0,59.76704362735486,977.2840732025758,15.845841020333735,15.0,306,0
2025-01-10,B,Ladekabel_Basic,1.0513879432544433,15.0,62.87676674984998,858.2844064587733,15.08547800109583,15.0,307,0
2025-01-11,B,Ladekabel_Basic,1.0564680129529733,15.0,46.480691450638794,550.7889453006393,14.404905202587395,15.0,258,0
2025-01-12,B,Ladekabel_Basic,1.0615313499605858,15.0,50.573569924400424,983.2792824298227,14.306186534641023,15.0,269,0
2025-01-13,B,Ladekabel_Basic,1.0665764539012497,15.0,28.271128780496838,187.6390561972038,14.662348581250619,15.0,220,0
2025-01-14,B,Ladekabel_Basic,1.071601829801785,15.0,45.50485027989819,372.7591850575915,15.05539757580816,15.0,251,0
2025-01-15,B,Ladekabel_Basic,1.076605988534856,15.0,49.24693074437383,674.4019735365503,15.895189901607198,15.0,277,0
2025-01-16,B,Ladekabel_Basic,1.0815874472602316,15.0,89.31189636544963,415.00618162586085,13.994633518975172,15.0,217,0
2025-01-17,B,Ladekabel_Basic,1.0865447298641826,15.0,33.320494613387545,935.5352967827126,14.760130291583431,15.0,292,0
2025-01-18,B,Ladekabel_Basic,1.0914763673968868,15.0,71.96265858128656,159.0634793600358,15.108232514576311,15.0,197,0
2025-01-19,B,Ladekabel_Basic,1.0963808985077093,15.0,64.95288160198712,594.470648854868,13.624720674277924,15.0,244,0
2025-01-20,B,Ladekabel_Basic,1.101256869878234,15.0,54.20954606735204,631.7796406556031,14.374801287775195,15.0,288,0
2025-01-21,B,Ladekabel_Basic,1.1061028366529115,15.0,76.379307262927,687.4553113995017,14.49008359519786,15.0,267,0
2025-01-22,B,Ladekabel_Basic,1.110917362867202,15.0,55.581582089102945,330.099600998633,14.403022219612126,15.0,231,0
2025-01-23,B,Ladekabel_Basic,1.1156990218730822,15.0,55.83738793501893,428.109784767878,15.143917158766234,15.0,280,0
2025-01-24,B,Ladekabel_Basic,1.120446396761792,15.0,49.20319020473682,859.3124766984798,14.879580292873651,15.0,295,0
2025-01-25,B,Ladekabel_Basic,1.125158080783695,15.0,68.35353323627942,275.4484920731438,14.583535423049224,15.0,241,0
2025-01-26,B,Ladekabel_Basic,1.1298326777651293,15.0,66.44703850716326,844.1810624560259,15.320971969914476,15.0,319,0
2025-01-27,B,Ladekabel_Basic,1.1344688025221232,15.0,40.614840687556814,606.3898806124681,16.29230603823469,15.0,326,0
2025-01-28,B,Ladekabel_Basic,1.1390650812708554,15.0,30.211292081018488,785.9687600746739,16.229442387556315,15.0,367,0
2025-01-29,B,Ladekabel_Basic,1.1436201520347364,15.0,46.955290439065145,742.2466296371244,13.557921170953247,15.0,247,0
2025-01-30,B,Ladekabel_Basic,1.148132665047993,15.0,37.99942153403531,286.7603458463911,15.432804137876357,15.0,271,0
2025-01-31,B,Ladekabel_Basic,1.1526012831556314,15.0,49.04713138076967,611.9314627904856,14.866482532452121,15.0,283,0
2025-02-01,B,Ladekabel_Basic,1.157024682209665,15.0,68.56157202026209,880.9508375245831,15.116366507149017,15.0,329,0
2025-02-02,B,Ladekabel_Basic,1.16140155146149,15.0,43.14047517369815,488.9046131217364,14.70128772484309,15.0,282,0
2025-02-03,B,Ladekabel_Basic,1.1657305939502858,15.0,49.35764928032638,969.931693200985,15.088191472415403,15.0,336,0
2025-02-04,B,Ladekabel_Basic,1.1700105268873353,15.0,50.87034102212593,506.99359009154625,15.113555547054014,15.0,303,0
2025-02-05,B,Ladekabel_Basic,1.1742400820361403,15.0,62.72646323307927,228.50707300109622,14.565786181988308,15.0,232,0
2025-02-06,B,Ladekabel_Basic,1.178418006088229,15.0,16.29665999023092,450.4912120699059,14.327724339131114,15.0,270,0
2025-02-07,B,Ladekabel_Basic,1.1825430610345378,15.0,40.89949557852055,956.5321657514835,14.663478238035387,15.0,301,0
2025-02-08,B,Ladekabel_Basic,1.1866140245322603,15.0,53.16925538419209,387.7487644058688,15.175694448342576,15.0,285,0
2025-02-09,B,Ladekabel_Basic,1.1906296902670532,15.0,68.00118434640292,881.2883438803566,15.449247256263197,15.0,326,0
2025-02-10,B,Ladekabel_Basic,1.1945888683104944,15.0,42.621463287406925,893.1256135137008,15.64001173300511,15.0,364,0
2025-02-11,B,Ladekabel_Basic,1.1984903854726836,15.0,21.85170940937189,415.167871898765,14.629357482699815,15.0,268,0
2025-02-12,B,Ladekabel_Basic,1.2023330856498837,15.0,59.295671689492046,174.93189224556892,15.212883425477052,15.0,263,0
2025-02-13,B,Ladekabel_Basic,1.2061158301671,15.0,40.46956416761556,752.1021182429364,15.721876943964975,15.0,353,0
2025-02-14,B,Ladekabel_Basic,1.209837498115494,15.0,32.15500011364458,380.3610691125874,15.874196171358095,15.0,308,0
2025-02-15,B,Ladekabel_Basic,1.2134969866845324,15.0,40.63481915430164,804.6312528318151,14.955875359401357,15.0,303,0
2025-02-16,B,Ladekabel_Basic,1.2170932114887738,15.0,47.232119635162256,498.3893634343898,14.83430120629529,15.0,270,0
2025-02-17,B,Ladekabel_Basic,1.2206251068891956,15.0,40.92883003192681,536.7400681083594,15.143343175377293,15.0,330,0
2025-02-18,B,Ladekabel_Basic,1.2240916263089665,15.0,16.916509143513963,800.1184660736832,14.137719395326945,15.0,327,0
2025-02-19,B,Ladekabel_Basic,1.2274917425435687,15.0,63.45599295330698,444.12699795546513,14.854792866723368,15.0,315,0
2025-02-20,B,Ladekabel_Basic,1.2308244480651813,15.0,69.12312561918084,498.8146107906231,15.558439798854845,15.0,332,0
2025-02-21,B,Ladekabel_Basic,1.2340887553212325,15.0,59.772829870092586,438.57142189265994,15.481460347082777,15.0,301,0
2025-02-22,B,Ladekabel_Basic,1.2372836970270331,15.0,32.93471494362775,430.60646374955195,14.797299296727083,15.0,275,0
2025-02-23,B,Ladekabel_Basic,1.2404083264524028,15.0,46.97762699078723,573.3519192113134,15.163288650815375,15.0,305,0
2025-02-24,B,Ladekabel_Basic,1.2434617177022083,15.0,49.90218027155813,827.9195000510356,14.381512244781986,15.0,313,0
2025-02-25,B,Ladekabel_Basic,1.2464429659907243,15.0,58.98191584342865,425.5914807303093,15.52761911116877,15.0,330,0
2025-02-26,B,Ladekabel_Basic,1.2493511879097423,15.0,60.02510733077121,571.829248483963,14.941633922897644,15.0,307,0
2025-02-27,B,Ladekabel_Basic,1.2521855216903435,15.0,38.987393018322564,703.6545928983408,14.793036411227897,15.0,310,0
2025-02-28,B,Ladekabel_Basic,1.2549451274582584,15.0,51.2299333462034,342.49550167328954,14.728707122929961,15.0,302,0
2025-03-01,B,Ladekabel_Basic,1.2576291874827408,15.0,56.85920606922862,349.7705244121533,14.952829599825106,15.0,264,0
2025-03-02,B,Ladekabel_Basic,1.260236906418879,15.0,71.83733483220149,940.0718143211093,14.664091766301032,15.0,330,0
2025-03-03,B,Ladekabel_Basic,1.2627675115432728,15.0,60.56759809737085,751.1811159979798,15.493607277001924,15.0,344,0
2025-03-04,B,Ladekabel_Basic,1.265220252983009,15.0,61.83585031063278,619.468008600978,14.703537338987864,15.0,310,0
2025-03-05,B,Ladekabel_Basic,1.2675944039378646,15.0,51.257399418940416,682.9480489785508,16.194723072020537,15.0,312,0
2025-03-06,B,Ladekabel_Basic,1.2698892608956729,15.0,71.15688717805256,126.36949879307653,16.098907877611033,15.0,269,0
2025-03-07,B,Ladekabel_Basic,1.2721041438407907,15.0,56.14644193939246,656.2926690055272,14.33134238260912,15.0,281,0
2025-03-08,B,Ladekabel_Basic,1.2742383964556,15.0,37.08368134739644,558.5579859017818,15.05227820207196,15.0,316,0
2025-03-09,B,Ladekabel_Basic,1.2762913863149903,15.0,71.05054955187786,591.1747118014921,14.512007533997854,15.0,299,0
2025-03-10,B,Ladekabel_Basic,1.278262505073759,15.0,60.46854908808542,423.4814441477354,14.755014327608542,15.0,291,0
2025-03-11,B,Ladekabel_Basic,1.2801511686468776,15.0,43.354339683072766,173.3265079416477,16.5018206007336,15.0,311,0
2025-03-12,B,Ladekabel_Basic,1.2819568173825686,15.0,42.80760548901135,274.00531025084695,14.76932143716315,15.0,268,0
2025-03-13,B,Ladekabel_Basic,1.2836789162281428,15.0,54.448633177111425,955.6702418914045,15.270169527808072,15.0,367,0
2025-03-14,B,Ladekabel_Basic,1.285316954888546,15.0,56.94777192901377,467.82960604384056,15.40599097050621,15.0,313,0
2025-03-15,B,Ladekabel_Basic,1.2868704479775717,15.0,52.9593839844681,520.0148402477778,14.249527970637569,15.0,322,0
2025-03-16,B,Ladekabel_Basic,1.2883389351616903,15.0,54.66963010164328,147.4388108680951,14.358678394193097,15.0,247,0
2025-03-17,B,Ladekabel_Basic,1.2897219812964564,15.0,75.49936061864571,133.80960658958253,14.09548322144391,15.0,250,0
2025-03-18,B,Ladekabel_Basic,1.2910191765554522,15.0,66.07314728352328,745.4633023420819,14.335521949576668,15.0,318,0
2025-03-19,B,Ladekabel_Basic,1.2922301365517261,15.0,52.85953386897537,584.2851977090002,12.862477418012112,15.0,272,0
2025-03-20,B,Ladekabel_Basic,1.293354502451697,15.0,64.11965871151226,557.83538579464,15.408436800595222,15.0,321,0
2025-03-21,B,Ladekabel_Basic,1.2943919410814828,15.0,34.512141447086904,318.81207738040183,16.540645380942053,15.0,366,0
2025-03-22,B,Ladekabel_Basic,1.2953421450256277,15.0,55.968905749202136,770.27565846693,15.110865554277396,15.0,351,0
2025-03-23,B,Ladekabel_Basic,1.2962048327181959,15.0,77.13959524599665,251.4129211976427,13.937798355494543,15.0,254,0
2025-03-24,B,Ladekabel_Basic,1.2969797485262058,15.0,46.729311569114394,270.941269294918,14.517917712825039,15.0,253,0
2025-03-25,B,Ladekabel_Basic,1.2976666628253797,15.0,37.285491070713725,514.6409542134479,14.655842366231251,15.0,327,0
2025-03-26,B,Ladekabel_Basic,1.2982653720681856,15.0,40.21866667110409,357.6518759007468,14.236811417089967,15.0,273,0
2025-03-27,B,Ladekabel_Basic,1.2987756988441537,15.0,33.655504439864174,322.7166831098317,15.645136978796367,15.0,315,0
2025-03-28,B,Ladekabel_Basic,1.2991974919324467,15.0,38.228571378084446,680.7138800979985,15.607695033281502,15.0,367,0
2025-03-29,B,Ladekabel_Basic,1.2995306263466693,15.0,44.442378521149564,685.8745706966901,14.133411154636756,15.0,316,0
2025-03-30,B,Ladekabel_Basic,1.299775003371905,15.0,28.916494712320368,842.0653628199364,15.54381078333563,15.0,385,0
2025-03-31,B,Ladekabel_Basic,1.2999305505939671,15.0,50.234275009244044,475.9377102756783,16.14510949768295,15.0,366,0
2025-04-01,B,Ladekabel_Basic,1.299997221920857,15.0,63.53415760679971,165.77658192353522,16.42691865392217,15.0,304,0
2025-04-02,B,Ladekabel_Basic,1.2999749975964214,15.0,36.38365729779619,346.2997464293119,17.14890901731447,15.0,350,0
2025-04-03,B,Ladekabel_Basic,1.2998638842062071,15.0,72.78925885462654,982.0049168771352,14.323505512917603,15.0,374,0
2025-04-04,B,Ladekabel_Basic,1.29966391467551,15.0,57.66188132791392,636.6327177094319,17.118165319796404,15.0,417,0
2025-04-05,B,Ladekabel_Basic,1.2993751482596176,15.0,65.45870878436087,738.7633763209183,14.734345208618409,15.0,353,0
2025-04-06,B,Ladekabel_Basic,1.298997670526251,15.0,40.132481692217944,106.62204666287309,14.555650908464614,15.0,244,0
2025-04-07,B,Ladekabel_Basic,1.2985315933302093,15.0,62.81787840599924,566.3851589642687,15.245304281158383,15.0,366,0
2025-04-08,B,Ladekabel_Basic,1.2979770547802243,15.0,33.6209914940703,133.77579177862282,14.56345399943024,15.0,1304,1
2025-04-09,B,Ladekabel_Basic,1.2973342191980364,15.0,63.35371251254763,612.3071908823032,15.299283105484896,15.0,333,0
2025-04-10,B,Ladekabel_Basic,1.296603277069702,15.0,52.577590096902966,928.6937646724679,14.009942109197024,15.0,346,0
2025-04-11,B,Ladekabel_Basic,1.2957844449891491,15.0,58.29876829977176,971.577217450367,14.820935548452423,15.0,363,0
2025-04-12,B,Ladekabel_Basic,1.2948779655939946,15.0,32.36608091562722,586.4974078500318,15.964186675771257,15.0,319,0
2025-04-13,B,Ladekabel_Basic,1.2938841074936471,15.0,36.57395236585093,512.3843247269944,14.957204031426633,15.0,332,0
2025-04-14,B,Ladekabel_Basic,1.2928031651897105,15.0,58.95842327380077,950.5153848236446,15.10619684005491,15.0,368,0
2025-04-15,B,Ladekabel_Basic,1.2916354589887185,15.0,35.77477993663699,706.2488487970256,15.356443953537983,15.0,344,0
2025-04-16,B,Ladekabel_Basic,1.2903813349072193,15.0,56.94809438148685,158.40935158456853,15.877996221988246,15.0,1416,1
2025-04-17,B,Ladekabel_Basic,1.2890411645692446,15.0,29.492932903096314,519.1530199007478,13.758581465857924,15.0,242,0
2025-04-18,B,Ladekabel_Basic,1.287615345096189,15.0,62.722613190000025,316.2205166178735,15.438393038878075,15.0,304,0
2025-04-19,B,Ladekabel_Basic,1.2861042989891338,15.0,31.512150278472365,522.8238893038134,14.798895645568678,15.0,324,0
2025-04-20,B,Ladekabel_Basic,1.2845084740036514,15.0,58.284499065192854,509.91901480572557,15.12497842148388,15.0,332,0
2025-04-21,B,Ladekabel_Basic,1.2828283430171261,15.0,59.38446400469002,623.9303225332678,15.794962627321784,15.0,337,0
2025-04-22,B,Ladekabel_Basic,1.2810644038886294,15.0,39.54842272355638,421.0934413143261,14.104360011441116,15.0,289,0
2025-04-23,B,Ladekabel_Basic,1.2792171793113938,15.0,58.7303985062709,247.84340451033526,14.240516668917683,15.0,257,0
2025-04-24,B,Ladekabel_Basic,1.2772872166579279,15.0,53.90663395000334,553.3474911309606,13.548427530214646,15.0,262,0
2025-04-25,B,Ladekabel_Basic,1.275275087817818,15.0,41.91737215710893,847.1825959111859,14.588130793677168,15.0,313,0
2025-04-26,B,Ladekabel_Basic,1.2731813890282648,15.0,34.871679738856876,697.611005260842,15.997824258284114,15.0,359,0
2025-04-27,B,Ladekabel_Basic,1.2710067406974053,15.0,20.560614624911313,404.5310793326943,14.909559608644898,15.0,288,0
2025-04-28,B,Ladekabel_Basic,1.2687517872204728,15.0,55.244750709495406,941.9707204829715,13.99490632825891,15.0,317,0
2025-04-29,B,Ladekabel_Basic,1.266417196788848,15.0,26.52795842956917,920.9868141242639,14.635740941568715,15.0,314,0
2025-04-30,B,Ladekabel_Basic,1.2640036611920606,15.0,51.430162991619625,288.4135594456889,13.884103722382033,15.0,259,0
2025-05-01,B,Ladekabel_Basic,1.2615118956127964,15.0,46.048276758766264,135.47582660832668,14.156110423701628,15.0,224,0
2025-05-02,B,Ladekabel_Basic,1.2589426384149733,15.0,60.187141631572935,767.1778375156861,15.291614182697785,15.0,343,0
2025-05-03,B,Ladekabel_Basic,1.256296650924948,15.0,45.469317507652036,844.849235214238,14.119595005270478,15.0,309,0
2025-05-04,B,Ladekabel_Basic,1.253574717205919,15.0,45.05828320479363,971.0781093562198,15.834475728902476,15.0,378,0
2025-05-05,B,Ladekabel_Basic,1.250777643825591,15.0,60.97806056432443,900.8527546794796,14.946659781877248,15.0,316,0
2025-05-06,B,Ladekabel_Basic,1.2479062596171728,15.0,55.02587043626176,640.4812913857734,15.064196027958396,15.0,324,0
2025-05-07,B,Ladekabel_Basic,1.244961415433775,15.0,54.74233935774168,577.0471052911428,14.79122027429408,15.0,305,0
2025-05-08,B,Ladekabel_Basic,1.2419439838962834,15.0,57.03901384712789,125.05694613632767,15.57963587890779,15.0,271,0
2025-05-09,B,Ladekabel_Basic,1.2388548591347848,15.0,26.966418151893414,321.99080216030006,15.587369915832758,15.0,295,0
2025-05-10,B,Ladekabel_Basic,1.2356949565236144,15.0,61.35183019980473,513.6532765596338,15.25129076393413,15.0,324,0
2025-05-11,B,Ladekabel_Basic,1.232465212410112,15.0,59.187031910204034,665.653510075211,15.423591829430736,15.0,355,0
2025-05-12,B,Ladekabel_Basic,1.2291665838371628,15.0,34.74975307135254,601.5266499865696,14.84093274755968,15.0,310,0
2025-05-13,B,Ladekabel_Basic,1.2258000482596025,15.0,46.33879289488698,768.3723907135214,15.406652255181788,15.0,379,0
2025-05-14,B,Ladekabel_Basic,1.2223666032545788,15.0,49.41039068558553,351.79023779833676,14.746591668394645,15.0,259,0
2025-05-15,B,Ladekabel_Basic,1.2188672662259463,15.0,47.98254823397401,608.4573468872259,15.0016737166218,15.0,258,0
2025-05-16,B,Ladekabel_Basic,1.2153030741027886,15.0,55.00789949852802,179.32801905171291,14.794017187975278,15.0,243,0
2025-05-17,B,Ladekabel_Basic,1.2116750830321534,15.0,71.47050172746775,472.29897122488626,14.657086095510603,15.0,311,0
2025-05-18,B,Ladekabel_Basic,1.2079843680660933,15.0,66.22650091509243,775.1447496591409,14.483166151708657,15.0,308,0
2025-05-19,B,Ladekabel_Basic,1.204232022843105,15.0,30.316712098528907,724.0607680861397,15.350767577894164,15.0,312,0
2025-05-20,B,Ladekabel_Basic,1.20041915926406,15.0,59.33104985459073,991.5784634549611,15.982954434610097,15.0,379,0
2025-05-21,B,Ladekabel_Basic,1.1965469071627255,15.0,69.93399979303115,350.1020133889804,15.87832647875217,15.0,328,0
2025-05-22,B,Ladekabel_Basic,1.1926164139709692,15.0,55.80212781033804,548.3703692565812,14.057575998040923,15.0,259,0
2025-05-23,B,Ladekabel_Basic,1.1886288443787503,15.0,66.3647063777895,396.57737239659707,15.966902288555154,15.0,319,0
2025-05-24,B,Ladekabel_Basic,1.1845853799889983,15.0,80.18405668551148,496.54280265325724,14.761381123786553,15.0,298,0
2025-05-25,B,Ladekabel_Basic,1.1804872189674769,15.0,65.35564319160473,871.2551168824493,15.450549761359193,15.0,339,0
2025-05-26,B,Ladekabel_Basic,1.176335575687742,15.0,53.739628934625934,715.7881676696379,14.320338500964592,15.0,294,0
2025-05-27,B,Ladekabel_Basic,1.1721316803712973,15.0,65.6763271112713,894.1970722128235,15.106484935405502,15.0,328,0
2025-05-28,B,Ladekabel_Basic,1.1678767787230528,15.0,52.173317496453365,283.1599974986978,15.23529238717268,15.0,301,0
2025-05-29,B,Ladekabel_Basic,1.1635721315621952,15.0,50.35854564927433,886.0250060572941,13.88654640606026,15.0,253,0
2025-05-30,B,Ladekabel_Basic,1.1592190144485799,15.0,44.72878646429401,153.786046760546,15.456200374758142,15.0,233,0
2025-05-31,B,Ladekabel_Basic,1.154818717304756,15.0,73.45120038248163,899.7393523934372,16.009451255878737,15.0,335,0
2025-06-01,B,Ladekabel_Basic,1.1503725440337327,15.0,37.72357001086998,396.1664015146551,14.86901404073878,15.0,274,0
2025-06-02,B,Ladekabel_Basic,1.145881812132607,15.0,72.98551587017174,383.1288700726598,16.020126098121008,15.0,312,0
2025-06-03,B,Ladekabel_Basic,1.1413478523021592,15.0,57.49796185610557,560.8797190287976,14.857729879910694,15.0,300,0
2025-06-04,B,Ladekabel_Basic,1.1367720080525376,15.0,29.010407377970882,946.6211689509086,15.637188398284962,15.0,348,0
2025-06-05,B,Ladekabel_Basic,1.1321556353051485,15.0,55.51473939487132,143.00322821326483,13.336072525536675,15.0,196,0
2025-06-06,B,Ladekabel_Basic,1.1275001019908664,15.0,18.49960238522564,417.0078775636708,16.814083334485098,15.0,332,0
2025-06-07,B,Ladekabel_Basic,1.1228067876446863,15.0,59.382620252465536,870.9147898150021,16.12159368393222,15.0,361,0
2025-06-08,B,Ladekabel_Basic,1.11807708299694,15.0,63.278472244834866,456.4490296919201,14.78653087180974,15.0,248,0
2025-06-09,B,Ladekabel_Basic,1.1133123895611894,15.0,41.1146606652192,279.2412078373603,13.520933230017137,15.0,225,0
2025-06-10,B,Ladekabel_Basic,1.1085141192189303,15.0,51.85321543933374,482.3147631982706,15.216021276229117,15.0,285,0
2025-06-11,B,Ladekabel_Basic,1.10368369380122,15.0,79.31236150625429,446.99725134250235,13.917055839694683,15.0,252,0
2025-06-12,B,Ladekabel_Basic,1.0988225446673592,15.0,42.41379943607095,923.8745813200331,15.333640153168117,15.0,310,0
2025-06-13,B,Ladekabel_Basic,1.0939321122807482,15.0,34.11638619415099,785.7409381687874,15.308674289373213,15.0,288,0
2025-06-14,B,Ladekabel_Basic,1.0890138457820473,15.0,72.22495103693898,554.6040001696057,14.293947623248481,15.0,246,0
2025-06-15,B,Ladekabel_Basic,1.0840692025597647,15.0,79.43880785796192,989.533510049414,15.840725267710782,15.0,315,0
2025-06-16,B,Ladekabel_Basic,1.079099647818402,15.0,50.05543507771771,518.749778148331,15.60418102710463,15.0,292,0
2025-06-17,B,Ladekabel_Basic,1.0741066541442807,15.0,65.17194553112535,152.41404773824772,15.731867502966422,15.0,243,0
2025-06-18,B,Ladekabel_Basic,1.0690917010691836,15.0,70.12213873296322,336.0468896334864,15.006643277751673,15.0,202,0
2025-06-19,B,Ladekabel_Basic,1.0640562746319389,15.0,38.86273651192424,492.46343219738134,13.93835694981472,15.0,250,0
2025-06-20,B,Ladekabel_Basic,1.059001866938073,15.0,42.72041246948198,241.21236173150808,15.733404204158353,15.0,253,0
2025-06-21,B,Ladekabel_Basic,1.0539299757176688,15.0,68.46311769732102,952.8086136916387,14.797221450648156,15.0,271,0
2025-06-22,B,Ladekabel_Basic,1.0488421038815552,15.0,75.27521418062764,790.1640080359958,13.957664892605498,15.0,251,0
2025-06-23,B,Ladekabel_Basic,1.0437397590759625,15.0,58.44321290261532,341.45848038499537,16.014029524480744,15.0,287,0
2025-06-24,B,Ladekabel_Basic,1.0386244532357745,15.0,36.802784697469185,631.7240801661243,16.574555640376882,15.0,312,0
2025-06-25,B,Ladekabel_Basic,1.0334977021365086,15.0,79.80591667549162,749.3042413986149,14.969063903265598,15.0,258,0
2025-06-26,B,Ladekabel_Basic,1.0283610249451598,15.0,42.03543653282053,947.1510360161182,16.61934086595247,15.0,350,0
2025-06-27,B,Ladekabel_Basic,1.023215943770039,15.0,44.97293328242822,893.4718142578696,15.068486046458514,15.0,296,0
2025-06-28,B,Ladekabel_Basic,1.018063983209738,15.0,55.135067517344325,563.6730035243924,14.714658071875238,15.0,266,0
2025-06-29,B,Ladekabel_Basic,1.0129066699013591,15.0,73.31240631072161,797.1873578137158,14.52715615936089,15.0,242,0
2025-06-30,B,Ladekabel_Basic,1.0077455320681399,15.0,62.80963964828336,605.9302784448265,16.227811805994556,15.0,300,0
2025-07-01,B,Ladekabel_Basic,1.0025820990666066,15.0,56.22298250542866,597.4335010409861,14.41489208895917,15.0,238,0
2025-07-02,B,Ladekabel_Basic,0.9974179009333936,15.0,56.94932795177159,203.2677625043727,15.551451982481241,15.0,225,0
2025-07-03,B,Ladekabel_Basic,0.9922544679318602,15.0,50.65272002965199,213.52389221453686,14.580627123705593,15.0,189,0
2025-07-04,B,Ladekabel_Basic,0.9870933300986409,15.0,58.3720927177776,576.5802535202117,14.654769928069229,15.0,258,0
2025-07-05,B,Ladekabel_Basic,0.9819360167902622,15.0,12.056598834585454,341.97539048110593,15.772687270477174,15.0,248,0
2025-07-06,B,Ladekabel_Basic,0.976784056229961,15.0,45.55088811395302,118.93321221442177,14.714972365282986,15.0,193,0
2025-07-07,B,Ladekabel_Basic,0.9716389750548402,15.0,53.61982902375171,750.5552835101911,14.69640346543478,15.0,256,0
2025-07-08,B,Ladekabel_Basic,0.9665022978634916,15.0,32.73478874570739,129.23793702114847,15.849603522881104,15.0,206,0
2025-07-09,B,Ladekabel_Basic,0.9613755467642258,15.0,55.7948497671734,635.7491569936491,16.198047969916217,15.0,286,0
2025-07-10,B,Ladekabel_Basic,0.9562602409240377,15.0,46.932931685208175,585.2744147145829,15.483517352463176,15.0,252,0
2025-07-11,B,Ladekabel_Basic,0.951157896118445,15.0,76.33213547473235,971.933221520024,14.508922668282038,15.0,244,0
2025-07-12,B,Ladekabel_Basic,0.9460700242823313,15.0,73.59529587822286,535.7918254128775,14.617043625526815,15.0,201,0
2025-07-13,B,Ladekabel_Basic,0.9409981330619271,15.0,43.012916463227555,157.24129274001763,15.059936447805027,15.0,191,0
2025-07-14,B,Ladekabel_Basic,0.9359437253680613,15.0,47.73743432649957,596.5191710258155,15.240697546444244,15.0,239,0
2025-07-15,B,Ladekabel_Basic,0.9309082989308164,15.0,48.89078651587411,856.9865535544913,14.259100567395171,15.0,237,0
2025-07-16,B,Ladekabel_Basic,0.9258933458557195,15.0,43.22510785760566,997.1643558532959,15.542278454684897,15.0,262,0
2025-07-17,B,Ladekabel_Basic,0.9209003521815978,15.0,52.9253747604219,487.30885632016526,15.064134997229697,15.0,211,0
2025-07-18,B,Ladekabel_Basic,0.9159307974402352,15.0,38.625768966686145,388.26886824706827,13.713218761021404,15.0,193,0
2025-07-19,B,Ladekabel_Basic,0.9109861542179529,15.0,33.0407699759371,915.987967256799,14.303305138154453,15.0,248,0
2025-07-20,B,Ladekabel_Basic,0.906067887719252,15.0,59.340668358504026,272.1179161685092,14.621903494761252,15.0,193,0
2025-07-21,B,Ladekabel_Basic,0.9011774553326409,15.0,59.442943763327165,653.8860235296339,14.94535673336921,15.0,243,0
2025-07-22,B,Ladekabel_Basic,0.89631630619878,15.0,37.93526360510011,465.14298176285297,16.416959096628,15.0,261,0
2025-07-23,B,Ladekabel_Basic,0.8914858807810697,15.0,63.430331461438996,136.97412845999975,15.178628479604722,15.0,200,0
2025-07-24,B,Ladekabel_Basic,0.8866876104388106,15.0,40.52633406252003,412.559626875128,14.36942108257603,15.0,204,0
2025-07-25,B,Ladekabel_Basic,0.88192291700306,15.0,53.797478570569716,338.7056702524071,15.165473103230374,15.0,202,0
2025-07-26,B,Ladekabel_Basic,0.8771932123553137,15.0,62.30516018918684,717.4820385491382,14.735934189409589,15.0,226,0
2025-07-27,B,Ladekabel_Basic,0.8724998980091339,15.0,49.4958115294443,953.9114479227263,15.243568679650156,15.0,231,0
2025-07-28,B,Ladekabel_Basic,0.8678443646948515,15.0,56.82111368211702,341.24246864077395,15.43542576527671,15.0,198,0
2025-07-29,B,Ladekabel_Basic,0.8632279919474624,15.0,42.25355534168642,830.3193452365135,15.906922985417955,15.0,254,0
2025-07-30,B,Ladekabel_Basic,0.8586521476978408,15.0,47.05300124857854,149.82383524456856,14.98178512824748,15.0,175,0
2025-07-31,B,Ladekabel_Basic,0.8541181878673929,15.0,46.9121085367949,584.3089090358319,16.229220395699876,15.0,222,0
2025-08-01,B,Ladekabel_Basic,0.8496274559662673,15.0,38.80132480189641,163.49505733890513,15.681016996902144,15.0,189,0
2025-08-02,B,Ladekabel_Basic,0.8451812826952443,15.0,47.348387553263265,940.6296920175754,14.46942034139086,15.0,222,0
2025-08-03,B,Ladekabel_Basic,0.8407809855514201,15.0,26.7707255170438,789.7161525016512,16.657391749311348,15.0,273,0
2025-08-04,B,Ladekabel_Basic,0.8364278684378048,15.0,42.63269379286843,692.1549200841331,15.245245884952572,15.0,228,0
2025-08-05,B,Ladekabel_Basic,0.8321232212769472,15.0,45.726867599454934,841.5067434621978,14.373656622020823,15.0,233,0
2025-08-06,B,Ladekabel_Basic,0.8278683196287027,15.0,46.157303712569295,682.7678160131468,16.239684788422817,15.0,260,0
2025-08-07,B,Ladekabel_Basic,0.823664424312258,15.0,46.377538311938316,972.049957456862,16.558333188898832,15.0,269,0
2025-08-08,B,Ladekabel_Basic,0.8195127810325232,15.0,49.073537002098064,742.5621530782944,14.97523105221033,15.0,231,0
2025-08-09,B,Ladekabel_Basic,0.8154146200110017,15.0,57.19162277129096,932.1927486240221,14.622262304718303,15.0,207,0
2025-08-10,B,Ladekabel_Basic,0.8113711556212496,15.0,63.11775611198784,565.4187028095743,14.870718781909753,15.0,224,0
2025-08-11,B,Ladekabel_Basic,0.8073835860290309,15.0,40.25352159727599,205.3579716836764,15.536048795638274,15.0,189,0
2025-08-12,B,Ladekabel_Basic,0.8034530928372745,15.0,31.951987169162834,575.3599492807155,15.958392491272887,15.0,240,0
2025-08-13,B,Ladekabel_Basic,0.79958084073594,15.0,34.36933381635345,214.18554525678397,15.42786549814768,15.0,177,0
2025-08-14,B,Ladekabel_Basic,0.7957679771568953,15.0,42.69195618207609,633.2441312587646,15.07629240635383,15.0,197,0
2025-08-15,B,Ladekabel_Basic,0.7920156319339069,15.0,44.72118023275237,534.2437544748966,16.123508827728323,15.0,216,0
2025-08-16,B,Ladekabel_Basic,0.7883249169678468,15.0,38.45005900703814,660.3178580495036,14.765372645211357,15.0,214,0
2025-08-17,B,Ladekabel_Basic,0.7846969258972115,15.0,30.558250036251582,109.04228294934843,15.77318950377518,15.0,148,0
2025-08-18,B,Ladekabel_Basic,0.7811327337740537,15.0,43.15818758788718,275.3564424898277,14.78395290123654,15.0,178,0
2025-08-19,B,Ladekabel_Basic,0.7776333967454213,15.0,52.72139930170957,542.1973887209178,15.32326721850817,15.0,203,0
2025-08-20,B,Ladekabel_Basic,0.7741999517403975,15.0,58.92544198753347,955.4532054302214,14.914828076407161,15.0,187,0
2025-08-21,B,Ladekabel_Basic,0.7708334161628372,15.0,41.63865420337518,445.2481363196426,14.958110863010392,15.0,176,0
2025-08-22,B,Ladekabel_Basic,0.7675347875898878,15.0,43.80503266784849,481.9348234482712,14.716960111903342,15.0,184,0
2025-08-23,B,Ladekabel_Basic,0.7643050434763856,15.0,36.09952536729034,743.2264801059599,16.00864052338552,15.0,234,0
2025-08-24,B,Ladekabel_Basic,0.7611451408652155,15.0,49.528412444378354,643.4134815575062,14.450305471418599,15.0,188,0
2025-08-25,B,Ladekabel_Basic,0.7580560161037166,15.0,37.27357048713778,369.0335350884999,14.444825810588467,15.0,160,0
2025-08-26,B,Ladekabel_Basic,0.7550385845662253,15.0,58.596917198618,469.734756010685,16.590745174383834,15.0,221,0
2025-08-27,B,Ladekabel_Basic,0.7520937403828272,15.0,23.212002620988333,295.92981897150923,15.73338567349075,15.0,192,0
2025-08-28,B,Ladekabel_Basic,0.7492223561744091,15.0,44.60555491321307,969.4193132171877,13.211164725980224,15.0,146,0
2025-08-29,B,Ladekabel_Basic,0.7464252827940809,15.0,54.51661008787613,217.57094340162377,14.576055945592197,15.0,178,0
2025-08-30,B,Ladekabel_Basic,0.743703349075052,15.0,52.757517744837564,434.6531061097775,13.64100799682846,15.0,149,0
2025-08-31,B,Ladekabel_Basic,0.7410573615850266,15.0,90.39550495970745,123.25507499801007,14.28698197993856,15.0,131,0
2025-09-01,B,Ladekabel_Basic,0.7384881043872035,15.0,55.24700036851861,299.60154274019175,12.64611400032447,15.0,126,0
2025-09-02,B,Ladekabel_Basic,0.7359963388079394,15.0,34.93918104736985,802.4240245421395,14.897257816729542,15.0,216,0
2025-09-03,B,Ladekabel_Basic,0.7335828032111521,15.0,48.5680362936639,281.0577090599915,14.143543635629015,15.0,180,0
2025-09-04,B,Ladekabel_Basic,0.7312482127795273,15.0,23.35630499800322,172.05706227606905,15.04492894259733,15.0,177,0
2025-09-05,B,Ladekabel_Basic,0.7289932593025947,15.0,48.791003760548584,527.007861860071,13.781159055838106,15.0,129,0
2025-09-06,B,Ladekabel_Basic,0.7268186109717352,15.0,37.50415914498862,108.97231126106665,15.06218388987903,15.0,136,0
2025-09-07,B,Ladekabel_Basic,0.7247249121821819,15.0,63.730854133402424,176.28953898369986,14.688812791409754,15.0,151,0
2025-09-08,B,Ladekabel_Basic,0.722712783342072,15.0,41.756895881066974,826.8632826066776,16.12646472389145,15.0,227,0
2025-09-09,B,Ladekabel_Basic,0.7207828206886062,15.0,48.2485112630713,794.3260103736458,16.058517646309216,15.0,210,0
2025-09-10,B,Ladekabel_Basic,0.7189355961113706,15.0,40.46663237893395,923.6249383644064,15.58900920225771,15.0,192,0
2025-09-11,B,Ladekabel_Basic,0.7171716569828739,15.0,76.08277027779997,869.0638923196746,14.755039664504089,15.0,162,0
2025-09-12,B,Ladekabel_Basic,0.7154915259963486,15.0,45.18135850823133,714.8580069158363,16.48903529644522,15.0,222,0
2025-09-13,B,Ladekabel_Basic,0.7138957010108664,15.0,77.48835565218803,147.09957157059657,13.835223541620135,15.0,114,0
2025-09-14,B,Ladekabel_Basic,0.7123846549038111,15.0,62.212276431774,804.5637561879918,13.947331027827252,15.0,156,0
2025-09-15,B,Ladekabel_Basic,0.7109588354307554,15.0,57.231000910030794,860.9597297565044,14.9371626750832,15.0,180,0
2025-09-16,B,Ladekabel_Basic,0.7096186650927807,15.0,55.530997209762795,819.173931194759,16.69052858169084,15.0,243,0
2025-09-17,B,Ladekabel_Basic,0.7083645410112817,15.0,55.906959473243774,557.6311317772235,14.848245819847435,15.0,186,0
2025-09-18,B,Ladekabel_Basic,0.7071968348102895,15.0,21.08491130981585,309.61165478453347,14.862566067593038,15.0,155,0
2025-09-19,B,Ladekabel_Basic,0.706115892506353,15.0,45.81674908773865,860.796978119854,13.918567232916143,15.0,157,0
2025-09-20,B,Ladekabel_Basic,0.7051220344060054,15.0,62.67736956776482,754.4465287661246,15.709447188952783,15.0,176,0
2025-09-21,B,Ladekabel_Basic,0.7042155550108509,15.0,49.26654224788842,982.6850569499665,15.714882190747016,15.0,244,0
2025-09-22,B,Ladekabel_Basic,0.703396722930298,15.0,28.922152297946376,240.1233379803396,15.591806401049933,15.0,149,0
2025-09-23,B,Ladekabel_Basic,0.7026657808019636,15.0,49.213933241337955,303.0981247468496,14.528084495364478,15.0,157,0
2025-09-24,B,Ladekabel_Basic,0.7020229452197757,15.0,75.56158274383237,290.6183348933524,14.469969923720246,15.0,160,0
2025-09-25,B,Ladekabel_Basic,0.7014684066697907,15.0,68.70337573302079,813.2857908592031,14.030158312196273,15.0,184,0
2025-09-26,B,Ladekabel_Basic,0.7010023294737491,15.0,49.069939859509525,268.21656680510637,15.062904376320702,15.0,159,0
2025-09-27,B,Ladekabel_Basic,0.7006248517403824,15.0,64.2717391558713,159.9938468409755,14.189694503041125,15.0,140,0
2025-09-28,B,Ladekabel_Basic,0.70033608532449,15.0,44.50239469447922,998.7047259270657,14.116937621063034,15.0,168,0
2025-09-29,B,Ladekabel_Basic,0.7001361157937929,15.0,24.441926197599216,122.33549030063423,14.682231962316992,15.0,118,0
2025-09-30,B,Ladekabel_Basic,0.7000250024035786,15.0,36.133010178056686,851.719654142979,14.633132868611838,15.0,171,0
2025-10-01,B,Ladekabel_Basic,0.7000027780791429,15.0,73.44333152762297,428.8301573955875,14.596516103383534,15.0,143,0
2025-10-02,B,Ladekabel_Basic,0.7000694494060328,15.0,45.89010377256044,857.4539137820337,15.349833447630196,15.0,209,0
2025-10-03,B,Ladekabel_Basic,0.7002249966280949,15.0,46.34924030937473,599.1584420900305,15.05928585161271,15.0,172,0
2025-10-04,B,Ladekabel_Basic,0.7004693736533307,15.0,45.502427055876794,911.4681065377241,14.783882977116662,15.0,178,0
2025-10-05,B,Ladekabel_Basic,0.7008025080675533,15.0,78.56204884359511,933.573687773164,15.137259696233613,15.0,169,0
2025-10-06,B,Ladekabel_Basic,0.7012243011558463,15.0,74.38938373043095,108.1883631526984,14.256354719171526,15.0,123,0
2025-10-07,B,Ladekabel_Basic,0.7017346279318144,15.0,83.281703501722,167.87095839350943,15.078958967932257,15.0,141,0
2025-10-08,B,Ladekabel_Basic,0.7023333371746203,15.0,47.61432184399923,325.32285661376994,15.112951869633475,15.0,166,0
2025-10-09,B,Ladekabel_Basic,0.7030202514737941,15.0,54.434367331206424,702.3838747271515,13.87271485548189,15.0,172,0
2025-10-10,B,Ladekabel_Basic,0.7037951672818041,15.0,27.250361758688133,899.4449768603554,15.746770315777773,15.0,220,0
2025-10-11,B,Ladekabel_Basic,0.7046578549743723,15.0,72.15401639177412,513.9477561645665,14.338924721079755,15.0,183,0
2025-10-12,B,Ladekabel_Basic,0.7056080589185172,15.0,32.48330673098098,646.2758046468389,15.067732349404825,15.0,204,0
2025-10-13,B,Ladekabel_Basic,0.706645497548303,15.0,53.251633456439436,269.64986751600503,15.873308805401454,15.0,170,0
2025-10-14,B,Ladekabel_Basic,0.7077698634482739,15.0,33.540462085507336,824.4701504935168,15.694257568285403,15.0,231,0
2025-10-15,B,Ladekabel_Basic,0.7089808234445478,15.0,41.16699759891956,970.5953002181228,15.025750041426628,15.0,221,0
2025-10-16,B,Ladekabel_Basic,0.7102780187035436,15.0,37.441063534254496,341.7390396231377,14.72812574783845,15.0,165,0
2025-10-17,B,Ladekabel_Basic,0.7116610648383097,15.0,40.881871089862734,545.3433564404917,15.710633931431676,15.0,185,0
2025-10-18,B,Ladekabel_Basic,0.7131295520224283,15.0,41.91315945276532,177.5044994557364,15.506021233356464,15.0,163,0
2025-10-19,B,Ladekabel_Basic,0.7146830451114539,15.0,41.775968076123846,603.2229908166715,14.536226234966904,15.0,166,0
2025-10-20,B,Ladekabel_Basic,0.7163210837718572,15.0,62.50000867670461,552.5050976620125,14.403829764748732,15.0,169,0
2025-10-21,B,Ladekabel_Basic,0.7180431826174314,15.0,33.4270581040622,229.99283573956984,13.445733613728002,15.0,143,0
2025-10-22,B,Ladekabel_Basic,0.7198488313531224,15.0,53.308121405208006,497.85959180626753,15.11552388126269,15.0,197,0
2025-10-23,B,Ladekabel_Basic,0.7217374949262411,15.0,68.26938728458337,400.69418687790693,14.937976691236202,15.0,178,0
2025-10-24,B,Ladekabel_Basic,0.7237086136850096,15.0,42.30205453229906,569.6477877746704,15.852143530981905,15.0,200,0
2025-10-25,B,Ladekabel_Basic,0.7257616035443999,15.0,39.23121663878597,627.0889018859193,15.269291320110275,15.0,185,0
2025-10-26,B,Ladekabel_Basic,0.7278958561592092,15.0,46.542130622296234,107.64602074648856,16.000671895629516,15.0,150,0
2025-10-27,B,Ladekabel_Basic,0.730110739104327,15.0,67.69587812541066,784.9053846545999,14.476976829062872,15.0,164,0
2025-10-28,B,Ladekabel_Basic,0.7324055960621354,15.0,52.911614464300364,741.7128626755667,15.853612748225714,15.0,211,0
2025-10-29,B,Ladekabel_Basic,0.7347797470169909,15.0,42.03178558088602,429.65774758586997,14.603312715671509,15.0,159,0
2025-10-30,B,Ladekabel_Basic,0.737232488456727,15.0,57.2581497678206,147.64234201193642,15.583197046344203,15.0,135,0
2025-10-31,B,Ladekabel_Basic,0.7397630935811209,15.0,33.46561775245365,779.4392858065453,13.905931205601979,15.0,179,0
2025-11-01,B,Ladekabel_Basic,0.7423708125172591,15.0,60.22039265664422,959.6576444303192,15.176351474524642,15.0,209,0
2025-11-02,B,Ladekabel_Basic,0.7450548725417416,15.0,56.12910961552651,316.13643641981275,13.511484043915567,15.0,149,0
2025-11-03,B,Ladekabel_Basic,0.7478144783096565,15.0,45.38287293291674,391.1721523633341,14.799646885543684,15.0,162,0
2025-11-04,B,Ladekabel_Basic,0.7506488120902577,15.0,37.421213023291536,265.43160053363346,15.330265495408435,15.0,174,0
2025-11-05,B,Ladekabel_Basic,0.7535570340092757,15.0,36.69978616574814,619.2425110103557,14.609273586576679,15.0,185,0
2025-11-06,B,Ladekabel_Basic,0.7565382822977917,15.0,58.02226004518865,239.35725518270945,14.212171778433024,15.0,161,0
2025-11-07,B,Ladekabel_Basic,0.7595916735475969,15.0,68.43470753733592,420.5745491152415,15.63458885197195,15.0,183,0
2025-11-08,B,Ladekabel_Basic,0.7627163029729668,15.0,40.44038379456808,727.3117125408367,14.922402907614806,15.0,220,0
2025-11-09,B,Ladekabel_Basic,0.7659112446787673,15.0,56.87580055327226,604.1043847084136,14.632822014726996,15.0,203,0
2025-11-10,B,Ladekabel_Basic,0.7691755519348186,15.0,18.69459472096897,447.81630789514173,15.031421940865707,15.0,190,0
2025-11-11,B,Ladekabel_Basic,0.7725082574564313,15.0,41.230734040142,478.22464162678773,16.97750185645919,15.0,241,0
2025-11-12,B,Ladekabel_Basic,0.7759083736910335,15.0,49.53411600693647,605.8997943609065,15.865127137336156,15.0,210,0
2025-11-13,B,Ladekabel_Basic,0.7793748931108042,15.0,36.354748745272495,105.27825509844517,15.87193025114088,15.0,162,0
2025-11-14,B,Ladekabel_Basic,0.7829067885112263,15.0,35.95240437815606,170.65888160824886,15.326659739244272,15.0,169,0
2025-11-15,B,Ladekabel_Basic,0.7865030133154675,15.0,39.98330665296671,893.1322609867104,15.124863954432861,15.0,198,0
2025-11-16,B,Ladekabel_Basic,0.7901625018845059,15.0,54.3828909248956,170.09109018216168,13.202938283752188,15.0,133,0
2025-11-17,B,Ladekabel_Basic,0.7938841698328998,15.0,47.19006472390438,736.1232365894547,14.49076474015265,15.0,178,0
2025-11-18,B,Ladekabel_Basic,0.7976669143501163,15.0,16.426531500125417,928.0343476981474,14.639569190098143,15.0,213,0
2025-11-19,B,Ladekabel_Basic,0.8015096145273163,15.0,18.189497710474008,343.615243871558,13.59383095196435,15.0,173,0
2025-11-20,B,Ladekabel_Basic,0.8054111316895054,15.0,40.89702233214237,433.44229335356283,14.131938157338425,15.0,180,0
2025-11-21,B,Ladekabel_Basic,0.8093703097329468,15.0,56.86529879080328,612.0292652602446,13.514372646808026,15.0,156,0
2025-11-22,B,Ladekabel_Basic,0.8133859754677396,15.0,8.78742735912148,893.5380726747262,14.971257123226971,15.0,260,0
2025-11-23,B,Ladekabel_Basic,0.8174569389654621,15.0,42.50404735772554,947.7150285343781,15.614074478136613,15.0,250,0
2025-11-24,B,Ladekabel_Basic,0.8215819939117708,15.0,42.106282152238684,765.6069233001413,15.830080888968245,15.0,229,0
2025-11-25,B,Ladekabel_Basic,0.8257599179638596,15.0,70.82506667312671,177.95778476922462,15.31108834655943,15.0,191,0
2025-11-26,B,Ladekabel_Basic,0.8299894731126645,15.0,44.22467282430704,702.2387399813657,14.277452744101074,15.0,208,0
2025-11-27,B,Ladekabel_Basic,0.8342694060497139,15.0,55.74483477111393,469.2733496853959,13.55095113111003,15.0,153,0
2025-11-28,B,Ladekabel_Basic,0.8385984485385103,15.0,52.118857101311946,523.6308995419554,13.682348475448874,15.0,192,0
2025-11-29,B,Ladekabel_Basic,0.842975317790335,15.0,18.04150280289199,144.23355131065932,14.048263067059127,15.0,161,0
2025-11-30,B,Ladekabel_Basic,0.8473987168443687,15.0,61.52310824947606,271.9559254117224,14.333355226473243,15.0,188,0
2025-12-01,B,Ladekabel_Basic,0.8518673349520067,15.0,53.23094758184432,811.462246780283,14.880188626506309,15.0,222,0
2025-12-02,B,Ladekabel_Basic,0.8563798479652636,15.0,57.62402959511884,508.5629497430738,14.239376836404773,15.0,204,0
2025-12-03,B,Ladekabel_Basic,0.8609349187291446,15.0,108.8935655965449,371.496017468034,15.254231920251195,15.0,185,0
2025-12-04,B,Ladekabel_Basic,0.8655311974778768,15.0,18.738305907521173,445.6171665684623,14.825794872900394,15.0,209,0
2025-12-05,B,Ladekabel_Basic,0.8701673222348705,15.0,75.87044974641663,868.9595619931122,15.00790928380577,15.0,222,0
2025-12-06,B,Ladekabel_Basic,0.8748419192163049,15.0,45.688287208994666,774.0991156644612,15.855187914503404,15.0,236,0
2025-12-07,B,Ladekabel_Basic,0.8795536032382079,15.0,54.30993356604514,345.0838574629745,14.114826199349723,15.0,187,0
2025-12-08,B,Ladekabel_Basic,0.8843009781269178,15.0,49.31731632048137,205.75165619113596,15.314028433719278,15.0,178,0
2025-12-09,B,Ladekabel_Basic,0.889082637132798,15.0,43.63645499902935,326.7983994796645,14.989520078642945,15.0,202,0
2025-12-10,B,Ladekabel_Basic,0.8938971633470884,15.0,41.45250607641862,928.6808059492603,14.74988528927273,15.0,251,0
2025-12-11,B,Ladekabel_Basic,0.898743130121766,15.0,54.942631033595134,623.4299540647798,15.66394224064947,15.0,252,0
2025-12-12,B,Ladekabel_Basic,0.9036191014922904,15.0,27.242394549924814,580.1321878703046,15.659260615917757,15.0,248,0
2025-12-13,B,Ladekabel_Basic,0.9085236326031132,15.0,61.258687512826484,636.7542397232154,14.290131903008678,15.0,232,0
2025-12-14,B,Ladekabel_Basic,0.9134552701358171,15.0,43.757083926721194,429.42543917186373,14.863379562106557,15.0,223,0
2025-12-15,B,Ladekabel_Basic,0.9184125527397684,15.0,33.048959914394636,826.3963182875615,15.210908761938049,15.0,271,0
2025-12-16,B,Ladekabel_Basic,0.9233940114651435,15.0,43.24980713006279,570.9576243702248,14.795244938983062,15.0,240,0
2025-12-17,B,Ladekabel_Basic,0.928398170198215,15.0,68.85723825293859,205.073112491916,15.43876599921585,15.0,201,0
2025-12-18,B,Ladekabel_Basic,0.93342354609875,15.0,41.969973694756646,216.15861234615667,15.210894013432707,15.0,205,0
2025-12-19,B,Ladekabel_Basic,0.9384686500394143,15.0,55.37680427314431,583.1732318523565,16.37442093026701,15.0,288,0
2025-12-20,B,Ladekabel_Basic,0.9435319870470268,15.0,39.0356558642679,942.9131962637553,13.852290648052659,15.0,246,0
2025-12-21,B,Ladekabel_Basic,0.9486120567455567,15.0,61.368827748854294,377.51690950857886,14.908173007689452,15.0,232,0
2025-12-22,B,Ladekabel_Basic,0.9537073538007157,15.0,60.282616081853064,882.5870519732964,14.318623116365858,15.0,243,0
2025-12-23,B,Ladekabel_Basic,0.9588163683660205,15.0,77.72913249944617,787.6860279209914,15.453080591579283,15.0,272,0
2025-12-24,B,Ladekabel_Basic,0.9639375865301942,15.0,47.36654081751177,323.03119861621616,13.787121082465841,15.0,217,0
2025-12-25,B,Ladekabel_Basic,0.9690694907657693,15.0,60.0298220713686,132.70667348461822,15.259734532668665,15.0,210,0
2025-12-26,B,Ladekabel_Basic,0.974210560378766,15.0,51.47101309308417,191.66253862814446,14.527463676488743,15.0,192,0
2025-12-27,B,Ladekabel_Basic,0.9793592719593038,15.0,69.43807672794522,755.6445404626962,14.449378600409238,15.0,242,0
2025-12-28,B,Ladekabel_Basic,0.9845140998330237,15.0,39.21751418586904,279.702764236582,13.915126347344485,15.0,210,0
2025-12-29,B,Ladekabel_Basic,0.9896735165131763,15.0,61.17507969315922,434.14382845485443,14.651193040349245,15.0,230,0
2025-12-30,B,Ladekabel_Basic,0.9948359931532494,15.0,47.079540558249775,551.5292494057824,15.813375397718195,15.0,258,0
2025-12-31,B,Ladekabel_Basic,1.0000000000000002,15.0,49.037177343372534,752.9213516051466,14.98110848735289,15.0,248,0
